mtllib DolKaron.mtl

v 1.367506 7.347480 0.407949
v 1.716501 7.336174 0.471001
v 1.697534 7.474025 0.222099
v 1.389386 7.456857 0.241700
v 1.397469 6.968674 0.722526
v 1.699872 6.990388 0.744546
v 2.001922 7.225113 0.291833
v 1.965502 7.345735 0.136255
v 1.946987 6.862683 0.621949
v 1.206065 6.701406 0.463531
v 1.163069 6.537897 0.628909
v 1.233986 6.729550 0.814402
v 1.270074 6.874390 0.630956
v 1.992281 6.735089 0.498772
v 2.054300 7.102056 0.124539
v 1.980402 6.902347 -0.068751
v 1.872999 7.137745 -0.219748
v 1.929227 7.289701 -0.072675
v 1.928274 6.562106 0.331348
v 1.375204 6.855228 0.893903
v 1.397469 6.968674 0.722526
v 1.800877 6.467820 0.239777
v 1.833240 6.769248 -0.149382
v 1.483988 6.707807 -0.137174
v 1.504303 6.951817 -0.283327
v 1.812320 6.931759 -0.264416
v 1.498474 6.446107 0.217757
v 1.198824 6.891614 -0.033267
v 1.236204 7.042881 -0.158971
v 1.251359 6.573812 0.340354
v 1.375204 6.855228 0.893903
v 1.710329 6.903532 0.893213
v 1.146618 7.063169 0.083854
v 1.220515 7.262878 0.277145
v 1.329252 7.405425 0.037137
v 1.273024 7.253469 -0.109936
v 1.984027 6.737797 0.782472
v 1.367506 7.347480 0.407949
v 2.034136 6.575215 0.667952
v 1.329252 7.405425 0.037137
v 1.531354 7.466286 -0.054666
v 1.458427 7.269202 -0.245416
v 1.273024 7.253469 -0.109936
v 1.963219 6.383563 0.482459
v 1.822149 6.300320 0.359055
v 1.739434 7.443844 -0.075647
v 1.654286 7.213730 -0.298367
v 1.929227 7.289701 -0.072675
v 1.872999 7.137745 -0.219748
v 2.045254 6.165126 0.630238
v 1.872216 6.067293 0.474424
v 1.461366 6.080468 0.400336
v 1.487196 6.300513 0.309573
v 1.125358 6.211348 0.611120
v 1.213326 6.417751 0.470487
v 1.063691 6.354451 0.809891
v 1.150685 6.589556 1.037440
v 1.323938 6.748010 1.130536
v 1.323938 6.748010 1.130536
v 1.735089 6.820207 1.116302
v 2.070796 6.603955 0.993840
v 2.132248 6.400230 0.857787
v 1.389386 7.456857 0.241700
v 1.236204 7.042881 -0.158971
v 1.504303 6.951817 -0.283327
v 1.812320 6.931759 -0.264416
v -0.217212 8.141026 -2.168650
v -0.483305 8.092061 -2.078588
v -0.305624 7.802541 -1.976079
v -0.129803 7.873630 -2.040222
v -0.881311 7.901644 -2.076288
v -0.769563 7.634997 -1.982398
v -0.332772 8.293386 -2.411689
v -0.529131 8.264772 -2.385135
v -0.963160 8.035372 -2.336714
v -0.921430 7.371851 -1.988674
v -0.883078 7.201358 -2.202284
v -0.682327 7.319510 -2.243178
v -0.716943 7.473395 -2.050375
v -0.506175 8.235681 -2.596087
v -0.971380 7.999592 -2.516037
v -0.176951 8.089283 -2.747272
v -0.466212 8.058022 -2.818676
v -0.207359 8.224462 -2.577907
v -0.936765 7.845707 -2.708839
v -0.951338 7.561580 -1.916795
v -0.769563 7.634997 -1.982398
v -0.437909 7.859239 -2.893230
v -0.884145 7.684106 -2.776815
v -0.112714 7.676474 -2.750689
v -0.357564 7.533072 -2.778948
v -0.249933 7.925117 -2.873092
v -0.772396 7.417459 -2.682926
v -0.046964 7.505363 -2.501627
v -0.214401 7.397007 -2.484174
v -0.690548 7.283731 -2.422500
v -1.042701 7.869221 -2.024742
v -0.951338 7.561580 -1.916795
v -0.172465 7.450531 -2.281072
v 0.004015 7.787323 -2.191057
v -0.212430 7.628190 -2.058482
v 0.034422 7.652146 -2.360422
v -1.165830 8.005165 -2.309350
v -0.305624 7.802541 -1.976079
v -1.203327 7.954835 -2.504591
v 0.071949 7.811137 -2.522564
v 0.032511 7.986460 -2.302901
v 0.004015 7.787323 -2.191057
v 0.034422 7.652146 -2.360422
v -1.164975 7.784344 -2.718201
v -1.078287 7.615990 -2.796947
v 0.004099 7.943599 -2.671197
v -0.041949 8.148306 -2.414719
v -0.176951 8.089283 -2.747272
v -0.207359 8.224462 -2.577907
v -1.320308 7.536457 -2.869190
v -1.432381 7.740821 -2.771896
v -1.111313 7.195556 -2.748491
v -0.922033 7.332781 -2.696850
v -1.057187 6.992301 -2.387634
v -0.863795 7.172406 -2.404393
v -1.086572 7.025661 -2.139007
v -1.133618 7.234808 -1.876967
v -1.164576 7.469711 -1.789485
v -1.259341 7.853620 -1.924001
v -1.164576 7.469711 -1.789485
v -1.427698 8.013866 -2.271041
v -1.479427 7.949967 -2.509856
v -0.129803 7.873630 -2.040222
v -0.046964 7.505363 -2.501627
v -0.112714 7.676474 -2.750689
v -0.249933 7.925117 -2.873092
v 1.845611 3.950949 -0.952125
v 2.224284 3.927657 -0.985852
v 2.164219 4.160019 -1.114337
v 1.843377 4.121960 -1.035774
v 1.888480 3.705413 -0.961154
v 2.212602 3.726816 -0.999851
v 2.475170 3.936647 -1.272294
v 2.415083 4.108972 -1.326523
v 2.433791 3.693025 -1.238479
v 1.607206 3.602482 -1.297489
v 1.582003 3.386530 -1.241651
v 1.714029 3.457324 -0.985205
v 1.726372 3.666379 -1.066024
v 2.443052 3.650099 -1.430500
v 2.482876 3.919089 -1.501279
v 2.345299 3.845319 -1.768504
v 2.222479 4.106160 -1.734429
v 2.327159 4.162291 -1.531101
v 2.323886 3.586200 -1.661965
v 1.891022 3.528571 -0.875403
v 1.888480 3.705413 -0.961154
v 2.161776 3.547166 -1.766835
v 2.161129 3.768254 -1.882278
v 1.791409 3.695544 -1.826657
v 1.804477 3.967121 -1.813093
v 2.129902 3.956053 -1.880453
v 1.837655 3.525765 -1.728139
v 1.531571 3.782557 -1.562108
v 1.558194 3.969042 -1.589704
v 1.616465 3.559556 -1.489511
v 1.891022 3.528571 -0.875403
v 2.247139 3.584283 -0.925574
v 1.517896 3.864115 -1.347719
v 1.655473 3.937886 -1.080493
v 1.731778 4.175817 -1.228312
v 1.627097 4.119686 -1.431640
v 2.495184 3.514846 -1.182657
v 1.845611 3.950949 -0.952125
v 2.508055 3.439286 -1.389016
v 1.731778 4.175817 -1.228312
v 1.930019 4.279579 -1.318523
v 1.794251 4.206779 -1.582236
v 1.627097 4.119686 -1.431640
v 2.376028 3.368491 -1.645462
v 2.193812 3.353247 -1.768034
v 2.141820 4.281126 -1.398351
v 1.983297 4.196125 -1.706262
v 2.327159 4.162291 -1.531101
v 2.222479 4.106160 -1.734429
v 2.473129 3.121912 -1.666373
v 2.249075 3.108862 -1.818026
v 1.803303 3.136106 -1.778279
v 1.831727 3.361534 -1.732459
v 1.507935 3.125699 -1.441110
v 1.589650 3.366971 -1.460781
v 1.499080 3.144039 -1.171010
v 1.661041 3.230885 -0.856423
v 1.877634 3.323936 -0.723015
v 1.877634 3.323936 -0.723015
v 2.312899 3.409358 -0.788454
v 2.618774 3.307100 -1.099930
v 2.635090 3.208756 -1.351786
v 1.843377 4.121960 -1.035774
v 1.558194 3.969042 -1.589704
v 1.804477 3.967121 -1.813093
v 2.129902 3.956053 -1.880453
v 0.392959 5.268269 -3.900712
v 0.146689 5.351613 -3.820010
v 0.345022 5.337266 -3.495155
v 0.504743 5.292240 -3.588478
v -0.020333 5.293922 -3.722824
v 0.112346 5.282396 -3.424036
v 0.253781 5.086532 -4.141878
v 0.068665 5.110741 -4.104556
v -0.127031 5.086184 -3.951888
v -0.016139 5.182655 -3.166930
v 0.017185 4.901409 -3.077499
v 0.199327 4.896576 -3.208608
v 0.169249 5.150425 -3.289328
v 0.077616 4.886503 -4.153940
v -0.145353 4.892552 -3.983061
v 0.393726 4.664820 -4.063984
v 0.112341 4.593436 -4.060749
v 0.367304 4.887811 -4.134892
v -0.115274 4.638704 -3.902340
v -0.052842 5.328260 -3.327898
v 0.112346 5.282396 -3.424036
v 0.147930 4.441769 -3.891834
v -0.058371 4.506733 -3.767631
v 0.483762 4.501941 -3.657032
v 0.255949 4.429499 -3.526793
v 0.325762 4.479033 -3.948704
v 0.074307 4.495206 -3.468845
v 0.576725 4.684741 -3.395303
v 0.424289 4.668294 -3.282433
v 0.181005 4.702946 -3.239781
v -0.169733 5.340341 -3.672326
v -0.052842 5.328260 -3.327898
v 0.475548 4.891148 -3.259840
v 0.628660 5.102039 -3.558573
v 0.440822 5.184215 -3.353030
v 0.655082 4.879049 -3.487666
v -0.318052 5.110874 -3.912715
v 0.345022 5.337266 -3.495155
v -0.364693 4.896951 -3.935531
v 0.668599 4.774691 -3.704763
v 0.634330 5.063907 -3.796729
v 0.628660 5.102039 -3.558573
v 0.655082 4.879049 -3.487666
v -0.331369 4.615706 -3.846101
v -0.241982 4.468889 -3.708574
v 0.583490 4.678340 -3.891062
v 0.543478 5.016026 -3.998442
v 0.393726 4.664820 -4.063984
v 0.367304 4.887811 -4.134892
v -0.474632 4.376325 -3.657753
v -0.589601 4.556552 -3.824092
v -0.241312 4.359439 -3.275247
v -0.064880 4.455425 -3.390937
v -0.149294 4.643000 -2.940343
v 0.023227 4.686276 -3.123757
v -0.162022 4.907032 -2.881233
v -0.202903 5.252041 -2.990940
v -0.242609 5.430537 -3.190767
v -0.369938 5.444986 -3.620433
v -0.242609 5.430537 -3.190767
v -0.567948 5.163864 -3.908178
v -0.630482 4.901562 -3.933800
v 0.504743 5.292240 -3.588478
v 0.576725 4.684741 -3.395303
v 0.483762 4.501941 -3.657032
v 0.325762 4.479033 -3.948704
v 1.318358 3.631724 -3.392350
v 1.125554 3.858355 -3.332077
v 1.293452 3.915727 -3.284739
v 1.434390 3.724847 -3.334655
v 1.202215 3.567103 -3.354265
v 1.048319 3.769777 -3.301717
v 1.116421 3.929563 -3.037095
v 1.271626 3.964909 -3.048316
v 1.028294 3.823622 -3.048297
v 1.237527 3.711334 -2.785294
v 1.376822 3.775351 -2.829598
v 1.132598 3.635668 -2.831431
v 1.357715 3.440008 -2.849374
v 1.487588 3.565901 -2.881097
v 1.248270 3.409470 -2.885983
v 1.439464 3.413493 -3.140549
v 1.539585 3.535289 -3.115939
v 1.306519 3.379150 -3.137398
v 1.318358 3.631724 -3.392350
v 1.434390 3.724847 -3.334655
v 1.202215 3.567103 -3.354265
v 1.182410 3.368154 -2.888781
v 1.198178 3.311474 -3.143247
v 1.093535 3.500037 -3.360817
v 1.093535 3.500037 -3.360817
v 0.981812 3.729627 -3.305860
v 1.466836 3.792504 -3.217889
v 1.536254 3.667416 -3.073558
v 1.539585 3.535289 -3.115939
v 0.919052 3.757385 -3.053858
v 1.023694 3.568824 -2.836289
v 1.388150 3.910461 -3.101791
v 1.469202 3.764407 -2.933271
v 1.376822 3.775351 -2.829598
v 0.893643 3.506284 -2.760402
v 1.112948 3.249469 -2.828762
v 1.122770 3.168341 -3.163491
v 0.985356 3.415955 -3.449196
v 0.985356 3.415955 -3.449196
v 0.849527 3.724146 -3.376458
v 0.756229 3.753899 -3.046107
v 0.935891 3.234199 -3.299731
v 1.122770 3.168341 -3.163491
v 0.966425 3.174087 -3.085601
v 0.721576 3.550296 -2.922700
v 0.829227 3.378256 -2.865515
v 0.893643 3.506284 -2.760402
v 1.487588 3.565901 -2.881097
v 0.966249 3.206503 -2.864301
v 1.112948 3.249469 -2.828762
v 0.753702 3.470105 -3.213983
v 0.830255 3.419462 -3.368723
v 0.880355 3.414263 -3.102196
v 0.861646 3.298075 -3.206621
v 0.736238 3.620975 -3.342530
v 0.856457 3.284944 -3.000338
v 0.704144 3.603652 -3.125585
v 0.754357 3.456319 -3.017873
v 0.572413 3.067441 -2.953708
v 0.714199 3.068214 -2.898968
v 0.635514 3.346476 -2.829475
v 0.516415 3.268377 -2.903658
v 0.616662 3.028316 -3.159929
v 0.774581 3.013453 -3.184985
v 0.536747 3.172321 -3.326087
v 0.663719 3.213223 -3.415486
v 0.524653 3.546246 -3.059977
v 0.436500 3.412383 -3.069816
v 0.436500 3.412383 -3.069816
v 0.524653 3.546246 -3.059977
v 0.501678 3.451174 -3.340838
v 0.419214 3.343500 -3.272233
v 0.117531 3.113942 -3.013274
v 0.127047 3.058453 -3.241145
v 0.024941 2.996362 -3.078025
v 0.212058 2.905266 -3.064394
v 0.117531 3.113942 -3.013274
v 0.117531 3.113942 -3.013274
v 0.117531 3.113942 -3.013274
v 0.700006 3.505236 -2.951377
v 0.635514 3.346476 -2.829475
v 0.781859 3.333495 -2.896985
v 0.839249 3.171791 -3.307338
v 0.862609 3.137285 -3.125606
v 0.774581 3.013453 -3.184985
v 0.644711 3.498280 -3.340205
v 0.843356 3.140328 -2.927189
v 0.714199 3.068214 -2.898968
v 0.764189 3.451857 -3.243891
v 0.664258 3.545408 -3.141498
v 0.721591 3.309190 -3.118915
v 0.770961 3.460207 -3.023365
v 0.870975 3.259433 -3.021866
v 0.754582 3.331945 -3.350211
v 0.854840 3.259339 -3.237795

vt 0.333333 0.000000
vt 0.333333 0.500000
vt 0.000000 0.500000
vt 0.000000 0.000000
vt 0.416667 0.000000
vt 0.416667 0.500000
vt 0.333333 1.000000
vt 0.000000 1.000000
vt 0.416667 1.000000
vt 0.416667 3.333333
vt 0.500000 3.333333
vt 0.500000 3.666667
vt 0.416667 3.666667
vt 0.416667 1.333333
vt 0.333333 1.333333
vt 0.333333 1.666667
vt 0.000000 1.666667
vt 0.000000 1.333333
vt 0.416667 1.666667
vt 0.500000 4.000000
vt 0.416667 4.000000
vt 0.416667 2.000000
vt 0.333333 2.000000
vt 0.333333 2.500000
vt 0.000000 2.500000
vt 0.000000 2.000000
vt 0.416667 2.500000
vt 0.333333 3.000000
vt 0.000000 3.000000
vt 0.416667 3.000000
vt 0.500000 0.000000
vt 0.500000 0.500000
vt 0.333333 3.333333
vt 0.333333 3.666667
vt 0.000000 3.666667
vt 0.000000 3.333333
vt 0.500000 1.000000
vt 0.333333 4.000000
vt 0.500000 1.333333
vt -0.333333 0.000000
vt -0.333333 0.500000
vt -0.666667 0.500000
vt -0.666667 0.000000
vt 0.500000 1.666667
vt 0.500000 2.000000
vt -0.333333 0.750000
vt -0.666667 0.750000
vt -0.333333 1.000000
vt -0.666667 1.000000
vt 0.833333 1.666667
vt 0.833333 2.000000
vt 0.833333 2.500000
vt 0.500000 2.500000
vt 0.833333 3.000000
vt 0.500000 3.000000
vt 0.833333 3.333333
vt 0.833333 3.666667
vt 0.833333 4.000000
vt 0.833333 0.000000
vt 0.833333 0.500000
vt 0.833333 1.000000
vt 0.833333 1.333333
vt 0.000000 4.000000
vt -1.000000 0.000000
vt -1.000000 0.500000
vt -1.000000 1.000000
vt 0.000000 0.500000
vt 0.333333 0.500000
vt 0.333333 0.000000
vt 0.000000 0.000000
vt 0.416667 0.500000
vt 0.416667 0.000000
vt 0.000000 1.000000
vt 0.333333 1.000000
vt 0.416667 1.000000
vt 0.500000 3.666667
vt 0.500000 3.333333
vt 0.416667 3.333333
vt 0.416667 3.666667
vt 0.333333 1.333333
vt 0.416667 1.333333
vt 0.000000 1.666667
vt 0.333333 1.666667
vt 0.000000 1.333333
vt 0.416667 1.666667
vt 0.500000 4.000000
vt 0.416667 4.000000
vt 0.333333 2.000000
vt 0.416667 2.000000
vt 0.000000 2.500000
vt 0.333333 2.500000
vt 0.000000 2.000000
vt 0.416667 2.500000
vt 0.000000 3.000000
vt 0.333333 3.000000
vt 0.416667 3.000000
vt 0.500000 0.500000
vt 0.500000 0.000000
vt 0.333333 3.333333
vt 0.000000 3.666667
vt 0.333333 3.666667
vt 0.000000 3.333333
vt 0.500000 1.000000
vt 0.333333 4.000000
vt 0.500000 1.333333
vt -0.666667 0.500000
vt -0.333333 0.500000
vt -0.333333 0.000000
vt -0.666667 0.000000
vt 0.500000 1.666667
vt 0.500000 2.000000
vt -0.666667 0.750000
vt -0.333333 0.750000
vt -0.666667 1.000000
vt -0.333333 1.000000
vt 0.833333 2.000000
vt 0.833333 1.666667
vt 0.833333 2.500000
vt 0.500000 2.500000
vt 0.833333 3.000000
vt 0.500000 3.000000
vt 0.833333 3.333333
vt 0.833333 3.666667
vt 0.833333 4.000000
vt 0.833333 0.500000
vt 0.833333 0.000000
vt 0.833333 1.000000
vt 0.833333 1.333333
vt 0.000000 4.000000
vt -1.000000 0.000000
vt -1.000000 0.500000
vt -1.000000 1.000000
vt 0.333333 0.000000
vt 0.333333 0.500000
vt 0.000000 0.500000
vt 0.000000 0.000000
vt 0.416667 0.000000
vt 0.416667 0.500000
vt 0.333333 1.000000
vt 0.000000 1.000000
vt 0.416667 1.000000
vt 0.416667 3.333333
vt 0.500000 3.333333
vt 0.500000 3.666667
vt 0.416667 3.666667
vt 0.416667 1.333333
vt 0.333333 1.333333
vt 0.333333 1.666667
vt 0.000000 1.666667
vt 0.000000 1.333333
vt 0.416667 1.666667
vt 0.500000 4.000000
vt 0.416667 4.000000
vt 0.416667 2.000000
vt 0.333333 2.000000
vt 0.333333 2.500000
vt 0.000000 2.500000
vt 0.000000 2.000000
vt 0.416667 2.500000
vt 0.333333 3.000000
vt 0.000000 3.000000
vt 0.416667 3.000000
vt 0.500000 0.000000
vt 0.500000 0.500000
vt 0.333333 3.333333
vt 0.333333 3.666667
vt 0.000000 3.666667
vt 0.000000 3.333333
vt 0.500000 1.000000
vt 0.333333 4.000000
vt 0.500000 1.333333
vt -0.333333 0.000000
vt -0.333333 0.500000
vt -0.666667 0.500000
vt -0.666667 0.000000
vt 0.500000 1.666667
vt 0.500000 2.000000
vt -0.333333 0.750000
vt -0.666667 0.750000
vt -0.333333 1.000000
vt -0.666667 1.000000
vt 0.833333 1.666667
vt 0.833333 2.000000
vt 0.833333 2.500000
vt 0.500000 2.500000
vt 0.833333 3.000000
vt 0.500000 3.000000
vt 0.833333 3.333333
vt 0.833333 3.666667
vt 0.833333 4.000000
vt 0.833333 0.000000
vt 0.833333 0.500000
vt 0.833333 1.000000
vt 0.833333 1.333333
vt 0.000000 4.000000
vt -1.000000 0.000000
vt -1.000000 0.500000
vt -1.000000 1.000000
vt 0.000000 0.500000
vt 0.333333 0.500000
vt 0.333333 0.000000
vt 0.000000 0.000000
vt 0.416667 0.500000
vt 0.416667 0.000000
vt 0.000000 1.000000
vt 0.333333 1.000000
vt 0.416667 1.000000
vt 0.500000 3.666667
vt 0.500000 3.333333
vt 0.416667 3.333333
vt 0.416667 3.666667
vt 0.333333 1.333333
vt 0.416667 1.333333
vt 0.000000 1.666667
vt 0.333333 1.666667
vt 0.000000 1.333333
vt 0.416667 1.666667
vt 0.500000 4.000000
vt 0.416667 4.000000
vt 0.333333 2.000000
vt 0.416667 2.000000
vt 0.000000 2.500000
vt 0.333333 2.500000
vt 0.000000 2.000000
vt 0.416667 2.500000
vt 0.000000 3.000000
vt 0.333333 3.000000
vt 0.416667 3.000000
vt 0.500000 0.500000
vt 0.500000 0.000000
vt 0.333333 3.333333
vt 0.000000 3.666667
vt 0.333333 3.666667
vt 0.000000 3.333333
vt 0.500000 1.000000
vt 0.333333 4.000000
vt 0.500000 1.333333
vt -0.666667 0.500000
vt -0.333333 0.500000
vt -0.333333 0.000000
vt -0.666667 0.000000
vt 0.500000 1.666667
vt 0.500000 2.000000
vt -0.666667 0.750000
vt -0.333333 0.750000
vt -0.666667 1.000000
vt -0.333333 1.000000
vt 0.833333 2.000000
vt 0.833333 1.666667
vt 0.833333 2.500000
vt 0.500000 2.500000
vt 0.833333 3.000000
vt 0.500000 3.000000
vt 0.833333 3.333333
vt 0.833333 3.666667
vt 0.833333 4.000000
vt 0.833333 0.500000
vt 0.833333 0.000000
vt 0.833333 1.000000
vt 0.833333 1.333333
vt 0.000000 4.000000
vt -1.000000 0.000000
vt -1.000000 0.500000
vt -1.000000 1.000000
vt 0.333333 0.000000
vt 0.333333 0.500000
vt 0.000000 0.500000
vt -0.166667 0.000000
vt 0.416667 0.000000
vt 0.416667 0.500000
vt 0.333333 1.166667
vt -0.111111 1.111111
vt 0.416667 1.166667
vt 0.333333 1.833333
vt 0.000000 1.833333
vt 0.416667 1.833333
vt 0.333333 2.500000
vt 0.000000 2.500000
vt 0.416667 2.500000
vt 0.333333 3.166667
vt 0.000000 3.166667
vt 0.416667 3.166667
vt 0.333333 3.833333
vt 0.000000 3.833333
vt 0.416667 3.833333
vt 0.500000 2.500000
vt 0.500000 3.166667
vt 0.500000 3.833333
vt 0.500000 0.000000
vt 0.500000 0.500000
vt -0.333333 0.500000
vt -0.666667 0.500000
vt -0.833333 0.000000
vt 0.500000 1.166667
vt 0.500000 1.833333
vt -0.333333 0.750000
vt -0.666667 0.750000
vt -0.833333 1.000000
vt 0.833333 1.833333
vt 0.833333 2.500000
vt 0.833333 3.166667
vt 0.833333 3.833333
vt 1.083333 0.000000
vt 0.833333 0.500000
vt 1.000000 1.111111
vt 1.500000 0.250000
vt 1.833333 0.000000
vt 1.708333 0.375000
vt 1.500000 0.875000
vt 1.708333 0.812500
vt 1.833333 1.000000
vt -1.000000 0.500000
vt 1.833333 0.500000
vt 2.000000 0.500000
vt 1.281250 0.542969
vt 1.291667 0.375000
vt 1.500000 0.625000
vt 1.500000 0.515625
vt 1.166667 0.500000
vt 1.718750 0.542969
vt 1.291667 0.812500
vt 1.500000 0.734375
vt 0.500000 2.500000
vt 0.833333 2.500000
vt 0.833333 3.166667
vt 0.500000 3.166667
vt 0.500000 1.833333
vt 0.833333 1.833333
vt 0.500000 1.166667
vt 1.000000 1.111111
vt 0.833333 3.833333
vt 0.500000 3.833333
vt 0.500000 0.000000
vt 1.083333 0.000000
vt 0.833333 0.500000
vt 0.500000 0.500000
vt 0.333333 0.000000
vt 0.333333 0.833333
vt -0.145833 1.546875
vt 0.333333 2.166667
vt 0.333333 0.000000
vt 0.333333 3.500000
vt 0.333333 3.500000
vt 1.500000 0.250000
vt 1.833333 0.000000
vt 1.708333 0.375000
vt 1.500000 0.875000
vt 1.708333 0.812500
vt 1.833333 1.000000
vt 1.166667 0.500000
vt 1.833333 0.500000
vt 2.000000 0.500000
vt 1.281250 0.542969
vt 1.291667 0.375000
vt 1.500000 0.625000
vt 1.500000 0.515625
vt 1.718750 0.542969
vt 1.291667 0.812500
vt 1.500000 0.734375

vn -0.419670 0.689397 0.590431
vn 0.256667 0.733608 0.629239
vn 0.202181 0.964049 0.172428
vn -0.407732 0.897176 0.169791
vn -0.446680 0.673172 0.589336
vn 0.256667 0.733608 0.629239
vn 0.814486 0.451351 0.364547
vn 0.740534 0.671403 -0.028776
vn 0.831709 0.426594 0.355356
vn -0.999246 0.034076 -0.018613
vn -0.960984 0.208703 -0.181531
vn -0.845860 0.519825 0.119593
vn -0.873022 0.375196 0.311544
vn 0.999416 0.014038 -0.031162
vn 0.985535 0.131210 -0.107257
vn 0.845612 -0.246934 -0.473249
vn 0.652951 0.176244 -0.736609
vn 0.758260 0.460843 -0.461156
vn 0.873192 -0.327083 -0.361321
vn -0.445685 0.815341 0.369573
vn -0.446680 0.673172 0.589336
vn 0.446891 -0.613379 -0.651195
vn 0.419932 -0.614933 -0.667469
vn -0.256383 -0.652912 -0.712723
vn -0.228126 -0.198860 -0.953107
vn 0.413072 -0.213565 -0.885303
vn -0.256383 -0.652912 -0.712723
vn -0.814224 -0.376886 -0.441584
vn -0.732721 0.018892 -0.680267
vn -0.831498 -0.366801 -0.417215
vn -0.445685 0.815341 0.369573
vn 0.244867 0.876776 0.413890
vn -0.984698 0.106099 -0.138251
vn -0.844775 0.484242 0.227740
vn -0.649289 0.733093 -0.202481
vn -0.755234 0.446777 -0.479596
vn 0.806934 0.573734 0.140309
vn -0.419670 0.689397 0.590431
vn 0.962324 0.171060 -0.211355
vn -0.649289 0.733093 -0.202481
vn -0.163251 0.933123 -0.320360
vn -0.364051 0.390462 -0.845581
vn -0.755234 0.446777 -0.479596
vn 0.847201 -0.140063 -0.512478
vn 0.447155 -0.398570 -0.800746
vn 0.344182 0.845845 -0.407536
vn 0.137634 0.287645 -0.947796
vn 0.758260 0.460843 -0.461156
vn 0.652951 0.176244 -0.736609
vn 0.870256 -0.383470 -0.309202
vn 0.385131 -0.626855 -0.677294
vn -0.323726 -0.620982 -0.713851
vn -0.243334 -0.442592 -0.863076
vn -0.827728 -0.305817 -0.470470
vn -0.805463 -0.156962 -0.571482
vn -0.999645 -0.009822 0.024764
vn -0.872685 0.333287 0.356847
vn -0.446777 0.723706 0.525965
vn -0.446777 0.723706 0.525965
vn 0.187210 0.759830 0.622583
vn 0.791929 0.472519 0.386748
vn 0.998988 -0.035569 0.027517
vn -0.407732 0.897176 0.169791
vn -0.732721 0.018892 -0.680267
vn -0.228126 -0.198860 -0.953107
vn 0.413072 -0.213565 -0.885303
vn 0.396921 0.698174 0.595824
vn -0.084740 0.637043 0.766156
vn 0.160532 0.043433 0.986075
vn 0.578834 0.149514 0.801621
vn -0.084740 0.637043 0.766156
vn 0.161141 0.011922 0.986859
vn 0.163523 0.984260 0.067024
vn -0.274267 0.942632 0.190320
vn -0.289242 0.943348 0.162585
vn 0.541455 -0.424674 0.725588
vn 0.603713 -0.701445 0.378821
vn 0.396154 -0.821732 0.409656
vn 0.327893 -0.518275 0.789859
vn -0.201484 0.894746 -0.398539
vn -0.331776 0.845970 -0.417444
vn 0.388365 0.615220 -0.686059
vn -0.125815 0.558352 -0.820008
vn 0.331415 0.868395 -0.368855
vn -0.263515 0.542512 -0.797647
vn 0.402197 0.081127 0.911952
vn 0.161141 0.011922 0.986859
vn -0.060896 -0.005923 -0.998127
vn -0.081135 0.018199 -0.996537
vn 0.629627 -0.336337 -0.700319
vn 0.192713 -0.596391 -0.779217
vn 0.340611 0.197003 -0.919333
vn 0.192713 -0.596391 -0.779217
vn 0.754586 -0.631798 -0.177287
vn 0.373904 -0.905120 -0.202371
vn 0.369247 -0.913226 -0.172263
vn 0.158469 0.696210 0.700128
vn 0.402197 0.081127 0.911952
vn 0.519011 -0.775198 0.360133
vn 0.827026 -0.156683 0.539887
vn 0.443342 -0.438806 0.781599
vn 0.884320 -0.411387 0.220767
vn -0.039107 0.993777 0.104293
vn 0.160532 0.043433 0.986075
vn -0.095577 0.892756 -0.440286
vn 0.964842 -0.127477 -0.229845
vn 0.856252 0.355269 0.374989
vn 0.827026 -0.156683 0.539887
vn 0.884320 -0.411387 0.220767
vn -0.033319 0.615985 -0.787053
vn 0.155459 0.128827 -0.979406
vn 0.791680 0.234369 -0.564193
vn 0.679980 0.730936 0.057958
vn 0.388365 0.615220 -0.686059
vn 0.331415 0.868395 -0.368855
vn -0.048699 -0.041992 -0.997930
vn -0.333608 0.511566 -0.791837
vn 0.237496 -0.635733 -0.734465
vn 0.422485 -0.477484 -0.770399
vn 0.442655 -0.879135 -0.176571
vn 0.596763 -0.783822 -0.171748
vn 0.338935 -0.844131 0.415411
vn 0.270276 -0.538905 0.797830
vn 0.236640 0.036716 0.970903
vn -0.038814 0.592622 0.804545
vn 0.236640 0.036716 0.970903
vn -0.268691 0.936000 0.227397
vn -0.403225 0.821054 -0.404078
vn 0.578834 0.149514 0.801621
vn 0.754586 -0.631798 -0.177287
vn 0.629627 -0.336337 -0.700319
vn 0.340611 0.197003 -0.919333
vn -0.232683 0.189781 0.953856
vn 0.445179 0.231370 0.865034
vn 0.293680 0.765226 0.572871
vn -0.289192 0.684785 0.668908
vn -0.260519 0.174136 0.949635
vn 0.446218 0.219413 0.867610
vn 0.914263 0.163726 0.370564
vn 0.742468 0.652150 0.153109
vn 0.926666 0.147166 0.345879
vn -0.971062 -0.052996 0.232875
vn -0.951076 0.264220 0.160132
vn -0.754109 0.369836 0.542716
vn -0.754813 0.062960 0.652911
vn 0.973795 0.023690 -0.226191
vn 0.954687 0.190251 -0.228863
vn 0.712741 0.060516 -0.698811
vn 0.469155 0.613600 -0.635129
vn 0.641271 0.705891 -0.300815
vn 0.757546 -0.092266 -0.646229
vn -0.293430 0.504349 0.812115
vn -0.260519 0.174136 0.949635
vn 0.263706 -0.208321 -0.941839
vn 0.233745 -0.201177 -0.951258
vn -0.443876 -0.245353 -0.861845
vn -0.424347 0.380211 -0.821809
vn 0.193275 0.357665 -0.913630
vn -0.442691 -0.257231 -0.858986
vn -0.913200 -0.175121 -0.367965
vn -0.833530 0.392904 -0.388400
vn -0.923478 -0.181352 -0.338083
vn -0.293430 0.504349 0.812115
vn 0.384690 0.563264 0.731264
vn -0.981663 0.099008 0.162898
vn -0.739717 0.228742 0.632847
vn -0.594191 0.734184 0.328498
vn -0.767126 0.641454 -0.007406
vn 0.846859 0.478444 0.232208
vn -0.232683 0.189781 0.953856
vn 0.895439 0.332363 -0.296181
vn -0.594191 0.734184 0.328498
vn -0.144419 0.963943 0.223512
vn -0.463212 0.793002 -0.395706
vn -0.767126 0.641454 -0.007406
vn 0.698472 0.226747 -0.678765
vn 0.232498 0.149016 -0.961113
vn 0.282129 0.959213 0.017719
vn -0.046263 0.783125 -0.620141
vn 0.641271 0.705891 -0.300815
vn 0.469155 0.613600 -0.635129
vn 0.754542 -0.125846 -0.644072
vn 0.184728 -0.145549 -0.971952
vn -0.451506 -0.086264 -0.888088
vn -0.448103 0.116711 -0.886331
vn -0.894374 -0.104860 -0.434855
vn -0.907791 0.174921 -0.381206
vn -0.970187 -0.069531 0.232171
vn -0.750239 0.048407 0.659392
vn -0.184837 0.275603 0.943334
vn -0.184837 0.275603 0.943334
vn 0.426996 0.384800 0.818293
vn 0.888717 0.231938 0.395458
vn 0.977439 -0.006326 -0.211121
vn -0.289192 0.684785 0.668908
vn -0.833530 0.392904 -0.388400
vn -0.424347 0.380211 -0.821809
vn 0.193275 0.357665 -0.913630
vn 0.453160 0.756691 -0.471237
vn -0.118780 0.947089 -0.298183
vn 0.160494 0.931291 0.327015
vn 0.652116 0.752667 0.090754
vn -0.129972 0.947192 -0.293146
vn 0.160822 0.920076 0.357206
vn 0.190181 0.388089 -0.901786
vn -0.342982 0.518602 -0.783208
vn -0.360318 0.492909 -0.791967
vn 0.617814 0.500105 0.606795
vn 0.667530 0.080523 0.740216
vn 0.392911 0.080980 0.916004
vn 0.338329 0.541635 0.769523
vn -0.266371 -0.050268 -0.962559
vn -0.420481 -0.080345 -0.903737
vn 0.384283 -0.420282 -0.822003
vn -0.205302 -0.565663 -0.798672
vn 0.340840 -0.053638 -0.938590
vn -0.365898 -0.541001 -0.757256
vn 0.480071 0.852440 0.207069
vn 0.160822 0.920076 0.357206
vn -0.171214 -0.931045 -0.322244
vn -0.192982 -0.919337 -0.342896
vn 0.634396 -0.772860 0.015134
vn 0.105626 -0.946786 0.304038
vn 0.328802 -0.781809 -0.529777
vn 0.094395 -0.946374 0.308976
vn 0.789511 -0.406886 0.459473
vn 0.332262 -0.518355 0.787978
vn 0.328158 -0.492169 0.806277
vn 0.214744 0.879657 -0.424368
vn 0.480071 0.852440 0.207069
vn 0.538493 0.044011 0.841480
vn 0.883247 0.391920 0.257435
vn 0.477425 0.559405 0.677593
vn 0.926898 0.023533 0.374575
vn -0.020483 0.442146 -0.896709
vn 0.160494 0.931291 0.327015
vn -0.106290 -0.093429 -0.989936
vn 0.959520 -0.278434 -0.042386
vn 0.879054 0.400664 -0.258328
vn 0.883247 0.391920 0.257435
vn 0.926898 0.023533 0.374575
vn -0.056575 -0.513011 -0.856516
vn 0.134586 -0.866574 -0.480558
vn 0.777649 -0.440535 -0.448543
vn 0.694760 0.259009 -0.670986
vn 0.384283 -0.420282 -0.822003
vn 0.340840 -0.053638 -0.938590
vn -0.096814 -0.946007 -0.309350
vn -0.393866 -0.546440 -0.739103
vn 0.250599 -0.939528 0.233424
vn 0.424947 -0.894367 0.139742
vn 0.392346 -0.565618 0.725356
vn 0.635140 -0.456280 0.623222
vn 0.378222 0.076916 0.922514
vn 0.322705 0.545451 0.773527
vn 0.213252 0.945848 0.244735
vn 0.028856 0.931868 -0.361649
vn 0.213252 0.945848 0.244735
vn -0.274507 0.553638 -0.786213
vn -0.450128 -0.071621 -0.890087
vn 0.652116 0.752667 0.090754
vn 0.789511 -0.406886 0.459473
vn 0.634396 -0.772860 0.015134
vn 0.328802 -0.781809 -0.529777
vn 0.188804 -0.224292 -0.956058
vn -0.368080 0.598832 -0.711278
vn 0.343332 0.804838 -0.484106
vn 0.681199 0.199784 -0.704311
vn 0.051652 -0.314652 -0.947801
vn -0.499153 0.503088 -0.705513
vn -0.513412 0.811416 0.279307
vn 0.153329 0.967700 0.200116
vn -0.644693 0.712398 0.277236
vn -0.179267 0.227558 0.957121
vn 0.427391 0.473848 0.769938
vn -0.321064 0.146821 0.935607
vn 0.330725 -0.622162 0.709603
vn 0.836562 -0.083949 0.541403
vn 0.188125 -0.697361 0.691590
vn 0.522038 -0.806811 -0.276645
vn 0.947986 -0.280959 -0.149616
vn 0.375416 -0.880429 -0.289668
vn 0.188804 -0.224292 -0.956058
vn 0.681199 0.199784 -0.704311
vn 0.051652 -0.314652 -0.947801
vn 0.596140 -0.415358 0.687092
vn 0.727499 -0.628940 -0.274189
vn 0.426276 -0.086146 -0.900482
vn 0.426276 -0.086146 -0.900482
vn -0.051042 0.750842 -0.658507
vn 0.802122 0.519918 -0.293744
vn 0.976100 0.206415 0.067985
vn 0.947986 -0.280959 -0.149616
vn -0.255508 0.919429 0.298940
vn 0.045714 0.376635 0.925233
vn 0.630757 0.775955 -0.006249
vn 0.812900 0.447739 0.372456
vn 0.427391 0.473848 0.769938
vn -0.282043 0.096176 0.954569
vn 0.466938 -0.524606 0.711869
vn 0.409291 -0.887239 -0.212809
vn 0.043482 -0.229269 -0.972391
vn 0.043482 -0.229269 -0.972391
vn -0.208052 0.691711 -0.691556
vn -0.639304 0.738996 0.212546
vn -0.413200 -0.777176 -0.474619
vn 0.409291 -0.887239 -0.212809
vn -0.616131 -0.786600 -0.040541
vn -0.918554 -0.059065 0.390858
vn -0.822499 -0.492223 0.284978
vn -0.282043 0.096176 0.954569
vn 0.836562 -0.083949 0.541403
vn -0.353381 -0.798017 0.488150
vn 0.466938 -0.524606 0.711869
vn -0.818680 -0.573903 0.019936
vn -0.786446 -0.480763 -0.387775
vn -0.851001 -0.522096 -0.056683
vn -0.907008 -0.413721 0.078556
vn -0.845195 0.080489 -0.528362
vn -0.881786 -0.457460 -0.114823
vn -0.975578 -0.216159 -0.039029
vn -0.767597 -0.618985 -0.166290
vn -0.088600 -0.655242 0.750205
vn 0.123878 -0.701856 0.701464
vn -0.032603 0.201556 0.978934
vn -0.439325 0.102965 0.892408
vn 0.047801 -0.969208 -0.241560
vn 0.441820 -0.875173 -0.197148
vn -0.185484 -0.504586 -0.843201
vn 0.066815 -0.198393 -0.977843
vn -0.414678 0.891287 0.183437
vn -0.725309 0.622091 0.294837
vn -0.725309 0.622091 0.294837
vn -0.414678 0.891287 0.183437
vn -0.540546 0.495415 -0.679981
vn -0.703771 0.463980 -0.537985
vn -0.577544 0.459780 0.674570
vn -0.604986 -0.007075 -0.796205
vn -0.934807 -0.320844 0.152297
vn -0.067727 -0.995622 0.064419
vn -0.737324 0.302084 0.604234
vn -0.737324 0.302084 0.604234
vn -0.577544 0.459780 0.674570
vn 0.363674 0.783273 0.504207
vn -0.032603 0.201556 0.978934
vn 0.801107 0.387314 0.456307
vn 0.800256 -0.206061 -0.563143
vn 0.996662 -0.059801 -0.055575
vn 0.441820 -0.875173 -0.197148
vn 0.198421 0.738296 -0.644630
vn 0.770062 -0.308034 0.558676
vn 0.123878 -0.701856 0.701464
vn 0.907849 0.416340 -0.049701
vn 0.558008 0.827853 -0.057323
vn 0.893877 0.444824 -0.055819
vn 0.917687 0.382610 -0.107054
vn 0.891401 0.445679 -0.082308
vn 0.765774 0.359467 -0.533266
vn 0.874813 0.484455 0.002255

g polygon0
s 1
usemtl mat12
f 1/1/1 2/2/2 3/3/3
f 4/4/4 1/1/1 3/3/3
f 5/5/5 6/6/6 2/2/2
f 1/1/1 5/5/5 2/2/2
f 2/2/2 7/7/7 8/8/8
f 3/3/3 2/2/2 8/8/8
f 6/6/6 9/9/9 7/7/7
f 2/2/2 6/6/6 7/7/7
f 10/10/10 11/11/11 12/12/12
f 13/13/13 10/10/10 12/12/12
f 9/9/9 14/14/14 15/15/15
f 7/7/7 9/9/9 15/15/15
f 15/15/15 16/16/16 17/17/17
f 18/18/18 15/15/15 17/17/17
f 14/14/14 19/19/19 16/16/16
f 15/15/15 14/14/14 16/16/16
f 13/13/13 12/12/12 20/20/20
f 21/21/21 13/13/13 20/20/20
f 19/19/19 22/22/22 23/23/23
f 16/16/16 19/19/19 23/23/23
f 23/23/23 24/24/24 25/25/25
f 26/26/26 23/23/23 25/25/25
f 22/22/22 27/27/27 24/24/24
f 23/23/23 22/22/22 24/24/24
f 24/24/24 28/28/28 29/29/29
f 25/25/25 24/24/24 29/29/29
f 27/27/27 30/30/30 28/28/28
f 24/24/24 27/27/27 28/28/28
f 5/5/5 31/31/31 32/32/32
f 6/6/6 5/5/5 32/32/32
f 30/30/30 10/10/10 33/33/33
f 28/28/28 30/30/30 33/33/33
f 33/33/33 34/34/34 35/35/35
f 36/36/36 33/33/33 35/35/35
f 10/10/10 13/13/13 34/34/34
f 33/33/33 10/10/10 34/34/34
f 6/6/6 32/32/32 37/37/37
f 9/9/9 6/6/6 37/37/37
f 13/13/13 21/21/21 38/38/38
f 34/34/34 13/13/13 38/38/38
f 9/9/9 37/37/37 39/39/39
f 14/14/14 9/9/9 39/39/39
f 40/40/40 41/41/41 42/42/42
f 43/43/43 40/40/40 42/42/42
f 14/14/14 39/39/39 44/44/44
f 19/19/19 14/14/14 44/44/44
f 19/19/19 44/44/44 45/45/45
f 22/22/22 19/19/19 45/45/45
f 41/41/41 46/46/46 47/47/47
f 42/42/42 41/41/41 47/47/47
f 46/46/46 48/48/48 49/49/49
f 47/47/47 46/46/46 49/49/49
f 50/50/50 51/51/51 45/45/45
f 44/44/44 50/50/50 45/45/45
f 45/45/45 51/51/51 52/52/52
f 53/53/53 45/45/45 52/52/52
f 53/53/53 52/52/52 54/54/54
f 55/55/55 53/53/53 54/54/54
f 55/55/55 54/54/54 56/56/56
f 11/11/11 55/55/55 56/56/56
f 11/11/11 56/56/56 57/57/57
f 12/12/12 11/11/11 57/57/57
f 12/12/12 57/57/57 58/58/58
f 20/20/20 12/12/12 58/58/58
f 31/31/31 59/59/59 60/60/60
f 32/32/32 31/31/31 60/60/60
f 32/32/32 60/60/60 61/61/61
f 37/37/37 32/32/32 61/61/61
f 37/37/37 61/61/61 62/62/62
f 39/39/39 37/37/37 62/62/62
f 39/39/39 62/62/62 50/50/50
f 44/44/44 39/39/39 50/50/50
f 45/45/45 53/53/53 27/27/27
f 22/22/22 45/45/45 27/27/27
f 27/27/27 53/53/53 55/55/55
f 30/30/30 27/27/27 55/55/55
f 30/30/30 55/55/55 11/11/11
f 10/10/10 30/30/30 11/11/11
f 8/8/8 7/7/7 15/15/15
f 17/17/17 16/16/16 26/26/26
f 29/29/29 33/33/33 36/36/36
f 35/35/35 34/34/34 63/63/63
f 64/64/64 42/42/42 65/65/65
f 41/41/41 4/4/4 3/3/3
f 65/65/65 42/42/42 47/47/47
f 46/46/46 3/3/3 8/8/8
f 46/46/46 8/8/8 48/48/48
f 66/66/66 47/47/47 49/49/49
f 41/41/41 3/3/3 46/46/46
f 65/65/65 47/47/47 66/66/66
f 64/64/64 43/43/43 42/42/42
f 40/40/40 4/4/4 41/41/41
f 26/26/26 16/16/16 23/23/23
f 8/8/8 15/15/15 18/18/18
f 63/63/63 34/34/34 38/38/38
f 29/29/29 28/28/28 33/33/33
f 67/67/67 68/68/68 69/69/69
f 70/70/70 67/67/67 69/69/69
f 68/68/68 71/71/71 72/72/72
f 69/69/69 68/68/68 72/72/72
f 73/73/73 74/74/74 68/68/68
f 67/67/67 73/73/73 68/68/68
f 74/74/74 75/75/75 71/71/71
f 68/68/68 74/74/74 71/71/71
f 76/76/76 77/77/77 78/78/78
f 79/79/79 76/76/76 78/78/78
f 80/80/80 81/81/81 75/75/75
f 74/74/74 80/80/80 75/75/75
f 82/82/82 83/83/83 80/80/80
f 84/84/84 82/82/82 80/80/80
f 83/83/83 85/85/85 81/81/81
f 80/80/80 83/83/83 81/81/81
f 86/86/86 76/76/76 79/79/79
f 87/87/87 86/86/86 79/79/79
f 88/88/88 89/89/89 85/85/85
f 83/83/83 88/88/88 85/85/85
f 90/90/90 91/91/91 88/88/88
f 92/92/92 90/90/90 88/88/88
f 91/91/91 93/93/93 89/89/89
f 88/88/88 91/91/91 89/89/89
f 94/94/94 95/95/95 91/91/91
f 90/90/90 94/94/94 91/91/91
f 95/95/95 96/96/96 93/93/93
f 91/91/91 95/95/95 93/93/93
f 97/97/97 98/98/98 72/72/72
f 71/71/71 97/97/97 72/72/72
f 99/99/99 78/78/78 96/96/96
f 95/95/95 99/99/99 96/96/96
f 100/100/100 101/101/101 99/99/99
f 102/102/102 100/100/100 99/99/99
f 101/101/101 79/79/79 78/78/78
f 99/99/99 101/101/101 78/78/78
f 103/103/103 97/97/97 71/71/71
f 75/75/75 103/103/103 71/71/71
f 104/104/104 87/87/87 79/79/79
f 101/101/101 104/104/104 79/79/79
f 105/105/105 103/103/103 75/75/75
f 81/81/81 105/105/105 75/75/75
f 106/106/106 107/107/107 108/108/108
f 109/109/109 106/106/106 108/108/108
f 110/110/110 105/105/105 81/81/81
f 85/85/85 110/110/110 81/81/81
f 111/111/111 110/110/110 85/85/85
f 89/89/89 111/111/111 85/85/85
f 112/112/112 113/113/113 107/107/107
f 106/106/106 112/112/112 107/107/107
f 114/114/114 115/115/115 113/113/113
f 112/112/112 114/114/114 113/113/113
f 111/111/111 116/116/116 117/117/117
f 110/110/110 111/111/111 117/117/117
f 118/118/118 116/116/116 111/111/111
f 119/119/119 118/118/118 111/111/111
f 120/120/120 118/118/118 119/119/119
f 121/121/121 120/120/120 119/119/119
f 122/122/122 120/120/120 121/121/121
f 77/77/77 122/122/122 121/121/121
f 123/123/123 122/122/122 77/77/77
f 76/76/76 123/123/123 77/77/77
f 124/124/124 123/123/123 76/76/76
f 86/86/86 124/124/124 76/76/76
f 125/125/125 126/126/126 98/98/98
f 97/97/97 125/125/125 98/98/98
f 127/127/127 125/125/125 97/97/97
f 103/103/103 127/127/127 97/97/97
f 128/128/128 127/127/127 103/103/103
f 105/105/105 128/128/128 103/103/103
f 117/117/117 128/128/128 105/105/105
f 110/110/110 117/117/117 105/105/105
f 93/93/93 119/119/119 111/111/111
f 89/89/89 93/93/93 111/111/111
f 121/121/121 119/119/119 93/93/93
f 96/96/96 121/121/121 93/93/93
f 77/77/77 121/121/121 96/96/96
f 78/78/78 77/77/77 96/96/96
f 73/73/73 80/80/80 74/74/74
f 82/82/82 92/92/92 83/83/83
f 94/94/94 102/102/102 99/99/99
f 100/100/100 129/129/129 101/101/101
f 130/130/130 131/131/131 106/106/106
f 107/107/107 67/67/67 70/70/70
f 131/131/131 112/112/112 106/106/106
f 113/113/113 73/73/73 67/67/67
f 113/113/113 115/115/115 73/73/73
f 132/132/132 114/114/114 112/112/112
f 107/107/107 113/113/113 67/67/67
f 131/131/131 132/132/132 112/112/112
f 130/130/130 106/106/106 109/109/109
f 108/108/108 107/107/107 70/70/70
f 92/92/92 88/88/88 83/83/83
f 73/73/73 84/84/84 80/80/80
f 129/129/129 104/104/104 101/101/101
f 94/94/94 99/99/99 95/95/95
f 133/133/133 134/134/134 135/135/135
f 136/136/136 133/133/133 135/135/135
f 137/137/137 138/138/138 134/134/134
f 133/133/133 137/137/137 134/134/134
f 134/134/134 139/139/139 140/140/140
f 135/135/135 134/134/134 140/140/140
f 138/138/138 141/141/141 139/139/139
f 134/134/134 138/138/138 139/139/139
f 142/142/142 143/143/143 144/144/144
f 145/145/145 142/142/142 144/144/144
f 141/141/141 146/146/146 147/147/147
f 139/139/139 141/141/141 147/147/147
f 147/147/147 148/148/148 149/149/149
f 150/150/150 147/147/147 149/149/149
f 146/146/146 151/151/151 148/148/148
f 147/147/147 146/146/146 148/148/148
f 145/145/145 144/144/144 152/152/152
f 153/153/153 145/145/145 152/152/152
f 151/151/151 154/154/154 155/155/155
f 148/148/148 151/151/151 155/155/155
f 155/155/155 156/156/156 157/157/157
f 158/158/158 155/155/155 157/157/157
f 154/154/154 159/159/159 156/156/156
f 155/155/155 154/154/154 156/156/156
f 156/156/156 160/160/160 161/161/161
f 157/157/157 156/156/156 161/161/161
f 159/159/159 162/162/162 160/160/160
f 156/156/156 159/159/159 160/160/160
f 137/137/137 163/163/163 164/164/164
f 138/138/138 137/137/137 164/164/164
f 162/162/162 142/142/142 165/165/165
f 160/160/160 162/162/162 165/165/165
f 165/165/165 166/166/166 167/167/167
f 168/168/168 165/165/165 167/167/167
f 142/142/142 145/145/145 166/166/166
f 165/165/165 142/142/142 166/166/166
f 138/138/138 164/164/164 169/169/169
f 141/141/141 138/138/138 169/169/169
f 145/145/145 153/153/153 170/170/170
f 166/166/166 145/145/145 170/170/170
f 141/141/141 169/169/169 171/171/171
f 146/146/146 141/141/141 171/171/171
f 172/172/172 173/173/173 174/174/174
f 175/175/175 172/172/172 174/174/174
f 146/146/146 171/171/171 176/176/176
f 151/151/151 146/146/146 176/176/176
f 151/151/151 176/176/176 177/177/177
f 154/154/154 151/151/151 177/177/177
f 173/173/173 178/178/178 179/179/179
f 174/174/174 173/173/173 179/179/179
f 178/178/178 180/180/180 181/181/181
f 179/179/179 178/178/178 181/181/181
f 182/182/182 183/183/183 177/177/177
f 176/176/176 182/182/182 177/177/177
f 177/177/177 183/183/183 184/184/184
f 185/185/185 177/177/177 184/184/184
f 185/185/185 184/184/184 186/186/186
f 187/187/187 185/185/185 186/186/186
f 187/187/187 186/186/186 188/188/188
f 143/143/143 187/187/187 188/188/188
f 143/143/143 188/188/188 189/189/189
f 144/144/144 143/143/143 189/189/189
f 144/144/144 189/189/189 190/190/190
f 152/152/152 144/144/144 190/190/190
f 163/163/163 191/191/191 192/192/192
f 164/164/164 163/163/163 192/192/192
f 164/164/164 192/192/192 193/193/193
f 169/169/169 164/164/164 193/193/193
f 169/169/169 193/193/193 194/194/194
f 171/171/171 169/169/169 194/194/194
f 171/171/171 194/194/194 182/182/182
f 176/176/176 171/171/171 182/182/182
f 177/177/177 185/185/185 159/159/159
f 154/154/154 177/177/177 159/159/159
f 159/159/159 185/185/185 187/187/187
f 162/162/162 159/159/159 187/187/187
f 162/162/162 187/187/187 143/143/143
f 142/142/142 162/162/162 143/143/143
f 140/140/140 139/139/139 147/147/147
f 149/149/149 148/148/148 158/158/158
f 161/161/161 165/165/165 168/168/168
f 167/167/167 166/166/166 195/195/195
f 196/196/196 174/174/174 197/197/197
f 173/173/173 136/136/136 135/135/135
f 197/197/197 174/174/174 179/179/179
f 178/178/178 135/135/135 140/140/140
f 178/178/178 140/140/140 180/180/180
f 198/198/198 179/179/179 181/181/181
f 173/173/173 135/135/135 178/178/178
f 197/197/197 179/179/179 198/198/198
f 196/196/196 175/175/175 174/174/174
f 172/172/172 136/136/136 173/173/173
f 158/158/158 148/148/148 155/155/155
f 140/140/140 147/147/147 150/150/150
f 195/195/195 166/166/166 170/170/170
f 161/161/161 160/160/160 165/165/165
f 199/199/199 200/200/200 201/201/201
f 202/202/202 199/199/199 201/201/201
f 200/200/200 203/203/203 204/204/204
f 201/201/201 200/200/200 204/204/204
f 205/205/205 206/206/206 200/200/200
f 199/199/199 205/205/205 200/200/200
f 206/206/206 207/207/207 203/203/203
f 200/200/200 206/206/206 203/203/203
f 208/208/208 209/209/209 210/210/210
f 211/211/211 208/208/208 210/210/210
f 212/212/212 213/213/213 207/207/207
f 206/206/206 212/212/212 207/207/207
f 214/214/214 215/215/215 212/212/212
f 216/216/216 214/214/214 212/212/212
f 215/215/215 217/217/217 213/213/213
f 212/212/212 215/215/215 213/213/213
f 218/218/218 208/208/208 211/211/211
f 219/219/219 218/218/218 211/211/211
f 220/220/220 221/221/221 217/217/217
f 215/215/215 220/220/220 217/217/217
f 222/222/222 223/223/223 220/220/220
f 224/224/224 222/222/222 220/220/220
f 223/223/223 225/225/225 221/221/221
f 220/220/220 223/223/223 221/221/221
f 226/226/226 227/227/227 223/223/223
f 222/222/222 226/226/226 223/223/223
f 227/227/227 228/228/228 225/225/225
f 223/223/223 227/227/227 225/225/225
f 229/229/229 230/230/230 204/204/204
f 203/203/203 229/229/229 204/204/204
f 231/231/231 210/210/210 228/228/228
f 227/227/227 231/231/231 228/228/228
f 232/232/232 233/233/233 231/231/231
f 234/234/234 232/232/232 231/231/231
f 233/233/233 211/211/211 210/210/210
f 231/231/231 233/233/233 210/210/210
f 235/235/235 229/229/229 203/203/203
f 207/207/207 235/235/235 203/203/203
f 236/236/236 219/219/219 211/211/211
f 233/233/233 236/236/236 211/211/211
f 237/237/237 235/235/235 207/207/207
f 213/213/213 237/237/237 207/207/207
f 238/238/238 239/239/239 240/240/240
f 241/241/241 238/238/238 240/240/240
f 242/242/242 237/237/237 213/213/213
f 217/217/217 242/242/242 213/213/213
f 243/243/243 242/242/242 217/217/217
f 221/221/221 243/243/243 217/217/217
f 244/244/244 245/245/245 239/239/239
f 238/238/238 244/244/244 239/239/239
f 246/246/246 247/247/247 245/245/245
f 244/244/244 246/246/246 245/245/245
f 243/243/243 248/248/248 249/249/249
f 242/242/242 243/243/243 249/249/249
f 250/250/250 248/248/248 243/243/243
f 251/251/251 250/250/250 243/243/243
f 252/252/252 250/250/250 251/251/251
f 253/253/253 252/252/252 251/251/251
f 254/254/254 252/252/252 253/253/253
f 209/209/209 254/254/254 253/253/253
f 255/255/255 254/254/254 209/209/209
f 208/208/208 255/255/255 209/209/209
f 256/256/256 255/255/255 208/208/208
f 218/218/218 256/256/256 208/208/208
f 257/257/257 258/258/258 230/230/230
f 229/229/229 257/257/257 230/230/230
f 259/259/259 257/257/257 229/229/229
f 235/235/235 259/259/259 229/229/229
f 260/260/260 259/259/259 235/235/235
f 237/237/237 260/260/260 235/235/235
f 249/249/249 260/260/260 237/237/237
f 242/242/242 249/249/249 237/237/237
f 225/225/225 251/251/251 243/243/243
f 221/221/221 225/225/225 243/243/243
f 253/253/253 251/251/251 225/225/225
f 228/228/228 253/253/253 225/225/225
f 209/209/209 253/253/253 228/228/228
f 210/210/210 209/209/209 228/228/228
f 205/205/205 212/212/212 206/206/206
f 214/214/214 224/224/224 215/215/215
f 226/226/226 234/234/234 231/231/231
f 232/232/232 261/261/261 233/233/233
f 262/262/262 263/263/263 238/238/238
f 239/239/239 199/199/199 202/202/202
f 263/263/263 244/244/244 238/238/238
f 245/245/245 205/205/205 199/199/199
f 245/245/245 247/247/247 205/205/205
f 264/264/264 246/246/246 244/244/244
f 239/239/239 245/245/245 199/199/199
f 263/263/263 264/264/264 244/244/244
f 262/262/262 238/238/238 241/241/241
f 240/240/240 239/239/239 202/202/202
f 224/224/224 220/220/220 215/215/215
f 205/205/205 216/216/216 212/212/212
f 261/261/261 236/236/236 233/233/233
f 226/226/226 231/231/231 227/227/227
f 265/265/265 266/266/266 267/267/267
f 268/268/268 265/265/265 267/267/267
f 269/269/269 270/270/270 266/266/266
f 265/265/265 269/269/269 266/266/266
f 266/266/266 271/271/271 272/272/272
f 267/267/267 266/266/266 272/272/272
f 270/270/270 273/273/273 271/271/271
f 266/266/266 270/270/270 271/271/271
f 271/271/271 274/274/274 275/275/275
f 272/272/272 271/271/271 275/275/275
f 273/273/273 276/276/276 274/274/274
f 271/271/271 273/273/273 274/274/274
f 274/274/274 277/277/277 278/278/278
f 275/275/275 274/274/274 278/278/278
f 276/276/276 279/279/279 277/277/277
f 274/274/274 276/276/276 277/277/277
f 277/277/277 280/280/280 281/281/281
f 278/278/278 277/277/277 281/281/281
f 279/279/279 282/282/282 280/280/280
f 277/277/277 279/279/279 280/280/280
f 280/280/280 283/283/283 284/284/284
f 281/281/281 280/280/280 284/284/284
f 282/282/282 285/285/285 283/283/283
f 280/280/280 282/282/282 283/283/283
f 279/279/279 286/286/286 287/287/287
f 282/282/282 279/279/279 287/287/287
f 282/282/282 287/287/287 288/288/288
f 285/285/285 282/282/282 288/288/288
f 269/269/269 289/289/289 290/290/290
f 270/270/270 269/269/269 290/290/290
f 268/268/268 291/291/291 292/292/292
f 293/293/293 268/268/268 292/292/292
f 270/270/270 290/290/290 294/294/294
f 273/273/273 270/270/270 294/294/294
f 273/273/273 294/294/294 295/295/295
f 276/276/276 273/273/273 295/295/295
f 291/291/291 296/296/296 297/297/297
f 292/292/292 291/291/291 297/297/297
f 296/296/296 272/272/272 298/298/298
f 297/297/297 296/296/296 298/298/298
f 295/295/295 299/299/299 300/300/300
f 286/286/286 295/295/295 300/300/300
f 286/286/286 300/300/300 301/301/301
f 287/287/287 286/286/286 301/301/301
f 287/287/287 301/301/301 302/302/302
f 288/288/288 287/287/287 302/302/302
f 289/289/289 303/303/303 304/304/304
f 290/290/290 289/289/289 304/304/304
f 290/290/290 304/304/304 305/305/305
f 294/294/294 290/290/290 305/305/305
f 294/294/294 305/305/305 299/299/299
f 295/295/295 294/294/294 299/299/299
f 295/295/295 286/286/286 279/279/279
f 276/276/276 295/295/295 279/279/279
f 306/306/306 307/307/307 308/308/308
f 309/309/309 310/310/310 311/311/311
f 293/293/293 292/292/292 312/312/312
f 291/291/291 268/268/268 267/267/267
f 312/312/312 292/292/292 297/297/297
f 296/296/296 267/267/267 272/272/272
f 311/311/311 313/313/313 314/314/314
f 315/315/315 316/316/316 317/317/317
f 316/316/316 318/318/318 317/317/317
f 313/313/313 307/307/307 314/314/314
f 304/304/304 303/303/303 319/319/319
f 313/313/313 320/320/320 308/308/308
f 315/315/315 319/319/319 316/316/316
f 317/317/317 321/321/321 315/315/315
f 310/310/310 320/320/320 313/313/313
f 317/317/317 318/318/318 308/308/308
f 306/306/306 308/308/308 318/318/318
f 309/309/309 322/322/322 310/310/310
f 319/319/319 315/315/315 321/321/321
f 305/305/305 319/319/319 321/321/321
f 319/319/319 303/303/303 316/316/316
f 310/310/310 313/313/313 311/311/311
f 313/313/313 308/308/308 307/307/307
f 320/320/320 310/310/310 317/317/317
f 317/317/317 308/308/308 320/320/320
f 321/321/321 317/317/317 322/322/322
f 310/310/310 322/322/322 317/317/317
f 321/321/321 309/309/309 305/305/305
f 321/321/321 322/322/322 309/309/309
f 309/309/309 311/311/311 305/305/305
f 316/316/316 306/306/306 318/318/318
f 303/303/303 306/306/306 316/316/316
f 303/303/303 307/307/307 306/306/306
f 305/305/305 304/304/304 319/319/319
f 291/291/291 267/267/267 296/296/296
f 312/312/312 297/297/297 298/298/298
f 323/323/323 324/324/324 325/325/325
f 326/326/326 323/323/323 325/325/325
f 327/327/327 328/328/328 324/324/324
f 323/323/323 327/327/327 324/324/324
f 329/329/329 330/330/330 328/328/328
f 327/327/327 329/329/329 328/328/328
f 326/326/326 325/325/325 331/331/331
f 332/332/332 326/326/326 331/331/331
f 333/333/333 334/334/334 335/335/335
f 336/336/336 333/333/333 335/335/335
f 336/336/336 335/335/335 330/330/330
f 329/329/329 336/336/336 330/330/330
f 336/336/336 337/337/337 333/333/333
f 338/338/338 336/336/336 329/329/329
f 339/339/339 338/338/338 340/340/340
f 340/340/340 338/338/338 329/329/329
f 340/340/340 327/327/327 323/323/323
f 339/339/339 341/341/341 338/338/338
f 342/342/342 340/340/340 323/323/323
f 343/343/343 326/326/326 332/332/332
f 344/344/344 345/345/345 346/346/346
f 347/347/347 348/348/348 349/349/349
f 339/339/339 340/340/340 342/342/342
f 330/330/330 335/335/335 350/350/350
f 349/349/349 351/351/351 352/352/352
f 353/353/353 354/354/354 355/355/355
f 354/354/354 356/356/356 355/355/355
f 351/351/351 345/345/345 352/352/352
f 335/335/335 334/334/334 350/350/350
f 351/351/351 357/357/357 346/346/346
f 353/353/353 350/350/350 354/354/354
f 355/355/355 358/358/358 353/353/353
f 348/348/348 357/357/357 351/351/351
f 355/355/355 356/356/356 346/346/346
f 344/344/344 346/346/346 356/356/356
f 347/347/347 359/359/359 348/348/348
f 350/350/350 353/353/353 358/358/358
f 330/330/330 350/350/350 358/358/358
f 350/350/350 334/334/334 354/354/354
f 348/348/348 351/351/351 349/349/349
f 351/351/351 346/346/346 345/345/345
f 357/357/357 348/348/348 355/355/355
f 355/355/355 346/346/346 357/357/357
f 358/358/358 355/355/355 359/359/359
f 348/348/348 359/359/359 355/355/355
f 358/358/358 347/347/347 330/330/330
f 358/358/358 359/359/359 347/347/347
f 347/347/347 349/349/349 330/330/330
f 354/354/354 344/344/344 356/356/356
f 334/334/334 344/344/344 354/354/354
f 334/334/334 345/345/345 344/344/344
f 343/343/343 323/323/323 326/326/326
f 338/338/338 341/341/341 336/336/336
f 340/340/340 329/329/329 327/327/327

v 1.063691 6.354451 0.809891
v 1.125358 6.211348 0.611120
v 1.160209 6.045478 0.806109
v 1.163426 6.309351 1.070217
v 1.850457 5.924778 0.691795
v 1.872216 6.067293 0.474424
v 2.045254 6.165126 0.630238
v 2.028734 6.142451 0.911842
v 2.070796 6.603955 0.993840
v 2.027688 6.403747 1.155372
v 2.132248 6.400230 0.857787
v 1.735089 6.820207 1.116302
v 1.738893 6.607585 1.282780
v 1.867225 6.123443 0.993751
v 1.752566 6.178110 0.973679
v 1.731904 6.058725 0.818452
v 1.483044 5.916153 0.613569
v 1.461366 6.080468 0.400336
v 1.637513 6.308798 1.110156
v 1.463811 6.426251 1.172788
v 1.590230 6.286027 0.908068
v 1.432884 6.239771 1.032190
v 1.528711 5.969938 0.844220
v 1.323938 6.748010 1.130536
v 1.346030 6.547664 1.292155
v 1.346698 6.109753 0.866460
v 1.320534 6.228889 1.093811
v 1.677449 6.371905 1.233267
v 1.832942 6.331779 1.082731
v 1.557655 6.092981 0.901276
v 1.150685 6.589556 1.037440
v 1.144805 6.183532 1.324724
v 1.270720 5.972925 1.249949
v 1.242794 5.979897 1.414127
v 1.227741 6.283871 1.150230
v 1.877577 5.869959 1.134159
v 2.089283 6.001360 1.151858
v 1.961434 5.841285 1.282595
v 1.991088 6.136636 1.010517
v 2.048719 6.534739 1.028708
v 2.127522 6.305153 1.040633
v 1.948998 6.437375 0.926416
v 1.719424 6.753521 1.100993
v 1.685241 6.632534 0.973523
v 1.834103 6.144616 0.977434
v 1.755156 6.018555 1.116359
v 1.743972 6.174047 1.039728
v 1.599109 5.797661 1.450953
v 1.622134 6.324039 1.012412
v 1.626397 6.225519 1.167980
v 1.466384 6.431942 1.049405
v 1.461958 6.228442 1.091344
v 1.571688 5.947424 1.108466
v 1.582138 5.813420 1.273417
v 1.330080 6.673351 1.160239
v 1.345604 6.567844 1.032136
v 1.419189 6.056999 1.186679
v 1.351830 6.237638 1.065703
v 1.631627 6.423617 0.934122
v 1.795871 6.342032 0.997928
v 1.589953 6.068369 1.106018
v 1.183046 6.487325 1.213499
v -1.086572 7.025661 -2.139007
v -1.308384 6.939421 -2.358454
v -1.057187 6.992301 -2.387634
v -1.333078 7.095178 -2.020041
v -1.552372 7.449529 -2.787802
v -1.432381 7.740821 -2.771896
v -1.320308 7.536457 -2.869190
v -1.637930 7.725635 -2.577970
v -1.427698 8.013866 -2.271041
v -1.479427 7.949967 -2.509856
v -1.648217 7.875614 -2.253958
v -1.507947 7.748252 -1.929474
v -1.259341 7.853620 -1.924001
v -1.648529 7.582859 -2.465462
v -1.516143 7.427339 -2.572781
v -1.559356 7.515334 -2.402006
v -1.111313 7.195556 -2.748491
v -1.369587 7.133161 -2.700124
v -1.533288 7.494703 -2.183288
v -1.388287 7.434794 -2.321056
v -1.442252 7.414765 -2.001043
v -1.446731 7.282414 -2.195882
v -1.515026 7.209604 -2.523540
v -1.164576 7.469711 -1.789485
v -1.408876 7.386160 -1.798733
v -1.378918 7.133213 -2.353802
v -1.455927 7.184543 -2.112968
v -1.595461 7.567189 -2.075521
v -1.570783 7.670246 -2.268443
v -1.490101 7.302714 -2.423831
v -1.133618 7.234808 -1.876967
v -1.582799 6.945109 -1.989684
v -1.744963 6.882378 -2.159477
v -1.618282 6.950534 -2.243678
v -1.452745 7.118071 -2.013443
v -1.825330 7.401853 -2.625421
v -1.998143 7.405973 -2.622839
v -1.915544 7.633249 -2.598660
v -1.721675 7.674239 -2.505631
v -1.688472 7.931780 -2.197882
v -1.571943 7.832092 -2.277703
v -1.779882 7.863599 -2.412493
v -1.553112 7.773303 -1.854242
v -1.450435 7.719378 -1.990639
v -1.617462 7.566556 -2.447787
v -1.622798 7.493474 -2.361180
v -1.723725 7.393481 -2.461131
v -1.979963 7.048528 -2.440003
v -1.513016 7.489234 -2.199878
v -1.450560 7.415845 -2.032598
v -1.667678 7.390931 -2.218378
v -1.523444 7.288002 -2.179344
v -1.643779 7.214104 -2.446483
v -1.816219 7.098291 -2.492601
v -1.435292 7.408184 -1.734521
v -1.352614 7.401629 -1.879105
v -1.617996 7.131547 -2.262367
v -1.447555 7.215174 -2.136830
v -1.431129 7.575174 -2.154667
v -1.579273 7.638755 -2.262900
v -1.627189 7.295375 -2.356555
v -1.447138 7.175459 -1.803516
v 1.499080 3.144039 -1.171010
v 1.507935 3.125699 -1.441110
v 1.570531 2.897169 -1.379310
v 1.655071 2.985983 -0.996713
v 2.259229 2.885994 -1.709957
v 2.249075 3.108862 -1.818026
v 2.473129 3.121912 -1.666373
v 2.513752 2.966475 -1.433406
v 2.618774 3.307100 -1.099930
v 2.589184 3.062919 -1.069060
v 2.635090 3.208756 -1.351786
v 2.312899 3.409358 -0.788454
v 2.332432 3.154822 -0.771591
v 2.359937 2.903709 -1.336451
v 2.240453 2.952814 -1.294713
v 2.174422 2.928995 -1.494110
v 1.856114 2.899415 -1.696780
v 1.803303 3.136106 -1.778279
v 2.161109 2.988564 -1.073151
v 2.003208 3.046385 -0.909332
v 2.066220 3.065322 -1.249619
v 1.923219 2.960021 -1.133380
v 1.958317 2.834200 -1.477014
v 1.877634 3.323936 -0.723015
v 1.785177 2.929475 -1.332830
v 1.916479 3.082671 -0.707348
v 1.817431 2.916034 -1.060553
v 2.235226 2.982681 -0.939154
v 2.362526 3.029859 -1.128742
v 2.012437 2.908844 -1.361930
v 1.661041 3.230885 -0.856423
v 1.490340 2.812856 -1.218962
v 1.603561 2.960072 -1.416466
v 1.500920 2.847498 -1.477142
v 1.670596 2.852497 -1.085481
v 2.210741 2.941138 -1.708471
v 2.427588 2.791567 -1.695610
v 2.214058 2.831299 -1.839816
v 2.428097 2.835290 -1.470717
v 2.551195 2.564313 -1.164969
v 2.575282 2.674604 -1.399968
v 2.486601 2.722677 -1.156280
v 2.253446 2.641511 -0.899706
v 2.297220 2.896035 -1.380905
v 2.132553 2.896095 -1.520984
v 2.188458 2.858412 -1.347073
v 1.855217 2.956878 -1.696841
v 2.115595 2.819076 -1.154094
v 2.026893 2.768203 -1.314286
v 1.972150 2.769146 -1.013228
v 1.908603 2.864769 -1.204750
v 1.949413 2.994411 -1.499283
v 1.892794 2.731023 -0.837510
v 1.838057 2.580511 -0.802294
v 1.789863 2.913502 -1.378110
v 1.818640 2.906906 -1.137517
v 2.180923 2.811072 -1.035866
v 2.289818 2.771552 -1.206187
v 1.991296 2.917511 -1.402903
v 2.248902 2.468630 -0.872272
v 1.784191 2.836645 -1.802484
v 1.638035 2.695893 -0.923321
v -0.162022 4.907032 -2.881233
v -0.385330 4.662974 -2.878289
v -0.149294 4.643000 -2.940343
v -0.395531 5.063595 -2.906821
v -0.686156 4.435081 -3.542611
v -0.589601 4.556552 -3.824092
v -0.474632 4.376325 -3.657753
v -0.772469 4.754627 -3.738011
v -0.567948 5.163864 -3.908178
v -0.630482 4.901562 -3.933800
v -0.769440 5.137957 -3.766114
v -0.602353 5.410065 -3.519349
v -0.369938 5.444986 -3.620433
v -0.764751 4.814062 -3.555233
v -0.634317 4.641425 -3.440799
v -0.669711 4.848469 -3.464607
v -0.241312 4.359439 -3.275247
v -0.482125 4.395406 -3.196703
v -0.627493 5.059557 -3.363005
v -0.493695 4.892048 -3.354298
v -0.521274 5.208675 -3.216053
v -0.530454 4.962616 -3.157529
v -0.614698 4.608259 -3.207358
v -0.242609 5.430537 -3.190767
v -0.466241 4.744222 -3.068366
v -0.472650 5.399917 -3.112625
v -0.526607 5.009264 -3.030098
v -0.684593 5.198134 -3.394928
v -0.681795 5.042126 -3.568215
v -0.589966 4.742852 -3.262297
v -0.202903 5.252041 -2.990940
v -0.426355 4.781142 -2.738499
v -0.360506 4.544625 -2.826205
v -0.326167 4.645545 -2.950807
v -0.504706 4.943005 -2.878293
v -0.599782 4.441785 -3.532106
v -0.673554 4.288026 -3.516509
v -0.837781 4.443905 -3.645737
v -0.837228 4.670443 -3.611542
v -1.178671 4.908683 -3.518151
v -1.013092 4.949635 -3.533450
v -1.059065 4.715807 -3.646457
v -1.006514 5.143023 -3.234556
v -0.734443 4.754804 -3.505694
v -0.717298 4.762962 -3.387251
v -0.629117 4.599025 -3.399033
v -0.409865 4.409897 -3.232615
v -0.745342 4.927647 -3.260010
v -0.738544 5.030381 -3.080252
v -0.718166 4.749446 -3.199815
v -0.594450 4.863660 -3.116356
v -0.457173 4.621093 -3.282304
v -0.759510 5.178010 -2.952216
v -0.865624 5.165281 -2.827847
v -0.465434 4.694798 -3.079365
v -0.524360 4.927005 -3.042436
v -0.804035 5.047297 -3.283432
v -0.864740 4.888545 -3.399800
v -0.559110 4.698817 -3.259404
v -1.155568 5.123682 -3.144722
v -0.459311 4.268166 -3.142458
v -0.647641 5.053042 -2.739220

vt 0.658910 0.000000
vt 0.862738 0.119557
vt 0.839434 0.149202
vt 0.500000 0.057840
vt 0.823742 0.848039
vt 0.862738 0.880443
vt 0.658910 1.000000
vt 0.500000 0.939400
vt 0.137262 0.880443
vt 0.176258 0.848039
vt 0.341090 1.000000
vt 0.000000 0.500000
vt 0.032651 0.513649
vt 0.499285 0.799410
vt 0.504354 0.659310
vt 0.685106 0.688594
vt 0.967349 0.513649
vt 1.000000 0.500000
vt 0.360802 0.502084
vt 0.286618 0.304340
vt 0.514560 0.496467
vt 0.504354 0.333624
vt 0.799609 0.507992
vt 0.137262 0.119557
vt 0.160566 0.149202
vt 0.714469 0.304340
vt 0.499285 0.193525
vt 0.208487 0.507992
vt 0.315982 0.688594
vt 0.652549 0.502084
vt 0.341090 0.000000
vt 0.658910 0.000000
vt 0.811196 0.178216
vt 0.862738 0.119557
vt 0.500000 0.094456
vt 0.796809 0.818916
vt 0.658910 1.000000
vt 0.862738 0.880443
vt 0.500000 0.902677
vt 0.137262 0.880443
vt 0.341090 1.000000
vt 0.203191 0.818916
vt 0.000000 0.500000
vt 0.071531 0.500000
vt 0.500000 0.777488
vt 0.669706 0.672736
vt 0.500000 0.645888
vt 1.000000 0.500000
vt 0.372383 0.500000
vt 0.500000 0.500000
vt 0.304370 0.320449
vt 0.500000 0.347297
vt 0.777763 0.500000
vt 0.928469 0.500000
vt 0.137262 0.119557
vt 0.188804 0.178217
vt 0.696627 0.320449
vt 0.500000 0.215696
vt 0.229659 0.500000
vt 0.331291 0.672735
vt 0.639858 0.500000
vt 0.341090 0.000000
vt 0.658910 0.000000
vt 0.839434 0.149202
vt 0.862738 0.119557
vt 0.500000 0.057840
vt 0.823742 0.848039
vt 0.658910 1.000000
vt 0.862738 0.880443
vt 0.500000 0.939400
vt 0.137262 0.880443
vt 0.341090 1.000000
vt 0.176258 0.848039
vt 0.032651 0.513649
vt 0.000000 0.500000
vt 0.499285 0.799410
vt 0.685106 0.688594
vt 0.504354 0.659310
vt 1.000000 0.500000
vt 0.967349 0.513649
vt 0.360802 0.502084
vt 0.514560 0.496467
vt 0.286618 0.304340
vt 0.504354 0.333624
vt 0.799609 0.507992
vt 0.137262 0.119557
vt 0.160566 0.149202
vt 0.714469 0.304340
vt 0.499285 0.193525
vt 0.208487 0.507992
vt 0.315982 0.688594
vt 0.652549 0.502084
vt 0.341090 0.000000
vt 0.658910 0.000000
vt 0.862738 0.119557
vt 0.811196 0.178216
vt 0.500000 0.094456
vt 0.796809 0.818916
vt 0.862738 0.880443
vt 0.658910 1.000000
vt 0.500000 0.902677
vt 0.137262 0.880443
vt 0.203191 0.818916
vt 0.341090 1.000000
vt 0.000000 0.500000
vt 0.071531 0.500000
vt 0.500000 0.777488
vt 0.500000 0.645888
vt 0.669706 0.672736
vt 1.000000 0.500000
vt 0.372383 0.500000
vt 0.304370 0.320449
vt 0.500000 0.500000
vt 0.500000 0.347297
vt 0.777763 0.500000
vt 0.928469 0.500000
vt 0.137262 0.119557
vt 0.188804 0.178217
vt 0.696627 0.320449
vt 0.500000 0.215696
vt 0.229659 0.500000
vt 0.331291 0.672735
vt 0.639858 0.500000
vt 0.341090 0.000000
vt -0.007472 0.670660
vt 0.110275 0.913972
vt 0.164547 0.854692
vt 0.081590 0.500000
vt 0.809557 0.860362
vt 0.866421 0.926179
vt 1.001369 0.670660
vt 0.909714 0.500000
vt 0.886488 0.073821
vt 0.829624 0.139638
vt 1.001369 0.329340
vt 0.496948 -0.036970
vt 0.496948 0.032651
vt 0.790174 0.499459
vt 0.646602 0.500000
vt 0.674110 0.700000
vt 0.496948 0.967349
vt 0.496948 1.036969
vt 0.496948 0.360802
vt 0.313149 0.300000
vt 0.496948 0.500000
vt 0.340657 0.500000
vt 0.497392 0.812036
vt 0.118875 0.061614
vt 0.313149 0.700000
vt 0.167414 0.133101
vt 0.197085 0.499459
vt 0.497392 0.196060
vt 0.674110 0.300000
vt 0.496948 0.652549
vt -0.007472 0.329340
vt 0.000000 0.670507
vt 0.178217 0.833905
vt 0.119557 0.899831
vt 0.094456 0.500000
vt 0.818916 0.845025
vt 1.000000 0.670507
vt 0.880443 0.910454
vt 0.902677 0.500000
vt 0.872476 0.100169
vt 1.000000 0.329493
vt 0.816260 0.170909
vt 0.500000 0.040264
vt 0.751904 0.500000
vt 0.672735 0.700000
vt 0.645888 0.500000
vt 0.500000 0.959737
vt 0.500000 0.363070
vt 0.500000 0.500000
vt 0.320449 0.300000
vt 0.347296 0.500000
vt 0.500000 0.771251
vt 0.180872 0.160784
vt 0.119557 0.100169
vt 0.320449 0.700000
vt 0.241280 0.500000
vt 0.500000 0.236713
vt 0.672735 0.300000
vt 0.500000 0.650064
vt 0.500000 -0.036487
vt 0.500000 1.036487
vt 0.000000 0.329493
vt -0.007472 0.670660
vt 0.164547 0.854692
vt 0.110275 0.913972
vt 0.081590 0.500000
vt 0.809557 0.860362
vt 1.001369 0.670660
vt 0.866421 0.926179
vt 0.909714 0.500000
vt 0.886488 0.073821
vt 1.001369 0.329340
vt 0.829624 0.139638
vt 0.496948 0.032651
vt 0.496948 -0.036970
vt 0.790174 0.499459
vt 0.674110 0.700000
vt 0.646602 0.500000
vt 0.496948 1.036969
vt 0.496948 0.967349
vt 0.496948 0.360802
vt 0.496948 0.500000
vt 0.313149 0.300000
vt 0.340657 0.500000
vt 0.497392 0.812036
vt 0.118875 0.061614
vt 0.313149 0.700000
vt 0.167414 0.133101
vt 0.197085 0.499459
vt 0.497392 0.196060
vt 0.674110 0.300000
vt 0.496948 0.652549
vt -0.007472 0.329340
vt 0.000000 0.670507
vt 0.119557 0.899831
vt 0.178217 0.833905
vt 0.094456 0.500000
vt 0.818916 0.845025
vt 0.880443 0.910454
vt 1.000000 0.670507
vt 0.902677 0.500000
vt 0.872476 0.100169
vt 0.816260 0.170909
vt 1.000000 0.329493
vt 0.500000 0.040264
vt 0.751904 0.500000
vt 0.645888 0.500000
vt 0.672735 0.700000
vt 0.500000 0.959737
vt 0.500000 0.363070
vt 0.320449 0.300000
vt 0.500000 0.500000
vt 0.347296 0.500000
vt 0.500000 0.771251
vt 0.180872 0.160784
vt 0.119557 0.100169
vt 0.320449 0.700000
vt 0.241280 0.500000
vt 0.500000 0.236713
vt 0.672735 0.300000
vt 0.500000 0.650064
vt 0.500000 -0.036487
vt 0.500000 1.036487
vt 0.000000 0.329493

vn -0.999645 -0.009822 0.024764
vn -0.827728 -0.305817 -0.470470
vn -0.588371 -0.768246 0.252225
vn -0.747586 -0.297880 0.593619
vn 0.340437 -0.916143 0.211625
vn 0.385131 -0.626855 -0.677294
vn 0.870256 -0.383470 -0.309202
vn 0.735757 -0.591481 0.329868
vn 0.791929 0.472519 0.386748
vn 0.548406 -0.354877 0.757175
vn 0.998988 -0.035569 0.027517
vn 0.187210 0.759830 0.622583
vn 0.314220 0.244543 0.917314
vn -0.093460 -0.675104 0.731778
vn -0.488207 -0.509925 0.708259
vn -0.061009 -0.593275 0.802685
vn -0.132430 -0.957729 -0.255376
vn -0.323726 -0.620982 -0.713851
vn -0.146047 -0.935062 0.323001
vn 0.027059 -0.779721 0.625542
vn -0.020416 -0.681804 0.731250
vn 0.482441 -0.696469 0.531208
vn 0.005012 -0.672709 0.739890
vn -0.446777 0.723706 0.525965
vn -0.324723 -0.055781 0.944163
vn 0.091199 -0.615622 0.782747
vn 0.073508 -0.708021 0.702355
vn -0.011462 -0.718537 0.695394
vn -0.111320 -0.745313 0.657356
vn 0.099024 -0.250601 0.963013
vn -0.872685 0.333287 0.356847
vn -0.983814 -0.171575 -0.051685
vn -0.579893 -0.599194 -0.551988
vn -0.724220 -0.634174 0.270792
vn -0.744130 -0.145057 -0.652096
vn 0.093426 -0.727389 -0.679835
vn 0.763298 -0.516032 -0.388698
vn 0.478173 -0.878114 0.016347
vn 0.357717 -0.360407 -0.861479
vn 0.658550 0.554914 -0.508314
vn 0.824083 -0.033125 -0.565500
vn 0.194803 0.081673 -0.977436
vn 0.073331 0.840413 -0.536962
vn -0.038913 0.482312 -0.875135
vn -0.318464 -0.291248 -0.902084
vn -0.300410 -0.184857 -0.935725
vn -0.683290 -0.177113 -0.708340
vn -0.155718 -0.979306 0.129273
vn -0.280038 -0.706472 -0.649981
vn -0.248266 -0.293091 -0.923288
vn -0.181261 -0.424326 -0.887182
vn 0.287242 -0.363461 -0.886221
vn -0.225404 -0.279617 -0.933278
vn -0.212470 -0.909083 -0.358363
vn -0.543720 0.799835 -0.254229
vn -0.477717 0.215485 -0.851676
vn -0.149810 -0.204459 -0.967344
vn -0.151830 -0.323594 -0.933935
vn -0.232648 -0.341195 -0.910747
vn -0.320838 -0.387873 -0.864070
vn -0.166495 0.202374 -0.965051
vn -0.923283 0.309318 -0.227750
vn 0.338935 -0.844131 0.415411
vn -0.434885 -0.900133 -0.025224
vn 0.442655 -0.879135 -0.176571
vn -0.328306 -0.766099 0.552546
vn -0.833753 -0.201464 -0.514071
vn -0.333608 0.511566 -0.791837
vn -0.048699 -0.041992 -0.997930
vn -0.860923 0.310901 -0.402681
vn -0.268691 0.936000 0.227397
vn -0.403225 0.821054 -0.404078
vn -0.947799 0.298162 0.113034
vn -0.607699 0.431986 0.666401
vn -0.038814 0.592622 0.804545
vn -0.893703 -0.415309 0.169743
vn -0.905046 -0.341011 0.254171
vn -0.632817 -0.658469 0.407383
vn 0.237496 -0.635733 -0.734465
vn -0.360116 -0.639387 -0.679339
vn -0.747185 -0.616049 -0.249396
vn -0.923918 -0.357592 0.136031
vn -0.926989 -0.374802 -0.014668
vn -0.974790 0.049127 -0.217647
vn -0.933621 -0.330972 0.137149
vn 0.236640 0.036716 0.970903
vn -0.579123 -0.266226 0.770546
vn -0.959928 -0.226012 0.165701
vn -0.953762 -0.293997 0.062486
vn -0.924527 -0.371340 0.085774
vn -0.878057 -0.471196 0.083611
vn -0.865422 -0.014922 0.500821
vn 0.270276 -0.538905 0.797830
vn 0.476868 -0.843970 0.245586
vn -0.011696 -0.994222 -0.106706
vn 0.634458 -0.610909 -0.473554
vn 0.885042 -0.459131 -0.076808
vn 0.401533 -0.118004 -0.908211
vn -0.408034 -0.114236 -0.905791
vn -0.125244 0.430146 -0.894029
vn 0.502953 0.344479 -0.792699
vn 0.231901 0.972347 -0.027616
vn 0.764239 0.495528 -0.412784
vn 0.090404 0.796307 -0.598099
vn 0.587849 0.682145 0.434870
vn 0.863348 0.501955 0.051689
vn 0.870841 -0.131465 -0.473660
vn 0.898524 -0.412138 -0.150989
vn 0.911578 -0.048791 -0.408222
vn -0.224767 -0.697645 -0.680273
vn 0.556450 -0.406346 -0.724739
vn 0.767706 -0.102195 -0.632600
vn 0.855533 -0.071350 -0.512808
vn 0.556976 0.295525 -0.776172
vn 0.855890 -0.043113 -0.515358
vn 0.234933 -0.554082 -0.798623
vn 0.628679 0.093106 0.772071
vn 0.999656 0.006963 0.025265
vn 0.863814 0.067354 -0.499288
vn 0.813260 -0.009756 -0.581819
vn 0.828166 -0.089403 -0.553307
vn 0.820795 -0.197919 -0.535839
vn 0.947504 0.276704 -0.160223
vn 0.691616 -0.479336 0.540282
vn -0.970187 -0.069531 0.232171
vn -0.894374 -0.104860 -0.434855
vn -0.503082 -0.863258 0.041170
vn -0.599968 -0.636532 0.484630
vn 0.294494 -0.886710 -0.356397
vn 0.184728 -0.145549 -0.971952
vn 0.754542 -0.125846 -0.644072
vn 0.713700 -0.676774 -0.180579
vn 0.888717 0.231938 0.395458
vn 0.638296 -0.703818 0.311800
vn 0.977439 -0.006326 -0.211121
vn 0.426996 0.384800 0.818293
vn 0.450479 -0.236624 0.860859
vn 0.016272 -0.966173 0.257382
vn -0.326225 -0.856128 0.400777
vn 0.063627 -0.937266 0.342758
vn -0.339742 -0.655369 -0.674587
vn -0.451506 -0.086264 -0.888088
vn -0.126935 -0.979318 -0.157555
vn 0.092080 -0.989948 0.107353
vn 0.078425 -0.967392 0.240837
vn 0.485181 -0.874344 -0.011056
vn 0.100974 -0.964774 0.242929
vn -0.184837 0.275603 0.943334
vn 0.188874 -0.938420 0.289301
vn -0.154420 -0.677732 0.718912
vn 0.151522 -0.970192 0.189125
vn 0.077939 -0.977243 0.197284
vn -0.018702 -0.984704 0.173228
vn 0.259734 -0.755921 0.600934
vn -0.750239 0.048407 0.659392
vn -0.852674 0.432454 0.293138
vn -0.283135 0.950790 0.125832
vn -0.803465 0.468514 -0.367339
vn -0.333665 0.807619 0.486229
vn 0.297833 0.941669 -0.156701
vn 0.750235 0.414092 -0.515437
vn 0.203913 0.464732 -0.861652
vn 0.609218 0.792947 0.009385
vn 0.874451 -0.066282 0.480565
vn 0.966582 0.242761 -0.082374
vn 0.566858 0.729624 0.382520
vn 0.441023 0.351591 0.825762
vn 0.092834 0.941158 0.324967
vn 0.137906 0.902156 0.408775
vn -0.261230 0.847464 0.462129
vn -0.205646 0.859018 -0.468826
vn -0.048945 0.994561 -0.091939
vn 0.155688 0.938532 0.308089
vn 0.171786 0.969449 0.175095
vn 0.557953 0.828579 0.046325
vn 0.178339 0.933773 0.310263
vn -0.005865 0.732489 0.680753
vn -0.125506 -0.068378 0.989734
vn 0.264539 0.896861 0.354484
vn 0.229844 0.938973 0.255931
vn 0.156053 0.951615 0.264720
vn 0.059415 0.968576 0.241515
vn 0.319597 0.684930 0.654774
vn 0.437387 -0.248271 0.864323
vn -0.401852 0.416341 -0.815583
vn -0.636709 0.261426 0.725436
vn 0.378222 0.076916 0.922514
vn -0.512312 -0.211993 0.832223
vn 0.392346 -0.565618 0.725356
vn -0.322904 0.251860 0.912304
vn -0.868035 -0.492314 0.064358
vn -0.393866 -0.546440 -0.739103
vn -0.096814 -0.946007 -0.309350
vn -0.908944 -0.220242 -0.353998
vn -0.274507 0.553638 -0.786213
vn -0.450128 -0.071621 -0.890087
vn -0.956129 0.240139 -0.167780
vn -0.527083 0.844644 -0.093594
vn 0.028856 0.931868 -0.361649
vn -0.877917 0.046628 0.476536
vn -0.886015 0.141857 0.441422
vn -0.635045 0.161736 0.755353
vn 0.250599 -0.939528 0.233424
vn -0.323234 -0.838161 0.439325
vn -0.769857 -0.377301 0.514747
vn -0.906870 0.038882 0.419614
vn -0.916757 -0.093188 0.388424
vn -0.991141 -0.129383 -0.029991
vn -0.915704 0.044552 0.399377
vn 0.213252 0.945848 0.244735
vn -0.940774 0.107058 0.321687
vn -0.601621 0.530920 0.596804
vn -0.938175 -0.001728 0.346157
vn -0.909880 -0.005415 0.414835
vn -0.866921 -0.043523 0.496542
vn -0.854419 0.456979 0.247260
vn 0.322705 0.545451 0.773527
vn 0.748012 0.279896 0.601778
vn 0.860694 -0.335905 0.382587
vn 0.929663 0.330189 -0.163410
vn 0.775124 0.630943 0.033065
vn 0.676009 0.134570 -0.724502
vn 0.431805 -0.676190 -0.596918
vn 0.058649 -0.285847 -0.956479
vn 0.366525 0.295987 -0.882072
vn -0.572833 0.558248 -0.600185
vn 0.273677 0.630779 -0.726099
vn -0.265495 0.112441 -0.957533
vn -0.056024 0.939689 -0.337410
vn 0.700615 0.567958 -0.431929
vn 0.776523 0.627857 -0.052981
vn 0.631309 0.643941 -0.432191
vn 0.908894 -0.252168 -0.332148
vn 0.884519 0.164324 -0.436604
vn 0.709252 0.442437 -0.548826
vn 0.669567 0.559460 -0.488554
vn 0.416561 0.333796 -0.845611
vn 0.653804 0.563303 -0.505203
vn 0.515339 0.840880 -0.165368
vn -0.155064 0.912195 0.379284
vn 0.572032 0.607416 -0.551203
vn 0.641156 0.519514 -0.564822
vn 0.687510 0.521433 -0.505409
vn 0.754170 0.490846 -0.436230
vn 0.315790 0.846782 -0.428061
vn -0.570146 0.820030 -0.049841
vn 0.687249 -0.724980 -0.045753
vn 0.424441 0.677480 0.600726

g polygon1
s 1
usemtl mat5
f 360/360/360 361/361/361 362/362/362
f 363/363/363 360/360/360 362/362/362
f 364/364/364 365/365/365 366/366/366
f 367/367/367 364/364/364 366/366/366
f 368/368/368 369/369/369 370/370/370
f 368/368/368 371/371/371 372/372/372
f 373/373/373 374/374/374 375/375/375
f 365/365/365 376/376/376 377/377/377
f 378/378/378 379/379/379 380/380/380
f 379/379/379 381/381/381 380/380/380
f 382/382/382 364/364/364 375/375/375
f 362/362/362 377/377/377 376/376/376
f 383/383/383 384/384/384 371/371/371
f 373/373/373 375/375/375 364/364/364
f 376/376/376 382/382/382 362/362/362
f 382/382/382 385/385/385 362/362/362
f 384/384/384 386/386/386 379/379/379
f 387/387/387 372/372/372 384/384/384
f 388/388/388 369/369/369 387/387/387
f 380/380/380 388/388/388 378/378/378
f 364/364/364 382/382/382 376/376/376
f 386/386/386 362/362/362 385/385/385
f 380/380/380 381/381/381 385/385/385
f 363/363/363 362/362/362 386/386/386
f 367/367/367 373/373/373 364/364/364
f 388/388/388 374/374/374 373/373/373
f 388/388/388 373/373/373 369/369/369
f 382/382/382 375/375/375 389/389/389
f 389/389/389 385/385/385 382/382/382
f 372/372/372 387/387/387 369/369/369
f 387/387/387 384/384/384 379/379/379
f 368/368/368 372/372/372 369/369/369
f 371/371/371 384/384/384 372/372/372
f 364/364/364 376/376/376 365/365/365
f 362/362/362 361/361/361 377/377/377
f 383/383/383 390/390/390 384/384/384
f 378/378/378 388/388/388 387/387/387
f 387/387/387 379/379/379 378/378/378
f 389/389/389 375/375/375 380/380/380
f 380/380/380 385/385/385 389/389/389
f 379/379/379 386/386/386 381/381/381
f 385/385/385 381/381/381 386/386/386
f 388/388/388 380/380/380 374/374/374
f 375/375/375 374/374/374 380/380/380
f 369/369/369 367/367/367 370/370/370
f 369/369/369 373/373/373 367/367/367
f 367/367/367 366/366/366 370/370/370
f 384/384/384 363/363/363 386/386/386
f 390/390/390 363/363/363 384/384/384
f 390/390/390 360/360/360 363/363/363
f 391/391/391 392/392/392 393/393/393
f 394/394/394 392/392/392 391/391/391
f 395/395/395 396/396/396 397/397/397
f 398/398/398 396/396/396 395/395/395
f 399/399/399 400/400/400 401/401/401
f 402/402/402 401/401/401 403/403/403
f 404/404/404 405/405/405 406/406/406
f 395/395/395 397/397/397 407/407/407
f 408/408/408 409/409/409 410/410/410
f 410/410/410 409/409/409 411/411/411
f 412/412/412 405/405/405 395/395/395
f 392/392/392 413/413/413 407/407/407
f 414/414/414 402/402/402 415/415/415
f 404/404/404 395/395/395 405/405/405
f 413/413/413 392/392/392 412/412/412
f 412/412/412 392/392/392 416/416/416
f 415/415/415 410/410/410 417/417/417
f 418/418/418 415/415/415 403/403/403
f 419/419/419 418/418/418 401/401/401
f 409/409/409 408/408/408 419/419/419
f 395/395/395 413/413/413 412/412/412
f 417/417/417 416/416/416 392/392/392
f 409/409/409 416/416/416 411/411/411
f 394/394/394 417/417/417 392/392/392
f 398/398/398 395/395/395 404/404/404
f 419/419/419 404/404/404 406/406/406
f 419/419/419 401/401/401 404/404/404
f 412/412/412 420/420/420 405/405/405
f 420/420/420 412/412/412 416/416/416
f 403/403/403 401/401/401 418/418/418
f 418/418/418 410/410/410 415/415/415
f 402/402/402 399/399/399 401/401/401
f 402/402/402 403/403/403 415/415/415
f 413/413/413 395/395/395 407/407/407
f 392/392/392 407/407/407 393/393/393
f 414/414/414 415/415/415 421/421/421
f 408/408/408 418/418/418 419/419/419
f 418/418/418 408/408/408 410/410/410
f 420/420/420 409/409/409 405/405/405
f 409/409/409 420/420/420 416/416/416
f 410/410/410 411/411/411 417/417/417
f 416/416/416 417/417/417 411/411/411
f 419/419/419 406/406/406 409/409/409
f 405/405/405 409/409/409 406/406/406
f 401/401/401 400/400/400 398/398/398
f 401/401/401 398/398/398 404/404/404
f 398/398/398 400/400/400 396/396/396
f 415/415/415 417/417/417 394/394/394
f 421/421/421 415/415/415 394/394/394
f 421/421/421 394/394/394 391/391/391
f 422/422/422 423/423/423 424/424/424
f 425/425/425 423/423/423 422/422/422
f 426/426/426 427/427/427 428/428/428
f 429/429/429 427/427/427 426/426/426
f 430/430/430 431/431/431 432/432/432
f 430/430/430 433/433/433 434/434/434
f 435/435/435 436/436/436 437/437/437
f 428/428/428 438/438/438 439/439/439
f 440/440/440 441/441/441 442/442/442
f 442/442/442 441/441/441 443/443/443
f 444/444/444 436/436/436 426/426/426
f 423/423/423 439/439/439 438/438/438
f 445/445/445 434/434/434 446/446/446
f 435/435/435 426/426/426 436/436/436
f 439/439/439 423/423/423 444/444/444
f 444/444/444 423/423/423 447/447/447
f 446/446/446 442/442/442 448/448/448
f 449/449/449 446/446/446 433/433/433
f 450/450/450 449/449/449 432/432/432
f 441/441/441 440/440/440 450/450/450
f 426/426/426 439/439/439 444/444/444
f 448/448/448 447/447/447 423/423/423
f 441/441/441 447/447/447 443/443/443
f 425/425/425 448/448/448 423/423/423
f 429/429/429 426/426/426 435/435/435
f 450/450/450 435/435/435 437/437/437
f 450/450/450 432/432/432 435/435/435
f 444/444/444 451/451/451 436/436/436
f 451/451/451 444/444/444 447/447/447
f 433/433/433 432/432/432 449/449/449
f 449/449/449 442/442/442 446/446/446
f 430/430/430 432/432/432 433/433/433
f 434/434/434 433/433/433 446/446/446
f 426/426/426 428/428/428 439/439/439
f 423/423/423 438/438/438 424/424/424
f 445/445/445 446/446/446 452/452/452
f 440/440/440 449/449/449 450/450/450
f 449/449/449 440/440/440 442/442/442
f 451/451/451 441/441/441 436/436/436
f 441/441/441 451/451/451 447/447/447
f 442/442/442 443/443/443 448/448/448
f 447/447/447 448/448/448 443/443/443
f 450/450/450 437/437/437 441/441/441
f 436/436/436 441/441/441 437/437/437
f 432/432/432 431/431/431 429/429/429
f 432/432/432 429/429/429 435/435/435
f 429/429/429 431/431/431 427/427/427
f 446/446/446 448/448/448 425/425/425
f 452/452/452 446/446/446 425/425/425
f 452/452/452 425/425/425 422/422/422
f 453/453/453 454/454/454 455/455/455
f 456/456/456 453/453/453 455/455/455
f 457/457/457 458/458/458 459/459/459
f 460/460/460 457/457/457 459/459/459
f 461/461/461 462/462/462 463/463/463
f 464/464/464 465/465/465 462/462/462
f 466/466/466 467/467/467 468/468/468
f 457/457/457 469/469/469 458/458/458
f 470/470/470 471/471/471 472/472/472
f 471/471/471 473/473/473 472/472/472
f 474/474/474 457/457/457 468/468/468
f 455/455/455 469/469/469 475/475/475
f 476/476/476 477/477/477 464/464/464
f 466/466/466 468/468/468 457/457/457
f 475/475/475 474/474/474 455/455/455
f 474/474/474 478/478/478 455/455/455
f 477/477/477 479/479/479 471/471/471
f 480/480/480 465/465/465 477/477/477
f 481/481/481 462/462/462 480/480/480
f 472/472/472 481/481/481 470/470/470
f 457/457/457 474/474/474 475/475/475
f 479/479/479 455/455/455 478/478/478
f 472/472/472 473/473/473 478/478/478
f 456/456/456 455/455/455 479/479/479
f 460/460/460 466/466/466 457/457/457
f 481/481/481 467/467/467 466/466/466
f 481/481/481 466/466/466 462/462/462
f 474/474/474 468/468/468 482/482/482
f 482/482/482 478/478/478 474/474/474
f 465/465/465 480/480/480 462/462/462
f 480/480/480 477/477/477 471/471/471
f 464/464/464 462/462/462 461/461/461
f 464/464/464 477/477/477 465/465/465
f 475/475/475 469/469/469 457/457/457
f 455/455/455 454/454/454 469/469/469
f 476/476/476 483/483/483 477/477/477
f 470/470/470 481/481/481 480/480/480
f 480/480/480 471/471/471 470/470/470
f 482/482/482 468/468/468 472/472/472
f 472/472/472 478/478/478 482/482/482
f 471/471/471 479/479/479 473/473/473
f 478/478/478 473/473/473 479/479/479
f 481/481/481 472/472/472 467/467/467
f 468/468/468 467/467/467 472/472/472
f 462/462/462 460/460/460 463/463/463
f 462/462/462 466/466/466 460/460/460
f 460/460/460 459/459/459 463/463/463
f 477/477/477 456/456/456 479/479/479
f 483/483/483 456/456/456 477/477/477
f 483/483/483 453/453/453 456/456/456
f 484/484/484 485/485/485 486/486/486
f 487/487/487 484/484/484 486/486/486
f 488/488/488 489/489/489 490/490/490
f 491/491/491 488/488/488 490/490/490
f 492/492/492 493/493/493 494/494/494
f 492/492/492 495/495/495 496/496/496
f 497/497/497 498/498/498 499/499/499
f 489/489/489 500/500/500 501/501/501
f 502/502/502 503/503/503 504/504/504
f 503/503/503 505/505/505 504/504/504
f 506/506/506 488/488/488 499/499/499
f 500/500/500 485/485/485 501/501/501
f 495/495/495 507/507/507 496/496/496
f 497/497/497 499/499/499 488/488/488
f 500/500/500 506/506/506 486/486/486
f 506/506/506 508/508/508 486/486/486
f 509/509/509 510/510/510 503/503/503
f 511/511/511 496/496/496 509/509/509
f 512/512/512 493/493/493 511/511/511
f 504/504/504 512/512/512 502/502/502
f 488/488/488 506/506/506 500/500/500
f 510/510/510 486/486/486 508/508/508
f 504/504/504 505/505/505 508/508/508
f 487/487/487 486/486/486 510/510/510
f 491/491/491 497/497/497 488/488/488
f 512/512/512 498/498/498 497/497/497
f 512/512/512 497/497/497 493/493/493
f 506/506/506 499/499/499 513/513/513
f 513/513/513 508/508/508 506/506/506
f 496/496/496 511/511/511 493/493/493
f 511/511/511 509/509/509 503/503/503
f 492/492/492 496/496/496 493/493/493
f 496/496/496 507/507/507 509/509/509
f 488/488/488 500/500/500 489/489/489
f 500/500/500 486/486/486 485/485/485
f 507/507/507 514/514/514 509/509/509
f 502/502/502 512/512/512 511/511/511
f 511/511/511 503/503/503 502/502/502
f 513/513/513 499/499/499 504/504/504
f 504/504/504 508/508/508 513/513/513
f 503/503/503 510/510/510 505/505/505
f 508/508/508 505/505/505 510/510/510
f 512/512/512 504/504/504 498/498/498
f 499/499/499 498/498/498 504/504/504
f 493/493/493 491/491/491 494/494/494
f 493/493/493 497/497/497 491/491/491
f 491/491/491 490/490/490 494/494/494
f 509/509/509 487/487/487 510/510/510
f 514/514/514 487/487/487 509/509/509
f 514/514/514 484/484/484 487/487/487
f 515/515/515 516/516/516 517/517/517
f 518/518/518 516/516/516 515/515/515
f 519/519/519 520/520/520 521/521/521
f 522/522/522 520/520/520 519/519/519
f 523/523/523 524/524/524 525/525/525
f 526/526/526 523/523/523 525/525/525
f 527/527/527 528/528/528 529/529/529
f 530/530/530 519/519/519 521/521/521
f 531/531/531 532/532/532 533/533/533
f 533/533/533 532/532/532 534/534/534
f 535/535/535 528/528/528 519/519/519
f 517/517/517 516/516/516 530/530/530
f 536/536/536 537/537/537 526/526/526
f 527/527/527 519/519/519 528/528/528
f 530/530/530 516/516/516 535/535/535
f 535/535/535 516/516/516 538/538/538
f 536/536/536 533/533/533 539/539/539
f 540/540/540 536/536/536 526/526/526
f 541/541/541 540/540/540 525/525/525
f 532/532/532 531/531/531 541/541/541
f 519/519/519 530/530/530 535/535/535
f 539/539/539 538/538/538 516/516/516
f 532/532/532 538/538/538 534/534/534
f 518/518/518 539/539/539 516/516/516
f 522/522/522 519/519/519 527/527/527
f 541/541/541 527/527/527 529/529/529
f 541/541/541 525/525/525 527/527/527
f 535/535/535 542/542/542 528/528/528
f 542/542/542 535/535/535 538/538/538
f 526/526/526 525/525/525 540/540/540
f 540/540/540 533/533/533 536/536/536
f 526/526/526 543/543/543 523/523/523
f 537/537/537 543/543/543 526/526/526
f 544/544/544 530/530/530 521/521/521
f 517/517/517 530/530/530 544/544/544
f 537/537/537 536/536/536 545/545/545
f 531/531/531 540/540/540 541/541/541
f 540/540/540 531/531/531 533/533/533
f 542/542/542 532/532/532 528/528/528
f 532/532/532 542/542/542 538/538/538
f 533/533/533 534/534/534 539/539/539
f 538/538/538 539/539/539 534/534/534
f 541/541/541 529/529/529 532/532/532
f 528/528/528 532/532/532 529/529/529
f 525/525/525 524/524/524 522/522/522
f 525/525/525 522/522/522 527/527/527
f 522/522/522 524/524/524 520/520/520
f 536/536/536 539/539/539 518/518/518
f 545/545/545 536/536/536 518/518/518
f 545/545/545 518/518/518 515/515/515
f 546/546/546 547/547/547 548/548/548
f 549/549/549 547/547/547 546/546/546
f 550/550/550 551/551/551 552/552/552
f 553/553/553 551/551/551 550/550/550
f 554/554/554 555/555/555 556/556/556
f 554/554/554 557/557/557 558/558/558
f 559/559/559 560/560/560 561/561/561
f 552/552/552 562/562/562 563/563/563
f 564/564/564 565/565/565 566/566/566
f 566/566/566 565/565/565 567/567/567
f 568/568/568 560/560/560 550/550/550
f 563/563/563 562/562/562 548/548/548
f 558/558/558 557/557/557 569/569/569
f 559/559/559 550/550/550 560/560/560
f 563/563/563 547/547/547 568/568/568
f 568/568/568 547/547/547 570/570/570
f 571/571/571 566/566/566 572/572/572
f 573/573/573 571/571/571 557/557/557
f 574/574/574 573/573/573 556/556/556
f 565/565/565 564/564/564 574/574/574
f 550/550/550 563/563/563 568/568/568
f 572/572/572 570/570/570 547/547/547
f 565/565/565 570/570/570 567/567/567
f 549/549/549 572/572/572 547/547/547
f 553/553/553 550/550/550 559/559/559
f 574/574/574 559/559/559 561/561/561
f 574/574/574 556/556/556 559/559/559
f 568/568/568 575/575/575 560/560/560
f 575/575/575 568/568/568 570/570/570
f 557/557/557 556/556/556 573/573/573
f 573/573/573 566/566/566 571/571/571
f 554/554/554 556/556/556 557/557/557
f 557/557/557 571/571/571 569/569/569
f 550/550/550 552/552/552 563/563/563
f 563/563/563 548/548/548 547/547/547
f 569/569/569 571/571/571 576/576/576
f 564/564/564 573/573/573 574/574/574
f 573/573/573 564/564/564 566/566/566
f 575/575/575 565/565/565 560/560/560
f 565/565/565 575/575/575 570/570/570
f 566/566/566 567/567/567 572/572/572
f 570/570/570 572/572/572 567/567/567
f 574/574/574 561/561/561 565/565/565
f 560/560/560 565/565/565 561/561/561
f 556/556/556 555/555/555 553/553/553
f 556/556/556 553/553/553 559/559/559
f 553/553/553 555/555/555 551/551/551
f 571/571/571 572/572/572 549/549/549
f 576/576/576 571/571/571 549/549/549
f 576/576/576 549/549/549 546/546/546
f 577/577/577 578/578/578 579/579/579
f 580/580/580 577/577/577 579/579/579
f 581/581/581 582/582/582 583/583/583
f 584/584/584 581/581/581 583/583/583
f 585/585/585 586/586/586 587/587/587
f 588/588/588 586/586/586 585/585/585
f 589/589/589 590/590/590 591/591/591
f 592/592/592 582/582/582 581/581/581
f 593/593/593 594/594/594 595/595/595
f 594/594/594 596/596/596 595/595/595
f 597/597/597 581/581/581 591/591/591
f 578/578/578 592/592/592 579/579/579
f 598/598/598 588/588/588 599/599/599
f 589/589/589 591/591/591 581/581/581
f 592/592/592 597/597/597 579/579/579
f 597/597/597 600/600/600 579/579/579
f 598/598/598 601/601/601 594/594/594
f 602/602/602 588/588/588 598/598/598
f 603/603/603 586/586/586 602/602/602
f 595/595/595 603/603/603 593/593/593
f 581/581/581 597/597/597 592/592/592
f 601/601/601 579/579/579 600/600/600
f 595/595/595 596/596/596 600/600/600
f 580/580/580 579/579/579 601/601/601
f 584/584/584 589/589/589 581/581/581
f 603/603/603 590/590/590 589/589/589
f 603/603/603 589/589/589 586/586/586
f 597/597/597 591/591/591 604/604/604
f 604/604/604 600/600/600 597/597/597
f 588/588/588 602/602/602 586/586/586
f 602/602/602 598/598/598 594/594/594
f 588/588/588 585/585/585 605/605/605
f 599/599/599 588/588/588 605/605/605
f 606/606/606 582/582/582 592/592/592
f 578/578/578 606/606/606 592/592/592
f 599/599/599 607/607/607 598/598/598
f 593/593/593 603/603/603 602/602/602
f 602/602/602 594/594/594 593/593/593
f 604/604/604 591/591/591 595/595/595
f 595/595/595 600/600/600 604/604/604
f 594/594/594 601/601/601 596/596/596
f 600/600/600 596/596/596 601/601/601
f 603/603/603 595/595/595 590/590/590
f 591/591/591 590/590/590 595/595/595
f 586/586/586 584/584/584 587/587/587
f 586/586/586 589/589/589 584/584/584
f 584/584/584 583/583/583 587/587/587
f 598/598/598 580/580/580 601/601/601
f 607/607/607 580/580/580 598/598/598
f 607/607/607 577/577/577 580/580/580

v 1.894975 6.989003 1.811978
v 1.767162 6.761201 1.353721
v 1.441007 6.702451 1.434082
v 1.513309 6.917004 1.894136
v 2.228382 6.779078 1.763258
v 2.056550 6.583724 1.321420
v 2.310925 6.556222 1.791811
v 2.128555 6.393172 1.349841
v 2.272876 6.253937 1.902483
v 2.095802 6.132961 1.445109
v 2.141530 6.089067 2.015885
v 1.981786 5.989754 1.538885
v 1.775257 6.037888 2.160200
v 1.664107 5.942469 1.653477
v 1.426457 6.226992 2.146763
v 1.366242 6.108480 1.651546
v 1.333087 6.435205 2.074491
v 1.286820 6.288999 1.593175
v 1.371136 6.737489 1.963818
v 1.319574 6.549210 1.497907
v 1.961434 5.841285 1.282595
v 2.089283 6.001360 1.151858
v 1.599109 5.797661 1.450953
v 1.242794 5.979897 1.414127
v 1.144805 6.183532 1.324724
v 1.183046 6.487325 1.213499
v 1.330080 6.673351 1.160239
v 1.719424 6.753521 1.100993
v 2.048719 6.534739 1.028708
v 2.127522 6.305153 1.040633
v 1.906962 6.610625 2.276221
v -1.717728 7.426667 -1.644913
v -1.791603 7.737323 -1.764587
v -2.202662 7.821446 -1.444928
v -2.106618 7.459771 -1.312379
v -1.934587 7.875148 -2.041800
v -2.358541 7.980769 -1.773440
v -2.029507 7.818027 -2.215091
v -2.464735 7.914099 -1.977332
v -2.145707 7.620725 -2.374551
v -2.599725 7.684893 -2.162576
v -2.199831 7.424774 -2.405792
v -2.666674 7.457572 -2.196286
v -2.157217 7.116524 -2.266316
v -2.627393 7.100268 -2.027782
v -1.982973 6.976293 -2.008904
v -2.414751 6.936574 -1.735225
v -1.860700 7.031306 -1.852939
v -2.268632 7.000169 -1.556622
v -1.744500 7.228609 -1.693479
v -2.133644 7.229375 -1.371379
v -1.915544 7.633249 -2.598660
v -1.998143 7.405973 -2.622839
v -1.979963 7.048528 -2.440003
v -1.744963 6.882378 -2.159477
v -1.582799 6.945109 -1.989684
v -1.447138 7.175459 -1.803516
v -1.435292 7.408184 -1.734521
v -1.553112 7.773303 -1.854242
v -1.688472 7.931780 -2.197882
v -1.779882 7.863599 -2.412493
v -2.679981 7.481262 -1.568528
v 2.123949 1.776184 -1.087044
v 2.175885 2.272773 -1.007100
v 1.818817 2.339689 -0.956022
v 1.711098 1.864852 -1.024357
v 2.420695 1.848733 -1.385232
v 2.429647 2.325814 -1.266669
v 2.441754 1.942183 -1.624057
v 2.447106 2.402507 -1.473402
v 2.294792 2.058566 -1.918230
v 2.320599 2.502691 -1.726629
v 2.085232 2.114394 -2.056728
v 2.140877 2.554499 -1.844701
v 1.661544 2.142373 -2.012639
v 1.777841 2.587993 -1.803865
v 1.375635 2.130512 -1.695854
v 1.530046 2.568374 -1.534056
v 1.362198 2.079750 -1.443949
v 1.517810 2.520926 -1.318361
v 1.509159 1.963367 -1.149776
v 1.644316 2.420742 -1.065134
v 2.214058 2.831299 -1.839816
v 2.427588 2.791567 -1.695610
v 1.784191 2.836645 -1.802484
v 1.500920 2.847498 -1.477142
v 1.490340 2.812856 -1.218962
v 1.638035 2.695893 -0.923321
v 1.838057 2.580511 -0.802294
v 2.248902 2.468630 -0.872272
v 2.551195 2.564313 -1.164969
v 2.575282 2.674604 -1.399968
v 1.826153 1.586308 -1.664129
v -1.035755 4.953050 -2.738344
v -1.263558 4.934099 -3.025278
v -1.646535 4.721567 -2.772598
v -1.374131 4.749888 -2.445137
v -1.303892 4.733263 -3.329617
v -1.685625 4.494563 -3.132013
v -1.214077 4.557803 -3.429975
v -1.578191 4.293245 -3.250938
v -1.024539 4.324908 -3.429359
v -1.358004 4.022694 -3.250221
v -0.871239 4.201646 -3.328210
v -1.183015 3.876987 -3.130379
v -0.667187 4.201316 -3.023339
v -0.953736 3.870297 -2.770346
v -0.603102 4.421433 -2.736937
v -0.871521 4.132311 -2.443501
v -0.672136 4.613765 -2.652274
v -0.948622 4.358256 -2.347487
v -0.861675 4.846659 -2.652891
v -1.168809 4.628807 -2.348203
v -0.837781 4.443905 -3.645737
v -0.673554 4.288026 -3.516509
v -0.459311 4.268166 -3.142458
v -0.360506 4.544625 -2.826205
v -0.426355 4.781142 -2.738499
v -0.647641 5.053042 -2.739220
v -0.865624 5.165281 -2.827847
v -1.155568 5.123682 -3.144722
v -1.178671 4.908683 -3.518151
v -1.059065 4.715807 -3.646457
v -1.565165 4.080769 -2.571303

vt 1.200309 1.222528
vt 1.200309 1.307006
vt 1.000309 1.307006
vt 1.000309 1.222528
vt 1.400309 1.222528
vt 1.400308 1.307006
vt 1.400309 1.222528
vt 1.400308 1.307006
vt 1.400309 1.222528
vt 1.400308 1.307006
vt 1.400309 1.222528
vt 1.400308 1.307006
vt 1.200309 1.222528
vt 1.200309 1.307006
vt 1.000309 1.222528
vt 1.000309 1.307006
vt 1.000309 1.222528
vt 1.000309 1.307006
vt 1.000309 1.222528
vt 1.000309 1.307006
vt 1.400308 1.400513
vt 1.400308 1.400513
vt 1.200308 1.400513
vt 1.000309 1.400513
vt 1.000309 1.400513
vt 1.000309 1.400513
vt 1.000309 1.400513
vt 1.200308 1.400513
vt 1.400308 1.400513
vt 1.400308 1.400513
vt 1.200309 1.204886
vt 1.000309 1.307006
vt 1.200309 1.307006
vt 1.200309 1.222528
vt 1.000309 1.222528
vt 1.400308 1.307006
vt 1.400309 1.222528
vt 1.400308 1.307006
vt 1.400309 1.222528
vt 1.400308 1.307006
vt 1.400309 1.222528
vt 1.400308 1.307006
vt 1.400309 1.222528
vt 1.200309 1.307006
vt 1.200309 1.222528
vt 1.000309 1.307006
vt 1.000309 1.222528
vt 1.000309 1.307006
vt 1.000309 1.222528
vt 1.000309 1.307006
vt 1.000309 1.222528
vt 1.400308 1.400513
vt 1.400308 1.400513
vt 1.200308 1.400513
vt 1.000309 1.400513
vt 1.000309 1.400513
vt 1.000309 1.400513
vt 1.000309 1.400513
vt 1.200308 1.400513
vt 1.400308 1.400513
vt 1.400308 1.400513
vt 1.200309 1.204886
vt 0.857748 0.000000
vt 0.857748 0.270444
vt 0.765039 0.270444
vt 0.750048 0.000000
vt 0.965448 0.000000
vt 0.950458 0.270444
vt 0.999294 0.000000
vt 0.979592 0.270444
vt 0.999294 0.000000
vt 0.979592 0.270444
vt 0.965448 0.000000
vt 0.950458 0.270444
vt 0.857748 0.000000
vt 0.857748 0.270444
vt 0.750048 0.000000
vt 0.765039 0.270444
vt 0.716203 0.000000
vt 0.735904 0.270444
vt 0.716203 0.000000
vt 0.735904 0.270444
vt 0.965985 0.500000
vt 1.000000 0.500000
vt 0.857748 0.500000
vt 0.749511 0.500000
vt 0.715497 0.500000
vt 0.715497 0.500000
vt 0.749511 0.500000
vt 0.857748 0.500000
vt 0.965985 0.500000
vt 1.000000 0.500000
vt 0.857748 0.000000
vt 0.765039 0.270444
vt 0.857748 0.270444
vt 0.857748 0.000000
vt 0.750048 0.000000
vt 0.950458 0.270444
vt 0.965448 0.000000
vt 0.979592 0.270444
vt 0.999294 0.000000
vt 0.979592 0.270444
vt 0.999294 0.000000
vt 0.950458 0.270444
vt 0.965448 0.000000
vt 0.857748 0.270444
vt 0.857748 0.000000
vt 0.765039 0.270444
vt 0.750048 0.000000
vt 0.735904 0.270444
vt 0.716203 0.000000
vt 0.735904 0.270444
vt 0.716203 0.000000
vt 1.000000 0.500000
vt 0.965985 0.500000
vt 0.857748 0.500000
vt 0.749511 0.500000
vt 0.715497 0.500000
vt 0.715497 0.500000
vt 0.749511 0.500000
vt 0.857748 0.500000
vt 0.965985 0.500000
vt 1.000000 0.500000
vt 0.857748 0.000000

vn 0.205031 0.974280 0.093487
vn 0.132340 0.951067 -0.279208
vn -0.534940 0.840616 -0.084876
vn -0.426420 0.862539 0.272382
vn 0.773990 0.631003 0.052673
vn 0.738139 0.595063 -0.317885
vn 0.978953 0.152389 0.135749
vn 0.975206 0.064757 -0.211610
vn 0.929496 -0.240536 0.279607
vn 0.917195 -0.396126 -0.042870
vn 0.618740 -0.602406 0.504250
vn 0.562043 -0.803956 0.194325
vn -0.006422 -0.705641 0.708541
vn -0.101901 -0.909895 0.402129
vn -0.581671 -0.370869 0.723958
vn -0.711037 -0.558402 0.427333
vn -0.797809 0.092629 0.595752
vn -0.953441 -0.035315 0.299506
vn -0.748351 0.485554 0.451894
vn -0.895428 0.425568 0.130768
vn 0.478173 -0.878114 0.016347
vn 0.763298 -0.516032 -0.388698
vn -0.155718 -0.979306 0.129273
vn -0.724220 -0.634174 0.270792
vn -0.983814 -0.171575 -0.051685
vn -0.923283 0.309318 -0.227750
vn -0.543720 0.799835 -0.254229
vn 0.073331 0.840413 -0.536962
vn 0.658550 0.554914 -0.508314
vn 0.824083 -0.033125 -0.565500
vn 0.228594 0.309198 0.923115
vn 0.486655 0.070468 0.870747
vn 0.359391 0.709854 0.605760
vn 0.008883 0.665097 0.746704
vn 0.132236 0.057616 0.989542
vn 0.038143 0.998026 0.049897
vn -0.290674 0.932228 0.215547
vn -0.266745 0.859288 -0.436430
vn -0.550545 0.803941 -0.224899
vn -0.472558 0.509826 -0.718865
vn -0.726010 0.506007 -0.465688
vn -0.586605 -0.062771 -0.807437
vn -0.841467 -0.002997 -0.540300
vn -0.471644 -0.701209 -0.534657
vn -0.741306 -0.608692 -0.282770
vn -0.138094 -0.990328 0.013413
vn -0.418557 -0.877608 0.233696
vn 0.186476 -0.853106 0.487275
vn -0.117474 -0.752495 0.648036
vn 0.392288 -0.503645 0.769709
vn 0.057992 -0.454562 0.888825
vn -0.125244 0.430146 -0.894029
vn -0.408034 -0.114236 -0.905791
vn -0.224767 -0.697645 -0.680273
vn -0.011696 -0.994222 -0.106706
vn 0.476868 -0.843970 0.245586
vn 0.691616 -0.479336 0.540282
vn 0.628679 0.093106 0.772071
vn 0.587849 0.682145 0.434870
vn 0.231901 0.972347 -0.027616
vn 0.090404 0.796307 -0.598099
vn -0.843003 0.064922 0.533976
vn 0.321458 -0.676754 0.662321
vn 0.407660 -0.402626 0.819577
vn -0.281955 -0.299089 0.911618
vn -0.336150 -0.574134 0.746574
vn 0.780138 -0.599490 0.178873
vn 0.891495 -0.325744 0.314846
vn 0.839244 -0.431213 -0.331248
vn 0.957389 -0.152031 -0.245546
vn 0.655475 -0.285682 -0.699098
vn 0.749266 0.012786 -0.662145
vn 0.207560 -0.146052 -0.967258
vn 0.259723 0.174572 -0.949773
vn -0.453544 -0.063012 -0.889004
vn -0.432623 0.262813 -0.862419
vn -0.908728 -0.120695 -0.399557
vn -0.913728 0.201226 -0.353001
vn -0.960692 -0.248971 0.122822
vn -0.975257 0.051958 0.214881
vn -0.776923 -0.394502 0.490672
vn -0.767134 -0.112859 0.631481
vn 0.203913 0.464732 -0.861652
vn 0.750235 0.414092 -0.515437
vn -0.401852 0.416341 -0.815583
vn -0.803465 0.468514 -0.367339
vn -0.852674 0.432454 0.293138
vn -0.636709 0.261426 0.725436
vn -0.125506 -0.068378 0.989734
vn 0.437387 -0.248271 0.864323
vn 0.874451 -0.066282 0.480565
vn 0.966582 0.242761 -0.082374
vn -0.168281 -0.942484 -0.288801
vn -0.259963 0.756732 0.599813
vn -0.679155 0.733137 0.035471
vn -0.843412 0.499995 0.196623
vn -0.439805 0.520144 0.732135
vn -0.775074 0.334506 -0.536065
vn -0.929823 0.118486 -0.348411
vn -0.569974 -0.147548 -0.808306
vn -0.734058 -0.317801 -0.600134
vn -0.258153 -0.530694 -0.807292
vn -0.458726 -0.656113 -0.599239
vn 0.171482 -0.828565 -0.532986
vn -0.071953 -0.935611 -0.345621
vn 0.579805 -0.813794 0.039565
vn 0.317740 -0.926759 0.200399
vn 0.686593 -0.406339 0.602892
vn 0.418065 -0.533954 0.734925
vn 0.498863 0.089817 0.862014
vn 0.250726 -0.074590 0.965180
vn 0.187043 0.472963 0.861000
vn -0.024607 0.263721 0.964285
vn 0.058649 -0.285847 -0.956479
vn 0.431805 -0.676190 -0.596918
vn 0.687249 -0.724980 -0.045753
vn 0.860694 -0.335905 0.382587
vn 0.748012 0.279896 0.601778
vn 0.424441 0.677480 0.600726
vn -0.155064 0.912195 0.379284
vn -0.570146 0.820030 -0.049841
vn -0.572833 0.558248 -0.600185
vn -0.265495 0.112441 -0.957533
vn -0.669722 -0.543710 0.505819

g polygon2
s 1
usemtl mat14
f 608/608/608 609/609/609 610/610/610
f 611/611/611 608/608/608 610/610/610
f 612/612/612 613/613/613 609/609/609
f 608/608/608 612/612/612 609/609/609
f 614/614/614 615/615/615 613/613/613
f 612/612/612 614/614/614 613/613/613
f 616/616/616 617/617/617 615/615/615
f 614/614/614 616/616/616 615/615/615
f 618/618/618 619/619/619 617/617/617
f 616/616/616 618/618/618 617/617/617
f 620/620/620 621/621/621 619/619/619
f 618/618/618 620/620/620 619/619/619
f 622/622/622 623/623/623 621/621/621
f 620/620/620 622/622/622 621/621/621
f 624/624/624 625/625/625 623/623/623
f 622/622/622 624/624/624 623/623/623
f 626/626/626 627/627/627 625/625/625
f 624/624/624 626/626/626 625/625/625
f 611/611/611 610/610/610 627/627/627
f 626/626/626 611/611/611 627/627/627
f 619/619/619 628/628/628 629/629/629
f 617/617/617 619/619/619 629/629/629
f 630/630/630 628/628/628 619/619/619
f 621/621/621 630/630/630 619/619/619
f 631/631/631 630/630/630 621/621/621
f 623/623/623 631/631/631 621/621/621
f 632/632/632 631/631/631 623/623/623
f 625/625/625 632/632/632 623/623/623
f 633/633/633 632/632/632 625/625/625
f 627/627/627 633/633/633 625/625/625
f 634/634/634 633/633/633 627/627/627
f 610/610/610 634/634/634 627/627/627
f 635/635/635 634/634/634 610/610/610
f 609/609/609 635/635/635 610/610/610
f 636/636/636 635/635/635 609/609/609
f 613/613/613 636/636/636 609/609/609
f 637/637/637 636/636/636 613/613/613
f 615/615/615 637/637/637 613/613/613
f 629/629/629 637/637/637 615/615/615
f 617/617/617 629/629/629 615/615/615
f 638/638/638 608/608/608 611/611/611
f 638/638/638 612/612/612 608/608/608
f 638/638/638 614/614/614 612/612/612
f 638/638/638 616/616/616 614/614/614
f 638/638/638 620/620/620 618/618/618
f 638/638/638 622/622/622 620/620/620
f 638/638/638 626/626/626 624/624/624
f 638/638/638 618/618/618 616/616/616
f 638/638/638 611/611/611 626/626/626
f 638/638/638 624/624/624 622/622/622
f 639/639/639 640/640/640 641/641/641
f 642/642/642 639/639/639 641/641/641
f 640/640/640 643/643/643 644/644/644
f 641/641/641 640/640/640 644/644/644
f 643/643/643 645/645/645 646/646/646
f 644/644/644 643/643/643 646/646/646
f 645/645/645 647/647/647 648/648/648
f 646/646/646 645/645/645 648/648/648
f 647/647/647 649/649/649 650/650/650
f 648/648/648 647/647/647 650/650/650
f 649/649/649 651/651/651 652/652/652
f 650/650/650 649/649/649 652/652/652
f 651/651/651 653/653/653 654/654/654
f 652/652/652 651/651/651 654/654/654
f 653/653/653 655/655/655 656/656/656
f 654/654/654 653/653/653 656/656/656
f 655/655/655 657/657/657 658/658/658
f 656/656/656 655/655/655 658/658/658
f 657/657/657 639/639/639 642/642/642
f 658/658/658 657/657/657 642/642/642
f 659/659/659 660/660/660 649/649/649
f 647/647/647 659/659/659 649/649/649
f 649/649/649 660/660/660 661/661/661
f 651/651/651 649/649/649 661/661/661
f 651/651/651 661/661/661 662/662/662
f 653/653/653 651/651/651 662/662/662
f 653/653/653 662/662/662 663/663/663
f 655/655/655 653/653/653 663/663/663
f 655/655/655 663/663/663 664/664/664
f 657/657/657 655/655/655 664/664/664
f 657/657/657 664/664/664 665/665/665
f 639/639/639 657/657/657 665/665/665
f 639/639/639 665/665/665 666/666/666
f 640/640/640 639/639/639 666/666/666
f 640/640/640 666/666/666 667/667/667
f 643/643/643 640/640/640 667/667/667
f 643/643/643 667/667/667 668/668/668
f 645/645/645 643/643/643 668/668/668
f 645/645/645 668/668/668 659/659/659
f 647/647/647 645/645/645 659/659/659
f 669/669/669 642/642/642 641/641/641
f 669/669/669 641/641/641 644/644/644
f 669/669/669 644/644/644 646/646/646
f 669/669/669 646/646/646 648/648/648
f 669/669/669 650/650/650 652/652/652
f 669/669/669 652/652/652 654/654/654
f 669/669/669 656/656/656 658/658/658
f 669/669/669 648/648/648 650/650/650
f 669/669/669 658/658/658 642/642/642
f 669/669/669 654/654/654 656/656/656
f 670/670/670 671/671/671 672/672/672
f 673/673/673 670/670/670 672/672/672
f 674/674/674 675/675/675 671/671/671
f 670/670/670 674/674/674 671/671/671
f 676/676/676 677/677/677 675/675/675
f 674/674/674 676/676/676 675/675/675
f 678/678/678 679/679/679 677/677/677
f 676/676/676 678/678/678 677/677/677
f 680/680/680 681/681/681 679/679/679
f 678/678/678 680/680/680 679/679/679
f 682/682/682 683/683/683 681/681/681
f 680/680/680 682/682/682 681/681/681
f 684/684/684 685/685/685 683/683/683
f 682/682/682 684/684/684 683/683/683
f 686/686/686 687/687/687 685/685/685
f 684/684/684 686/686/686 685/685/685
f 688/688/688 689/689/689 687/687/687
f 686/686/686 688/688/688 687/687/687
f 673/673/673 672/672/672 689/689/689
f 688/688/688 673/673/673 689/689/689
f 681/681/681 690/690/690 691/691/691
f 679/679/679 681/681/681 691/691/691
f 692/692/692 690/690/690 681/681/681
f 683/683/683 692/692/692 681/681/681
f 693/693/693 692/692/692 683/683/683
f 685/685/685 693/693/693 683/683/683
f 694/694/694 693/693/693 685/685/685
f 687/687/687 694/694/694 685/685/685
f 695/695/695 694/694/694 687/687/687
f 689/689/689 695/695/695 687/687/687
f 696/696/696 695/695/695 689/689/689
f 672/672/672 696/696/696 689/689/689
f 697/697/697 696/696/696 672/672/672
f 671/671/671 697/697/697 672/672/672
f 698/698/698 697/697/697 671/671/671
f 675/675/675 698/698/698 671/671/671
f 699/699/699 698/698/698 675/675/675
f 677/677/677 699/699/699 675/675/675
f 691/691/691 699/699/699 677/677/677
f 679/679/679 691/691/691 677/677/677
f 700/700/700 670/670/670 673/673/673
f 700/700/700 674/674/674 670/670/670
f 700/700/700 676/676/676 674/674/674
f 700/700/700 678/678/678 676/676/676
f 700/700/700 682/682/682 680/680/680
f 700/700/700 684/684/684 682/682/682
f 700/700/700 688/688/688 686/686/686
f 700/700/700 680/680/680 678/678/678
f 700/700/700 673/673/673 688/688/688
f 700/700/700 686/686/686 684/684/684
f 701/701/701 702/702/702 703/703/703
f 704/704/704 701/701/701 703/703/703
f 702/702/702 705/705/705 706/706/706
f 703/703/703 702/702/702 706/706/706
f 705/705/705 707/707/707 708/708/708
f 706/706/706 705/705/705 708/708/708
f 707/707/707 709/709/709 710/710/710
f 708/708/708 707/707/707 710/710/710
f 709/709/709 711/711/711 712/712/712
f 710/710/710 709/709/709 712/712/712
f 711/711/711 713/713/713 714/714/714
f 712/712/712 711/711/711 714/714/714
f 713/713/713 715/715/715 716/716/716
f 714/714/714 713/713/713 716/716/716
f 715/715/715 717/717/717 718/718/718
f 716/716/716 715/715/715 718/718/718
f 717/717/717 719/719/719 720/720/720
f 718/718/718 717/717/717 720/720/720
f 719/719/719 701/701/701 704/704/704
f 720/720/720 719/719/719 704/704/704
f 721/721/721 722/722/722 711/711/711
f 709/709/709 721/721/721 711/711/711
f 711/711/711 722/722/722 723/723/723
f 713/713/713 711/711/711 723/723/723
f 713/713/713 723/723/723 724/724/724
f 715/715/715 713/713/713 724/724/724
f 715/715/715 724/724/724 725/725/725
f 717/717/717 715/715/715 725/725/725
f 717/717/717 725/725/725 726/726/726
f 719/719/719 717/717/717 726/726/726
f 719/719/719 726/726/726 727/727/727
f 701/701/701 719/719/719 727/727/727
f 701/701/701 727/727/727 728/728/728
f 702/702/702 701/701/701 728/728/728
f 702/702/702 728/728/728 729/729/729
f 705/705/705 702/702/702 729/729/729
f 705/705/705 729/729/729 730/730/730
f 707/707/707 705/705/705 730/730/730
f 707/707/707 730/730/730 721/721/721
f 709/709/709 707/707/707 721/721/721
f 731/731/731 704/704/704 703/703/703
f 731/731/731 703/703/703 706/706/706
f 731/731/731 706/706/706 708/708/708
f 731/731/731 708/708/708 710/710/710
f 731/731/731 712/712/712 714/714/714
f 731/731/731 714/714/714 716/716/716
f 731/731/731 718/718/718 720/720/720
f 731/731/731 710/710/710 712/712/712
f 731/731/731 720/720/720 704/704/704
f 731/731/731 716/716/716 718/718/718

v 2.068618 8.184784 -0.547872
v 2.032036 8.350956 -0.539440
v 1.489474 8.147808 -0.091635
v 1.518474 7.984442 -0.105797
v 1.013963 7.719623 -0.233224
v 1.500452 7.789169 -0.242469
v 1.503212 7.800731 -0.229622
v 1.010716 7.732616 -0.214908
v 2.096275 6.179676 -0.316587
v 2.183697 6.130707 -0.106692
v 1.272195 5.928449 0.127356
v 1.327593 6.050388 -0.200298
v 1.129483 3.781521 -2.096698
v 0.803656 3.987289 -1.670690
v 0.372334 4.106319 -2.186892
v 0.830715 3.836414 -2.527425
v 2.626438 4.296041 -1.607616
v 2.510695 4.513529 -1.091704
v 2.320401 4.552850 -1.237942
v 2.417285 4.458749 -1.724189
v 3.033817 5.395814 -3.137086
v 3.318032 5.123662 -2.391955
v 2.716089 4.144603 -2.844286
v 2.666370 4.350245 -3.317801
v 0.755127 4.138683 -1.333012
v 0.543135 4.587307 -0.784202
v -0.203321 4.838330 -1.617926
v 0.145168 4.295014 -1.998381
v 3.019154 4.751496 -1.639366
v 3.171328 5.445432 -1.272125
v 2.394114 4.859433 -0.661385
v 1.915427 3.702494 -2.635468
v 2.103081 3.831754 -2.218392
v 1.604231 3.702268 -2.169453
v 1.494862 3.709481 -2.388793
v 2.971468 6.735090 -2.622468
v 3.316931 6.409556 -1.759386
v 0.426916 4.944662 -0.577605
v 0.406059 5.584884 -0.287201
v -0.410592 5.855925 -1.141977
v -0.365486 5.202093 -1.401003
v 1.447970 4.949411 -0.256505
v 1.406107 5.546816 0.019361
v 2.359007 5.146986 -0.397722
v 2.291559 5.758207 -0.181566
v 1.790841 6.447614 -0.261514
v 1.352621 6.459651 -0.171256
v 1.377399 6.329595 0.131920
v 1.952166 6.317400 -0.033617
v 1.906679 7.429278 -0.255328
v 1.584713 7.515764 -0.163788
v 1.461488 7.454355 -0.486703
v 1.741377 7.358719 -0.566810
v 1.137542 7.157563 -0.264496
v 1.220334 7.344923 -0.368139
v 1.207774 7.386731 -0.033524
v 1.058459 7.084496 0.080681
v 2.590898 7.859447 -2.016076
v 2.850758 7.569577 -1.271140
v 0.318318 5.963171 -0.192309
v 0.362663 6.699646 -0.070336
v -0.285822 6.960809 -0.811024
v -0.404164 6.227878 -1.011665
v 1.085983 6.628851 0.133948
v 2.541642 7.968959 -1.101425
v 2.389214 7.673853 -0.504957
v 2.674530 7.218054 -0.535792
v 2.302404 8.210426 -1.736642
v 0.518626 7.702413 -0.339871
v 0.128159 7.806507 -0.726888
v 0.062397 7.719810 -0.723124
v 0.496414 7.572864 -0.261807
v 2.190909 7.100178 -0.260791
v 1.955935 7.047806 -0.532704
v 1.160875 6.716726 -0.155367
v 1.984107 6.686604 -0.462639
v 2.223679 6.658051 -0.185525
v 1.988889 4.062378 -2.188072
v 1.609060 3.945290 -2.088568
v 2.281596 4.220689 -2.060270
v 2.484265 4.053769 -2.041265
v 2.204423 4.502602 -0.773357
v 2.084687 4.511604 -0.985528
v 2.068944 8.444788 -1.528369
v 2.244488 8.266727 -1.063592
v 0.465427 7.781512 -0.236746
v 0.447622 7.909115 -0.170344
v 0.033655 8.038688 -0.593212
v 0.051336 7.904057 -0.651008
v 0.994482 7.797586 -0.123326
v 0.980890 7.917295 -0.054008
v 1.517012 7.858537 -0.165386
v 2.064419 8.055394 -0.617485
v 1.634165 4.371208 -0.675574
v 1.670810 4.469691 -0.932767
v 0.482481 8.071990 -0.162215
v 0.087385 8.195551 -0.565358
v 0.968948 8.084403 -0.037859
v 1.261842 3.786354 -1.908742
v 0.550835 8.194115 -0.233526
v 0.200794 8.296865 -0.589178
v 0.965385 8.210588 -0.114910
v 1.433035 8.260997 -0.151643
v 1.946517 8.469591 -0.584284
v 1.397002 3.997372 -1.914009
v 1.263831 4.132697 -1.665237
v 1.067733 3.995701 -1.510370
v 0.631224 8.236219 -0.379349
v 0.345405 8.319776 -0.657758
v 1.019035 8.235309 -0.269547
v 1.394563 8.280335 -0.315220
v 1.820918 8.437057 -0.681879
v 1.254239 4.124553 -1.014018
v 1.335624 4.266067 -1.250033
v 0.552145 6.065827 -0.447845
v 1.916225 3.761002 -2.661794
v 2.307503 3.825443 -2.735876
v 2.343693 3.777391 -2.714378
v 1.527013 4.607418 -0.484173
v 2.518419 4.011875 -2.949840
v 2.578882 3.981262 -2.951864
v 3.014183 6.502669 -0.790783
v 1.555045 3.792871 -2.927847
v 1.593312 3.851767 -2.927000
v -0.080427 6.302835 -1.156688
v 0.561290 5.691807 -0.505207
v -0.119452 5.932067 -1.269257
v 1.411115 5.686203 -0.255713
v 2.209106 5.839592 -0.376709
v 0.559352 8.777317 -1.842598
v 1.277017 8.861955 -1.960769
v 1.260350 8.731822 -2.069443
v 0.543207 8.644506 -1.941746
v 1.013963 7.719623 -0.233224
v 2.064419 8.055394 -0.617485
v 0.616955 5.043348 -0.794977
v -0.061377 5.276115 -1.535936
v 0.930437 4.294117 -1.526843
v 0.412326 4.430895 -2.091444
v 1.034292 4.140376 -1.831159
v 0.683860 4.264518 -2.295501
v 2.518419 4.011875 -2.949840
v 2.488083 4.217895 -3.270677
v 2.546096 4.204257 -3.306397
v 2.578882 3.981262 -2.951864
v 0.128159 7.806507 -0.726888
v 0.518626 7.702413 -0.339871
v 0.509759 7.715596 -0.322684
v 0.115355 7.822767 -0.714241
v 0.419449 7.177363 -0.141273
v -0.122915 7.406374 -0.737373
v 0.703598 4.720116 -1.012894
v 0.084545 4.946347 -1.732008
v 1.477273 4.725894 -0.709518
v 1.267484 3.777908 -2.780472
v 2.260134 4.935391 -0.880476
v 2.293037 5.213340 -0.634720
v 1.466754 5.052607 -0.549977
v 0.523183 6.791175 -0.330432
v 0.012895 7.010282 -0.951919
v 0.673371 7.242683 -0.458705
v 0.234247 7.416788 -0.923355
v 0.210426 4.388789 -2.787449
v 0.670952 4.091856 -2.959888
v 2.284136 4.436950 -3.657442
v 2.569867 5.630023 -3.800382
v -0.450824 5.260023 -2.655341
v -0.031904 4.671347 -2.814604
v 0.641239 6.045782 -3.961186
v 1.725984 6.423645 -3.993000
v 1.723294 5.628539 -4.078836
v 0.941507 5.575559 -4.045714
v 2.441048 7.002357 -3.408246
v -0.637230 6.290985 -2.251202
v -0.579376 5.625723 -2.471960
v -0.278105 6.686696 -3.151184
v -0.207001 6.069499 -3.372002
v 0.461747 6.996629 -3.626201
v 0.499526 6.405489 -3.898216
v 2.107684 8.072493 -2.669985
v -0.524837 7.300309 -1.741064
v -0.658943 6.624583 -2.032012
v -0.263662 7.542295 -2.406771
v -0.336485 7.017209 -2.900999
v 1.282187 8.423093 -2.588945
v 1.902500 8.401533 -2.304617
v 1.353282 8.112279 -3.023053
v 0.043016 8.024307 -1.235213
v -0.064134 7.952245 -1.317044
v 1.776266 8.583621 -1.945024
v -0.071266 8.260300 -1.147156
v -0.045132 8.127059 -1.197876
v 0.163420 8.470559 -1.592903
v 0.191360 8.341142 -1.635211
v 0.553111 8.510907 -1.979939
v 1.275214 8.589530 -2.103171
v -0.012388 8.406918 -1.093810
v 0.189320 8.612057 -1.505516
v 0.115361 8.488845 -1.053310
v 0.279328 8.674913 -1.406419
v 0.601281 8.823933 -1.717429
v 1.291553 8.912874 -1.817260
v 0.284765 8.470704 -1.031562
v 0.434614 8.630847 -1.369725
v 0.706551 8.745983 -1.610409
v 1.280832 8.802588 -1.698596
v 0.250514 4.548797 -3.048793
v 0.610216 4.227375 -3.135432
v 0.515115 5.645931 -3.953493
v 0.063714 5.434093 -3.631965
v -0.080743 5.695551 -3.510787
v 1.555467 7.489933 -3.536832
v 0.441461 7.309856 -3.386468
v 0.298025 7.436927 -3.147553
v 0.667505 7.711276 -3.115038
v 0.140588 8.109006 -2.042513
v 0.264675 8.226744 -1.643766
v 0.740040 7.528593 -2.804606
v 0.873620 7.780320 -2.570174
v 0.824139 8.025212 -2.833748
v 2.209037 4.221265 -3.532253
v 2.238563 4.211591 -3.592517
v 0.028324 8.041433 -1.228990
v 0.043016 8.024307 -1.235213
v 0.252455 8.245809 -1.642340
v 0.264675 8.226744 -1.643766
v -0.308083 7.669759 -1.510857
v -0.274998 5.647024 -2.474086
v 0.989189 4.118530 -3.327275
v 1.090604 3.983084 -3.149812
v 0.577537 8.427230 -1.972214
v 0.582421 8.410495 -1.970669
v 0.948019 5.481681 -3.821465
v 1.340451 5.166401 -4.028499
v 1.346705 5.183321 -3.739566
v 1.360455 4.334365 -3.616395
v 1.526792 3.965524 -3.367075
v -0.168225 7.375677 -2.777732
v 0.080306 7.320757 -2.566402
v 0.407987 7.383534 -2.864753
v 0.652269 8.002035 -2.010064
v 0.499779 8.250051 -2.206188
v 0.738506 8.219901 -2.454426
v 0.854663 7.958849 -2.236059
v 0.388682 7.907787 -1.933734
v 0.210277 7.785140 -2.010082
v -0.116780 7.879902 -2.131716
v 0.022839 7.486953 -2.297732
v 0.996971 4.359554 -3.240832
v 1.331510 4.507294 -3.425594
v 1.453822 4.780929 -3.618564
v 1.515975 4.709108 -3.864076
v 0.605396 5.512792 -3.770306
v 0.305950 5.393434 -3.502127
v 0.521847 4.634873 -3.062028
v 0.752404 4.433638 -3.127470
v 0.288495 4.974766 -3.221263
v 0.023703 4.957384 -3.330514
v 1.863485 4.102398 -3.618378
v 1.870949 4.120903 -3.557693
v 1.562921 4.000119 -3.326892
v 2.238563 4.211591 -3.592517
v 2.209037 4.221265 -3.532253
v 1.275214 8.589530 -2.103171
v -0.207951 7.286010 -1.706801
v 0.100924 7.630117 -1.536345
v 0.560238 7.219271 -3.208192
v -0.023608 6.964885 -2.743947
v -0.298484 6.641536 -2.049163
v -0.351035 6.309271 -2.222668
v -0.030326 6.661775 -2.969239
v 0.581177 6.941381 -3.441302
v 0.261273 4.747010 -2.786554
v 0.511059 4.494501 -2.816149
v -0.146441 5.295425 -2.613100
v 0.091089 5.664067 -3.319022
v 0.746302 5.959958 -3.730280
v 0.656282 6.321100 -3.715928
v 0.053101 6.009370 -3.211192
v 1.271382 8.016956 -1.258512
v 2.244488 8.266727 -1.063592
v 1.879601 8.725293 -1.326940
v 1.776266 8.583621 -1.945024
v 1.974510 8.659458 -1.401026
v 2.586785 3.946317 -2.426794
v 2.864805 4.316004 -2.029860
v 1.838620 4.452678 -3.835221
v 2.674530 7.218054 -0.535792
v 2.064419 8.055394 -0.617485
v 2.389214 7.673853 -0.504957
v 1.806738 5.032105 -4.021678
v 1.838620 4.452678 -3.835221
v 1.353282 8.112279 -3.023053
v 1.282187 8.423093 -2.588945
v 1.275214 8.589530 -2.103171
v 2.586785 3.946317 -2.426794
v 3.014183 6.502669 -0.790783
v 3.127426 6.141014 -0.903434
v 3.171328 5.445432 -1.272125
v 3.019154 4.751496 -1.639366
v 1.555467 7.489933 -3.536832
v 1.610352 7.167775 -3.759338
v 1.725984 6.423645 -3.993000
v 1.723294 5.628539 -4.078836
v 1.978573 4.374651 -2.943664
v 1.978573 4.374651 -2.943664
v 2.068944 8.444788 -1.528369
v 2.864805 4.316004 -2.029860
v 1.500452 7.789169 -0.242469
v 3.127426 6.141014 -0.903434
v 3.171328 5.445432 -1.272125
v 1.806738 5.032105 -4.021678
v 0.582421 8.410495 -1.970669
v 1.610352 7.167775 -3.759338
v 1.725984 6.423645 -3.993000

vt 0.742181 0.858170
vt 0.742183 0.875894
vt 0.491294 0.875669
vt 0.491290 0.858155
vt 0.408625 0.815495
vt 0.490481 0.817205
vt 0.490445 0.821352
vt 0.408533 0.819938
vt 0.568562 0.566593
vt 0.571371 0.578354
vt 0.386913 0.578354
vt 0.391577 0.566593
vt 0.182153 0.219592
vt 0.160428 0.270067
vt 0.005622 0.270067
vt 0.005622 0.212640
vt 0.659867 0.290046
vt 0.631340 0.341054
vt 0.620752 0.327642
vt 0.639797 0.290494
vt 0.656786 0.032925
vt 0.660929 0.044166
vt 0.608629 0.086229
vt 0.602750 0.065022
vt 0.200000 0.300000
vt 0.200000 0.402004
vt 0.005622 0.402004
vt 0.005622 0.300000
vt 0.700000 0.290494
vt 0.700000 0.417136
vt 0.582913 0.402004
vt 0.300000 0.144020
vt 0.487199 0.207138
vt 0.393827 0.207050
vt 0.220389 0.187834
vt 0.758823 0.017950
vt 0.762382 0.029680
vt 0.200000 0.430212
vt 0.200000 0.547149
vt 0.005622 0.547149
vt 0.005622 0.430212
vt 0.382682 0.430212
vt 0.382682 0.547149
vt 0.583256 0.430212
vt 0.583256 0.547149
vt 0.547924 0.657195
vt 0.437757 0.661878
vt 0.431507 0.654299
vt 0.555526 0.637289
vt 0.545486 0.781458
vt 0.479767 0.801185
vt 0.479963 0.787714
vt 0.545043 0.771729
vt 0.367143 0.706029
vt 0.388665 0.765096
vt 0.373298 0.775754
vt 0.353917 0.713985
vt 0.864698 0.026277
vt 0.868759 0.040496
vt 0.200000 0.578354
vt 0.200000 0.689307
vt 0.005622 0.689307
vt 0.005622 0.578354
vt 0.366511 0.687907
vt 0.911299 0.054443
vt 0.925063 0.099234
vt 0.885985 0.088499
vt 0.908198 0.044255
vt 0.200000 0.809422
vt 0.005622 0.809422
vt 0.005622 0.792200
vt 0.200000 0.792200
vt 0.601763 0.755381
vt 0.588802 0.738628
vt 0.370186 0.696152
vt 0.597887 0.698288
vt 0.612613 0.700685
vt 0.486287 0.224161
vt 0.393827 0.223797
vt 0.594600 0.238772
vt 0.606451 0.225473
vt 0.535970 0.377434
vt 0.525073 0.363361
vt 0.939758 0.068683
vt 0.941927 0.076131
vt 0.163599 0.842132
vt 0.164215 0.858254
vt 0.015794 0.858124
vt 0.015794 0.842221
vt 0.408073 0.842154
vt 0.408395 0.858139
vt 0.490265 0.842086
vt 0.742145 0.817674
vt 0.364050 0.372053
vt 0.373130 0.358979
vt 0.164217 0.875946
vt 0.015794 0.875892
vt 0.408399 0.875781
vt 0.295259 0.227259
vt 0.164004 0.890518
vt 0.015794 0.890594
vt 0.408119 0.890583
vt 0.492034 0.890572
vt 0.742268 0.890561
vt 0.313641 0.241599
vt 0.286998 0.270878
vt 0.261955 0.270067
vt 0.163937 0.907081
vt 0.015794 0.906695
vt 0.409032 0.906986
vt 0.491738 0.906972
vt 0.741986 0.907029
vt 0.256472 0.301063
vt 0.266405 0.289095
vt 0.200000 0.566593
vt 0.300000 0.100000
vt 0.600000 0.100000
vt 0.600000 0.143827
vt 0.360019 0.400671
vt 0.743397 0.099895
vt 0.743430 0.144557
vt 0.700000 0.578354
vt 0.005622 0.144020
vt 0.005622 0.100000
vt 0.005622 0.566593
vt 0.200000 0.563725
vt 0.005622 0.563725
vt 0.382682 0.563725
vt 0.583256 0.563725
vt 0.491294 0.875669
vt 0.742183 0.875894
vt 0.742181 0.858170
vt 0.491290 0.858155
vt 0.380376 0.809422
vt 0.941961 0.114781
vt 0.200000 0.418138
vt 0.005622 0.418138
vt 0.200000 0.289307
vt 0.005622 0.287394
vt 0.150000 0.287107
vt 0.005622 0.287107
vt 0.571853 0.034563
vt 0.604026 0.022212
vt 0.599453 0.082097
vt 0.600006 0.096139
vt 0.015794 0.815349
vt 0.163724 0.815647
vt 0.163703 0.820061
vt 0.015794 0.819828
vt 0.200000 0.713985
vt 0.005622 0.713985
vt 0.200000 0.418094
vt 0.004115 0.418094
vt 0.360018 0.418094
vt 0.005622 0.187834
vt 0.582913 0.418094
vt 0.583256 0.418138
vt 0.382682 0.418138
vt 0.200000 0.700000
vt 0.005622 0.700000
vt 0.200000 0.706029
vt 0.005622 0.706029
vt 0.160428 0.270067
vt 0.182153 0.219592
vt 0.608629 0.086229
vt 0.660929 0.044166
vt 0.200000 0.402004
vt 0.200000 0.300000
vt 0.582913 0.402004
vt 0.700000 0.417136
vt 0.700000 0.290494
vt 0.631340 0.341054
vt 0.762382 0.029680
vt 0.200000 0.547149
vt 0.200000 0.430212
vt 0.382682 0.547149
vt 0.382682 0.430212
vt 0.583256 0.547149
vt 0.583256 0.430212
vt 0.868759 0.040496
vt 0.200000 0.689307
vt 0.200000 0.578354
vt 0.366511 0.687907
vt 0.386913 0.578354
vt 0.925063 0.099234
vt 0.911299 0.054443
vt 0.885985 0.088499
vt 0.200000 0.809422
vt 0.200000 0.792200
vt 0.941927 0.076131
vt 0.164215 0.858254
vt 0.163599 0.842132
vt 0.408395 0.858139
vt 0.408073 0.842154
vt 0.490265 0.842086
vt 0.742145 0.817674
vt 0.164217 0.875946
vt 0.408399 0.875781
vt 0.164004 0.890518
vt 0.408119 0.890583
vt 0.492034 0.890572
vt 0.742268 0.890561
vt 0.163937 0.907081
vt 0.409032 0.906986
vt 0.491738 0.906972
vt 0.741986 0.907029
vt 0.261955 0.270067
vt 0.295259 0.227259
vt 0.535970 0.377434
vt 0.364050 0.372053
vt 0.360019 0.400671
vt 0.700000 0.578354
vt 0.571371 0.578354
vt 0.555526 0.637289
vt 0.612613 0.700685
vt 0.373298 0.775754
vt 0.380376 0.809422
vt 0.597887 0.698288
vt 0.588802 0.738628
vt 0.601763 0.755381
vt 0.571853 0.034563
vt 0.600006 0.096139
vt 0.163703 0.820061
vt 0.163724 0.815647
vt 0.408533 0.819938
vt 0.408625 0.815495
vt 0.200000 0.713985
vt 0.200000 0.418138
vt 0.393827 0.207050
vt 0.220389 0.187834
vt 0.490445 0.821352
vt 0.490481 0.817205
vt 0.620752 0.327642
vt 0.659867 0.290046
vt 0.639797 0.290494
vt 0.487199 0.207138
vt 0.300000 0.144020
vt 0.431507 0.654299
vt 0.437757 0.661878
vt 0.547924 0.657195
vt 0.479963 0.787714
vt 0.479767 0.801185
vt 0.545486 0.781458
vt 0.545043 0.771729
vt 0.388665 0.765096
vt 0.367143 0.706029
vt 0.353917 0.713985
vt 0.370186 0.696152
vt 0.393827 0.223797
vt 0.486287 0.224161
vt 0.594600 0.238772
vt 0.606451 0.225473
vt 0.525073 0.363361
vt 0.373130 0.358979
vt 0.286998 0.270878
vt 0.313641 0.241599
vt 0.266405 0.289095
vt 0.256472 0.301063
vt 0.600000 0.143827
vt 0.600000 0.100000
vt 0.300000 0.100000
vt 0.743430 0.144557
vt 0.743397 0.099895
vt 0.941961 0.114781
vt 0.200000 0.700000
vt 0.200000 0.706029
vt 0.568562 0.566593
vt 0.391577 0.566593
vt 0.200000 0.566593
vt 0.200000 0.563725
vt 0.382682 0.563725
vt 0.583256 0.563725
vt 0.200000 0.289307
vt 0.150000 0.287107
vt 0.200000 0.418094
vt 0.360018 0.418094
vt 0.582913 0.418094
vt 0.583256 0.418138
vt 0.382682 0.418138
vt 0.015794 0.979446
vt 0.880839 0.814588
vt 0.981335 0.906781
vt 0.880839 0.814588
vt 0.981335 0.875782
vt 0.656173 0.185007
vt 0.700000 0.229103
vt 0.587234 0.118227
vt 0.700000 0.702414
vt 0.699425 0.812295
vt 0.700000 0.800171
vt 0.700000 0.229103
vt 0.656173 0.185007
vt 0.700000 0.702414
vt 0.700000 0.800171
vt 0.699425 0.812295
vt 0.587234 0.118227
vt 0.820259 0.066836
vt 0.790013 0.062377
vt 0.732320 0.064804
vt 0.682499 0.086751
vt 0.820259 0.066836
vt 0.790013 0.062377
vt 0.732320 0.064804
vt 0.682499 0.086751
vt 0.614495 0.077026
vt 0.005292 0.000000
vt 0.981335 0.814435
vt 0.646851 0.095279
vt 0.480132 0.811338
vt 0.700000 0.564060
vt 0.700000 0.417136
vt 0.646851 0.095279
vt 0.480132 0.811338
vt 0.700000 0.564060
vt 0.700000 0.417136

vn 0.831196 -0.074702 0.550939
vn 0.745769 0.458124 0.483685
vn 0.304954 0.285192 0.908663
vn 0.406667 -0.217568 0.887291
vn -0.018521 -0.081328 0.996515
vn 0.346787 -0.249530 0.904142
vn 0.382198 -0.739726 0.553832
vn 0.016908 -0.802617 0.596255
vn -0.097472 -0.665366 -0.740127
vn 0.440850 -0.599205 0.668285
vn 0.051412 -0.675816 0.735275
vn 0.084482 -0.411915 -0.907298
vn -0.248117 -0.960099 0.129024
vn -0.675242 -0.056278 0.735446
vn -0.880563 0.016372 0.473646
vn -0.396269 -0.910662 -0.116901
vn 0.211284 -0.865287 0.454574
vn 0.382076 -0.839366 0.386629
vn -0.862476 -0.078569 -0.499962
vn -0.984348 0.174247 0.026392
vn 0.877857 -0.032061 -0.477849
vn 0.964569 -0.260897 -0.039242
vn 0.827150 -0.524195 -0.202591
vn 0.733055 -0.415256 -0.538696
vn -0.137555 -0.990484 -0.004530
vn -0.515901 -0.129986 0.846729
vn -0.814092 0.252193 0.523119
vn -0.291695 -0.938918 -0.182611
vn 0.810979 -0.478921 0.336077
vn 0.586511 0.786006 0.195445
vn 0.392910 0.101541 0.913954
vn 0.172955 -0.911295 -0.373668
vn 0.192755 -0.813266 0.549039
vn 0.239660 -0.759779 0.604400
vn -0.062483 -0.997538 -0.031846
vn 0.878019 0.328137 -0.348437
vn 0.984465 0.160819 0.070467
vn -0.295489 -0.913061 0.281079
vn -0.429642 0.398885 0.810122
vn -0.673632 0.505177 0.539460
vn -0.570495 -0.821264 0.007788
vn 0.081069 -0.915670 0.393671
vn -0.084491 0.366347 0.926634
vn 0.516106 -0.733832 0.441729
vn 0.265834 0.447181 0.854027
vn -0.512637 0.723005 -0.463106
vn 0.312267 0.748629 -0.584845
vn 0.336844 0.341238 0.877549
vn 0.163173 0.507912 0.845813
vn 0.010119 -0.089704 0.995917
vn 0.251037 -0.066834 0.965667
vn 0.015098 -0.982937 -0.183324
vn -0.462490 -0.762857 0.451832
vn 0.475238 -0.737485 -0.479859
vn 0.456051 -0.718897 -0.524600
vn 0.352717 0.042657 0.934757
vn 0.223751 -0.333361 0.915863
vn 0.790887 0.573325 -0.214000
vn 0.887463 0.428053 0.170822
vn -0.384341 -0.842215 0.378094
vn -0.269596 0.694641 0.666927
vn -0.568091 0.630794 0.528557
vn -0.660333 -0.746437 0.082413
vn 0.146278 0.492768 0.857778
vn 0.747391 0.624327 0.227204
vn 0.507156 0.423203 0.750794
vn 0.672422 0.243847 0.698847
vn 0.694411 0.710586 -0.113403
vn -0.474682 -0.219344 0.852388
vn -0.892858 -0.094535 0.440305
vn -0.692270 0.478833 0.539890
vn -0.369697 0.416200 0.830724
vn -0.050927 0.061329 0.996818
vn -0.741450 -0.225787 0.631880
vn 0.340252 0.881485 -0.327433
vn -0.944129 0.241723 0.224033
vn 0.112575 0.265063 0.957637
vn -0.273401 0.417734 0.866459
vn 0.317738 0.526054 0.788866
vn -0.737112 0.371226 0.564674
vn 0.126061 -0.790962 0.598738
vn 0.310030 -0.893866 0.323860
vn -0.366759 -0.486084 -0.793227
vn 0.753276 0.634842 -0.171905
vn 0.869271 0.446108 0.212970
vn -0.413009 -0.655053 0.632715
vn -0.487857 -0.219003 0.845005
vn -0.889674 -0.053149 0.453493
vn -0.818258 -0.518480 0.248258
vn -0.000853 -0.656552 0.754280
vn -0.041606 -0.279957 0.959110
vn 0.409118 -0.593088 0.693447
vn 0.666786 -0.001407 0.745248
vn 0.273121 -0.896180 0.349665
vn 0.348311 -0.259490 -0.900747
vn -0.431467 0.331392 0.839056
vn -0.703829 0.461698 0.539870
vn -0.088556 0.242097 0.966202
vn 0.262959 -0.800713 0.538249
vn -0.203768 0.834828 0.511411
vn -0.260457 0.856204 0.446181
vn -0.105812 0.829599 0.548242
vn 0.011443 0.852310 0.522912
vn 0.259765 0.891572 0.370975
vn 0.615181 0.740649 0.270168
vn 0.425140 0.815078 0.393578
vn 0.134460 -0.331849 0.933701
vn 0.072424 0.995289 0.064458
vn 0.203249 0.950788 0.233863
vn -0.065578 0.997281 -0.033622
vn -0.252813 0.966465 -0.045062
vn -0.502999 0.854875 0.127203
vn 0.037223 -0.943975 0.327910
vn 0.646656 -0.042231 -0.761612
vn 0.394947 -0.537966 -0.744721
vn 0.224215 -0.418720 -0.880001
vn -0.213641 -0.480964 -0.850312
vn 0.192944 -0.926410 -0.323323
vn -0.137491 -0.014542 0.990396
vn -0.407289 -0.663673 -0.627419
vn 0.379708 -0.816220 -0.435439
vn 0.880647 -0.018889 0.473397
vn 0.159897 -0.898831 -0.408088
vn 0.687904 -0.485142 -0.539838
vn 0.604290 -0.591608 -0.533698
vn 0.293489 0.925554 -0.239196
vn 0.555474 0.831525 0.003880
vn -0.054026 0.940464 -0.335573
vn -0.339236 0.893376 -0.294615
vn -0.423769 0.778394 -0.463165
vn 0.207474 0.822443 -0.529663
vn 0.063927 0.444588 -0.893451
vn -0.482695 0.384355 -0.786941
vn -0.018521 -0.081328 0.996515
vn 0.666786 -0.001407 0.745248
vn 0.438318 -0.422230 -0.793473
vn 0.675741 -0.502271 -0.539535
vn 0.658730 -0.098258 -0.745936
vn 0.837368 -0.189223 -0.512844
vn 0.023177 0.990444 0.135951
vn 0.203249 0.950788 0.233863
vn -0.407289 -0.663673 -0.627419
vn -0.335050 -0.929183 -0.156081
vn 0.436178 -0.747796 -0.500549
vn 0.379708 -0.816220 -0.435439
vn -0.892858 -0.094535 0.440305
vn -0.474682 -0.219344 0.852388
vn -0.335592 -0.814367 0.473481
vn -0.702095 -0.701788 0.120648
vn -0.536921 -0.635422 0.554937
vn -0.809356 -0.537515 0.236687
vn 0.222847 0.962421 -0.155193
vn 0.341729 0.927440 0.151907
vn -0.111096 0.969863 -0.216849
vn -0.185690 -0.951934 -0.243600
vn -0.505327 0.805236 -0.310226
vn -0.215631 -0.462989 -0.859735
vn 0.121282 -0.404608 -0.906412
vn 0.422009 0.835992 -0.350750
vn 0.660890 0.745890 -0.082904
vn 0.212103 -0.748028 -0.628861
vn 0.384534 -0.784601 -0.486348
vn -0.974061 0.145963 0.172918
vn -0.505847 -0.785667 -0.356155
vn 0.507053 -0.307553 -0.805176
vn 0.537822 0.027926 -0.842596
vn -0.982143 0.185568 -0.030976
vn -0.347188 -0.848604 -0.399163
vn -0.424664 0.654877 -0.625137
vn 0.417588 0.900334 -0.122555
vn 0.104135 -0.000527 -0.994563
vn -0.288866 -0.385271 -0.876426
vn 0.581308 0.433677 -0.688481
vn -0.759698 0.622268 0.188789
vn -0.636002 -0.682601 -0.359941
vn -0.649061 0.748449 -0.136175
vn -0.495466 -0.525469 -0.691661
vn -0.362285 0.872293 -0.328411
vn -0.221343 -0.234724 -0.946526
vn 0.519871 0.676841 -0.521172
vn -0.475824 0.834216 0.278701
vn -0.743180 -0.599352 -0.297423
vn -0.424523 0.879088 -0.216761
vn -0.705487 -0.163545 -0.689595
vn -0.146239 0.865422 -0.479227
vn 0.446483 0.827983 -0.339260
vn -0.056490 0.737176 -0.673335
vn -0.985847 0.126611 -0.109886
vn -0.734544 0.663128 0.143898
vn 0.482113 0.708137 -0.515857
vn -0.988104 0.119565 -0.096715
vn -0.901393 -0.324513 -0.286673
vn -0.822670 0.248670 -0.511251
vn -0.745946 -0.152271 -0.648366
vn -0.436937 -0.020475 -0.899259
vn -0.161170 0.558956 -0.813383
vn -0.800838 0.581382 0.143714
vn -0.714908 0.666014 -0.212912
vn -0.281320 0.887316 0.365418
vn -0.251670 0.928316 0.273662
vn -0.156087 0.965695 0.207533
vn 0.117935 0.987563 0.103977
vn 0.264291 0.865433 0.425647
vn 0.255834 0.779750 0.571436
vn 0.143736 0.698080 0.701444
vn -0.166280 0.626982 0.761081
vn -0.711921 0.240984 -0.659617
vn -0.464020 -0.308690 -0.830298
vn -0.299607 -0.481262 -0.823786
vn -0.341807 -0.479995 -0.807944
vn -0.831939 0.455462 -0.316909
vn 0.167075 0.464058 -0.869906
vn -0.400609 -0.029703 -0.915768
vn -0.401279 0.889935 -0.216774
vn -0.581537 0.734839 -0.349035
vn -0.480381 0.606500 -0.633555
vn -0.783216 0.436223 -0.443038
vn -0.669840 0.056083 0.740385
vn -0.981712 -0.063178 0.179584
vn -0.764289 0.544133 -0.346094
vn 0.048232 -0.971970 0.230104
vn 0.334761 -0.785800 -0.520051
vn -0.778184 -0.514821 -0.359707
vn -0.985847 0.126611 -0.109886
vn -0.655864 -0.347280 -0.670253
vn -0.783216 0.436223 -0.443038
vn -0.911902 -0.381633 -0.150968
vn 0.746055 -0.630507 -0.214156
vn -0.516720 -0.247859 -0.819492
vn -0.283480 -0.847966 -0.447876
vn -0.387687 -0.218659 -0.895482
vn -0.539965 0.350632 -0.765176
vn -0.162550 -0.552281 0.817657
vn -0.449526 -0.418050 -0.789405
vn -0.563470 -0.110605 0.818699
vn -0.517673 -0.332447 -0.788348
vn 0.138451 -0.887944 -0.438620
vn -0.366042 0.816955 -0.445643
vn 0.830223 0.398075 0.390213
vn 0.236586 0.215928 0.947313
vn -0.118948 -0.892214 -0.435667
vn -0.594300 0.505293 -0.625689
vn -0.767846 0.436825 -0.468612
vn -0.824109 -0.518112 -0.228920
vn 0.474028 -0.731065 -0.490757
vn 0.456051 -0.718897 -0.524600
vn -0.645315 0.254826 -0.720161
vn 0.689213 0.645308 0.329489
vn -0.260742 0.917571 -0.300128
vn -0.703234 0.708646 0.057293
vn -0.766959 0.391426 0.508487
vn -0.589074 -0.306957 -0.747509
vn 0.245421 -0.900410 0.359208
vn 0.816825 -0.576581 -0.018767
vn 0.179470 0.981348 -0.068896
vn 0.366274 0.909110 -0.198400
vn 0.949942 -0.247496 -0.190674
vn -0.479941 -0.593957 -0.645656
vn 0.108463 -0.869233 -0.482359
vn 0.381670 -0.883872 0.270367
vn 0.683640 -0.729662 -0.015126
vn 0.334761 -0.785800 -0.520051
vn 0.048232 -0.971970 0.230104
vn -0.161170 0.558956 -0.813383
vn 0.743520 0.618393 0.254496
vn 0.398218 -0.873992 -0.278496
vn 0.318547 -0.946930 0.043035
vn 0.622169 -0.775823 0.104903
vn 0.652010 -0.711946 -0.260799
vn 0.606656 0.713601 0.350345
vn 0.474674 0.582638 0.659711
vn 0.259931 0.487857 0.833325
vn 0.930226 -0.282008 -0.234841
vn 0.179610 0.884571 0.430436
vn 0.511008 0.767393 0.387271
vn 0.359015 0.651691 0.668137
vn 0.148151 0.362960 0.919952
vn 0.392432 -0.874528 0.284951
vn 0.645565 -0.759445 0.080555
vn -0.008602 0.939532 0.342352
vn 0.869271 0.446108 0.212970
vn -0.174087 0.893594 0.413744
vn 0.482113 0.708137 -0.515857
vn 0.681805 0.724426 -0.101732
vn 0.594375 -0.791719 0.141066
vn 0.749219 -0.636612 0.182746
vn 0.036279 -0.413999 -0.909554
vn 0.672422 0.243847 0.698847
vn 0.666786 -0.001407 0.745248
vn 0.507156 0.423203 0.750794
vn 0.139810 -0.224163 -0.964471
vn 0.036279 -0.413999 -0.909554
vn -0.056490 0.737176 -0.673335
vn -0.146239 0.865422 -0.479227
vn -0.161170 0.558956 -0.813383
vn 0.594375 -0.791719 0.141066
vn 0.880647 -0.018889 0.473397
vn 0.967267 0.082416 0.240006
vn 0.586511 0.786006 0.195445
vn 0.810979 -0.478921 0.336077
vn 0.167075 0.464058 -0.869906
vn 0.422154 0.451350 -0.786174
vn 0.417588 0.900334 -0.122555
vn 0.104135 -0.000527 -0.994563
vn 0.159897 -0.898831 -0.408088
vn 0.159897 -0.898831 -0.408088
vn 0.753276 0.634842 -0.171905
vn 0.749219 -0.636612 0.182746
vn 0.346787 -0.249530 0.904142
vn 0.541991 0.525132 0.656111
vn 0.208257 -0.885664 -0.415003
vn 0.139810 -0.224163 -0.964471
vn -0.539965 0.350632 -0.765176
vn -0.026479 0.909874 -0.414039
vn 0.197689 -0.878512 -0.434897

g polygon8
s 1
usemtl mat3
f 732/732/732 733/733/733 734/734/734
f 735/735/735 732/732/732 734/734/734
f 736/736/736 737/737/737 738/738/738
f 739/739/739 736/736/736 738/738/738
f 740/740/740 741/741/741 742/742/742
f 743/743/743 740/740/740 742/742/742
f 744/744/744 745/745/745 746/746/746
f 747/747/747 744/744/744 746/746/746
f 748/748/748 749/749/749 750/750/750
f 751/751/751 748/748/748 750/750/750
f 752/752/752 753/753/753 754/754/754
f 755/755/755 752/752/752 754/754/754
f 756/756/756 757/757/757 758/758/758
f 759/759/759 756/756/756 758/758/758
f 760/760/760 761/761/761 762/762/762
f 749/749/749 760/760/760 762/762/762
f 763/763/763 764/764/764 765/765/765
f 766/766/766 763/763/763 765/765/765
f 767/767/767 768/768/768 753/753/753
f 752/752/752 767/767/767 753/753/753
f 769/769/769 770/770/770 771/771/771
f 772/772/772 769/769/769 771/771/771
f 773/773/773 774/774/774 770/770/770
f 769/769/769 773/773/773 770/770/770
f 775/775/775 776/776/776 774/774/774
f 773/773/773 775/775/775 774/774/774
f 777/777/777 778/778/778 779/779/779
f 780/780/780 777/777/777 779/779/779
f 781/781/781 782/782/782 783/783/783
f 784/784/784 781/781/781 783/783/783
f 785/785/785 786/786/786 787/787/787
f 788/788/788 785/785/785 787/787/787
f 789/789/789 790/790/790 768/768/768
f 767/767/767 789/789/789 768/768/768
f 791/791/791 792/792/792 793/793/793
f 794/794/794 791/791/791 793/793/793
f 742/742/742 795/795/795 792/792/792
f 791/791/791 742/742/742 792/792/792
f 782/782/782 787/787/787 786/786/786
f 783/783/783 782/782/782 786/786/786
f 790/790/790 796/796/796 797/797/797
f 798/798/798 790/790/790 797/797/797
f 789/789/789 799/799/799 796/796/796
f 790/790/790 789/789/789 796/796/796
f 800/800/800 801/801/801 802/802/802
f 803/803/803 800/800/800 802/802/802
f 804/804/804 781/781/781 784/784/784
f 805/805/805 804/804/804 784/784/784
f 778/778/778 806/806/806 795/795/795
f 779/779/779 778/778/778 795/795/795
f 807/807/807 777/777/777 780/780/780
f 808/808/808 807/807/807 780/780/780
f 809/809/809 810/810/810 765/765/765
f 764/764/764 809/809/809 765/765/765
f 748/748/748 751/751/751 811/811/811
f 812/812/812 748/748/748 811/811/811
f 749/749/749 813/813/813 814/814/814
f 750/750/750 749/749/749 814/814/814
f 815/815/815 816/816/816 796/796/796
f 799/799/799 815/815/815 796/796/796
f 817/817/817 818/818/818 819/819/819
f 820/820/820 817/817/817 819/819/819
f 821/821/821 822/822/822 818/818/818
f 817/817/817 821/821/821 818/818/818
f 823/823/823 735/735/735 822/822/822
f 821/821/821 823/823/823 822/822/822
f 732/732/732 735/735/735 823/823/823
f 824/824/824 732/732/732 823/823/823
f 813/813/813 825/825/825 826/826/826
f 814/814/814 813/813/813 826/826/826
f 818/818/818 827/827/827 828/828/828
f 819/819/819 818/818/818 828/828/828
f 822/822/822 829/829/829 827/827/827
f 818/818/818 822/822/822 827/827/827
f 735/735/735 734/734/734 829/829/829
f 822/822/822 735/735/735 829/829/829
f 766/766/766 765/765/765 830/830/830
f 744/744/744 766/766/766 830/830/830
f 827/827/827 831/831/831 832/832/832
f 828/828/828 827/827/827 832/832/832
f 829/829/829 833/833/833 831/831/831
f 827/827/827 829/829/829 831/831/831
f 734/734/734 834/834/834 833/833/833
f 829/829/829 734/734/734 833/833/833
f 733/733/733 835/835/835 834/834/834
f 734/734/734 733/733/733 834/834/834
f 836/836/836 837/837/837 838/838/838
f 830/830/830 836/836/836 838/838/838
f 831/831/831 839/839/839 840/840/840
f 832/832/832 831/831/831 840/840/840
f 833/833/833 841/841/841 839/839/839
f 831/831/831 833/833/833 839/839/839
f 834/834/834 842/842/842 841/841/841
f 833/833/833 834/834/834 841/841/841
f 835/835/835 843/843/843 842/842/842
f 834/834/834 835/835/835 842/842/842
f 810/810/810 836/836/836 830/830/830
f 765/765/765 810/810/810 830/830/830
f 811/811/811 809/809/809 764/764/764
f 812/812/812 811/811/811 764/764/764
f 825/825/825 844/844/844 845/845/845
f 826/826/826 825/825/825 845/845/845
f 830/830/830 838/838/838 745/745/745
f 744/744/744 830/830/830 745/745/745
f 743/743/743 742/742/742 791/791/791
f 846/846/846 743/743/743 791/791/791
f 847/847/847 848/848/848 849/849/849
f 763/763/763 847/847/847 849/849/849
f 850/850/850 825/825/825 813/813/813
f 762/762/762 850/850/850 813/813/813
f 848/848/848 851/851/851 852/852/852
f 849/849/849 848/848/848 852/852/852
f 780/780/780 741/741/741 853/853/853
f 808/808/808 780/780/780 853/853/853
f 854/854/854 855/855/855 847/847/847
f 763/763/763 854/854/854 847/847/847
f 846/846/846 791/791/791 794/794/794
f 856/856/856 846/846/846 794/794/794
f 770/770/770 857/857/857 858/858/858
f 771/771/771 770/770/770 858/858/858
f 774/774/774 859/859/859 857/857/857
f 770/770/770 774/774/774 857/857/857
f 776/776/776 860/860/860 859/859/859
f 774/774/774 776/776/776 859/859/859
f 861/861/861 862/862/862 863/863/863
f 864/864/864 861/861/861 863/863/863
f 800/800/800 803/803/803 787/787/787
f 865/865/865 800/800/800 787/787/787
f 816/816/816 866/866/866 797/797/797
f 796/796/796 816/816/816 797/797/797
f 867/867/867 769/769/769 772/772/772
f 868/868/868 867/867/867 772/772/772
f 804/804/804 805/805/805 807/807/807
f 808/808/808 804/804/804 807/807/807
f 844/844/844 756/756/756 869/869/869
f 845/845/845 844/844/844 869/869/869
f 869/869/869 756/756/756 759/759/759
f 870/870/870 869/869/869 759/759/759
f 745/745/745 871/871/871 872/872/872
f 746/746/746 745/745/745 872/872/872
f 873/873/873 874/874/874 875/875/875
f 876/876/876 873/873/873 875/875/875
f 877/877/877 878/878/878 879/879/879
f 880/880/880 877/877/877 879/879/879
f 878/878/878 736/736/736 739/739/739
f 879/879/879 878/878/878 739/739/739
f 837/837/837 871/871/871 745/745/745
f 838/838/838 837/837/837 745/745/745
f 881/881/881 803/803/803 802/802/802
f 882/882/882 881/881/881 802/802/802
f 757/757/757 883/883/883 884/884/884
f 758/758/758 757/757/757 884/884/884
f 850/850/850 885/885/885 883/883/883
f 757/757/757 850/850/850 883/883/883
f 766/766/766 744/744/744 747/747/747
f 886/886/886 766/766/766 747/747/747
f 762/762/762 887/887/887 885/885/885
f 850/850/850 762/762/762 885/885/885
f 888/888/888 775/775/775 773/773/773
f 889/889/889 888/888/888 773/773/773
f 738/738/738 823/823/823 821/821/821
f 739/739/739 738/738/738 821/821/821
f 739/739/739 821/821/821 817/817/817
f 879/879/879 739/739/739 817/817/817
f 879/879/879 817/817/817 820/820/820
f 880/880/880 879/879/879 820/820/820
f 792/792/792 890/890/890 891/891/891
f 793/793/793 792/792/792 891/891/891
f 889/889/889 773/773/773 769/769/769
f 867/867/867 889/889/889 769/769/769
f 785/785/785 788/788/788 881/881/881
f 892/892/892 785/785/785 881/881/881
f 892/892/892 881/881/881 882/882/882
f 893/893/893 892/892/892 882/882/882
f 746/746/746 894/894/894 895/895/895
f 747/747/747 746/746/746 895/895/895
f 896/896/896 897/897/897 752/752/752
f 755/755/755 896/896/896 752/752/752
f 758/758/758 898/898/898 899/899/899
f 759/759/759 758/758/758 899/899/899
f 900/900/900 901/901/901 902/902/902
f 903/903/903 900/900/900 902/902/902
f 897/897/897 904/904/904 767/767/767
f 752/752/752 897/897/897 767/767/767
f 771/771/771 905/905/905 906/906/906
f 772/772/772 771/771/771 906/906/906
f 905/905/905 907/907/907 908/908/908
f 906/906/906 905/905/905 908/908/908
f 907/907/907 909/909/909 910/910/910
f 908/908/908 907/907/907 910/910/910
f 904/904/904 911/911/911 789/789/789
f 767/767/767 904/904/904 789/789/789
f 793/793/793 912/912/912 913/913/913
f 794/794/794 793/793/793 913/913/913
f 912/912/912 914/914/914 915/915/915
f 913/913/913 912/912/912 915/915/915
f 916/916/916 917/917/917 911/911/911
f 918/918/918 916/916/916 911/911/911
f 917/917/917 799/799/799 789/789/789
f 911/911/911 917/917/917 789/789/789
f 802/802/802 801/801/801 919/919/919
f 920/920/920 802/802/802 919/919/919
f 917/917/917 921/921/921 815/815/815
f 799/799/799 917/917/917 815/815/815
f 819/819/819 922/922/922 923/923/923
f 820/820/820 819/819/819 923/923/923
f 922/922/922 924/924/924 925/925/925
f 923/923/923 922/922/922 925/925/925
f 924/924/924 864/864/864 926/926/926
f 925/925/925 924/924/924 926/926/926
f 926/926/926 864/864/864 863/863/863
f 927/927/927 926/926/926 863/863/863
f 828/828/828 928/928/928 922/922/922
f 819/819/819 828/828/828 922/922/922
f 928/928/928 929/929/929 924/924/924
f 922/922/922 928/928/928 924/924/924
f 929/929/929 861/861/861 864/864/864
f 924/924/924 929/929/929 864/864/864
f 832/832/832 930/930/930 928/928/928
f 828/828/828 832/832/832 928/928/928
f 930/930/930 931/931/931 929/929/929
f 928/928/928 930/930/930 929/929/929
f 931/931/931 932/932/932 861/861/861
f 929/929/929 931/931/931 861/861/861
f 932/932/932 933/933/933 862/862/862
f 861/861/861 932/932/932 862/862/862
f 840/840/840 934/934/934 930/930/930
f 832/832/832 840/840/840 930/930/930
f 934/934/934 935/935/935 931/931/931
f 930/930/930 934/934/934 931/931/931
f 935/935/935 936/936/936 932/932/932
f 931/931/931 935/935/935 932/932/932
f 936/936/936 937/937/937 933/933/933
f 932/932/932 936/936/936 933/933/933
f 894/894/894 938/938/938 939/939/939
f 895/895/895 894/894/894 939/939/939
f 940/940/940 941/941/941 942/942/942
f 900/900/900 940/940/940 942/942/942
f 943/943/943 944/944/944 945/945/945
f 946/946/946 943/943/943 945/945/945
f 947/947/947 920/920/920 919/919/919
f 948/948/948 947/947/947 919/919/919
f 949/949/949 950/950/950 951/951/951
f 946/946/946 949/949/949 951/951/951
f 875/875/875 874/874/874 952/952/952
f 953/953/953 875/875/875 952/952/952
f 954/954/954 955/955/955 877/877/877
f 880/880/880 954/954/954 877/877/877
f 956/956/956 957/957/957 955/955/955
f 954/954/954 956/956/956 955/955/955
f 802/802/802 920/920/920 958/958/958
f 882/882/882 802/802/802 958/958/958
f 772/772/772 906/906/906 959/959/959
f 868/868/868 772/772/772 959/959/959
f 939/939/939 960/960/960 961/961/961
f 895/895/895 939/939/939 961/961/961
f 747/747/747 895/895/895 961/961/961
f 886/886/886 747/747/747 961/961/961
f 962/962/962 963/963/963 957/957/957
f 956/956/956 962/962/962 957/957/957
f 964/964/964 903/903/903 965/965/965
f 966/966/966 964/964/964 965/965/965
f 960/960/960 967/967/967 968/968/968
f 961/961/961 960/960/960 968/968/968
f 969/969/969 970/970/970 971/971/971
f 945/945/945 969/969/969 971/971/971
f 972/972/972 973/973/973 974/974/974
f 975/975/975 972/972/972 974/974/974
f 947/947/947 976/976/976 977/977/977
f 978/978/978 947/947/947 977/977/977
f 976/976/976 947/947/947 973/973/973
f 972/972/972 976/976/976 973/973/973
f 975/975/975 974/974/974 951/951/951
f 950/950/950 975/975/975 951/951/951
f 914/914/914 979/979/979 970/970/970
f 969/969/969 914/914/914 970/970/970
f 945/945/945 971/971/971 949/949/949
f 946/946/946 945/945/945 949/949/949
f 960/960/960 980/980/980 981/981/981
f 967/967/967 960/960/960 981/981/981
f 982/982/982 966/966/966 965/965/965
f 983/983/983 982/982/982 965/965/965
f 984/984/984 940/940/940 903/903/903
f 964/964/964 984/984/984 903/903/903
f 985/985/985 941/941/941 940/940/940
f 984/984/984 985/985/985 940/940/940
f 938/938/938 986/986/986 987/987/987
f 939/939/939 938/938/938 987/987/987
f 939/939/939 987/987/987 980/980/980
f 960/960/960 939/939/939 980/980/980
f 967/967/967 981/981/981 982/982/982
f 983/983/983 967/967/967 982/982/982
f 988/988/988 989/989/989 941/941/941
f 985/985/985 988/988/988 941/941/941
f 990/990/990 991/991/991 992/992/992
f 968/968/968 990/990/990 992/992/992
f 993/993/993 994/994/994 991/991/991
f 990/990/990 993/993/993 991/991/991
f 992/992/992 855/855/855 854/854/854
f 968/968/968 992/992/992 854/854/854
f 916/916/916 995/995/995 921/921/921
f 917/917/917 916/916/916 921/921/921
f 925/925/925 926/926/926 962/962/962
f 956/956/956 925/925/925 962/962/962
f 923/923/923 925/925/925 956/956/956
f 954/954/954 923/923/923 956/956/956
f 820/820/820 923/923/923 954/954/954
f 880/880/880 820/820/820 954/954/954
f 891/891/891 996/996/996 912/912/912
f 793/793/793 891/891/891 912/912/912
f 958/958/958 978/978/978 977/977/977
f 997/997/997 958/958/958 977/977/977
f 882/882/882 958/958/958 997/997/997
f 893/893/893 882/882/882 997/997/997
f 915/915/915 944/944/944 998/998/998
f 999/999/999 915/915/915 998/998/998
f 913/913/913 915/915/915 999/999/999
f 1000/1000/1000 913/913/913 999/999/999
f 794/794/794 913/913/913 1000/1000/1000
f 856/856/856 794/794/794 1000/1000/1000
f 858/858/858 1001/1001/1001 905/905/905
f 771/771/771 858/858/858 905/905/905
f 1001/1001/1001 1002/1002/1002 907/907/907
f 905/905/905 1001/1001/1001 907/907/907
f 1002/1002/1002 1003/1003/1003 909/909/909
f 907/907/907 1002/1002/1002 909/909/909
f 1004/1004/1004 899/899/899 989/989/989
f 988/988/988 1004/1004/1004 989/989/989
f 759/759/759 899/899/899 1004/1004/1004
f 870/870/870 759/759/759 1004/1004/1004
f 872/872/872 1005/1005/1005 894/894/894
f 746/746/746 872/872/872 894/894/894
f 894/894/894 1005/1005/1005 986/986/986
f 938/938/938 894/894/894 986/986/986
f 884/884/884 1006/1006/1006 898/898/898
f 758/758/758 884/884/884 898/898/898
f 1006/1006/1006 1007/1007/1007 942/942/942
f 898/898/898 1006/1006/1006 942/942/942
f 1007/1007/1007 1008/1008/1008 900/900/900
f 942/942/942 1007/1007/1007 900/900/900
f 908/908/908 910/910/910 1009/1009/1009
f 1010/1010/1010 908/908/908 1009/1009/1009
f 906/906/906 908/908/908 1010/1010/1010
f 959/959/959 906/906/906 1010/1010/1010
f 842/842/842 1011/1011/1011 841/841/841
f 843/843/843 1011/1011/1011 842/842/842
f 824/824/824 1012/1012/1012 732/732/732
f 1011/1011/1011 1013/1013/1013 937/937/937
f 934/934/934 840/840/840 1011/1011/1011
f 935/935/935 934/934/934 1011/1011/1011
f 936/936/936 935/935/935 1011/1011/1011
f 937/937/937 936/936/936 1011/1011/1011
f 927/927/927 863/863/863 1014/1014/1014
f 733/733/733 1012/1012/1012 1015/1015/1015
f 843/843/843 835/835/835 1013/1013/1013
f 754/754/754 876/876/876 875/875/875
f 754/754/754 875/875/875 755/755/755
f 850/850/850 757/757/757 844/844/844
f 862/862/862 1015/1015/1015 1014/1014/1014
f 812/812/812 1016/1016/1016 1017/1017/1017
f 760/760/760 748/748/748 1017/1017/1017
f 762/762/762 813/813/813 749/749/749
f 953/953/953 1018/1018/1018 896/896/896
f 804/804/804 808/808/808 1019/1019/1019
f 787/787/787 782/782/782 865/865/865
f 788/788/788 803/803/803 881/881/881
f 1020/1020/1020 782/782/782 781/781/781
f 937/937/937 1013/1013/1013 933/933/933
f 792/792/792 795/795/795 806/806/806
f 1019/1019/1019 808/808/808 853/853/853
f 781/781/781 804/804/804 1021/1021/1021
f 781/781/781 1021/1021/1021 1020/1020/1020
f 896/896/896 875/875/875 953/953/953
f 896/896/896 755/755/755 875/875/875
f 942/942/942 989/989/989 898/898/898
f 780/780/780 779/779/779 741/741/741
f 983/983/983 1022/1022/1022 1023/1023/1023
f 902/902/902 1022/1022/1022 965/965/965
f 849/849/849 764/764/764 763/763/763
f 900/900/900 903/903/903 940/940/940
f 849/849/849 1016/1016/1016 764/764/764
f 1024/1024/1024 951/951/951 1025/1025/1025
f 947/947/947 948/948/948 973/973/973
f 978/978/978 958/958/958 920/920/920
f 1026/1026/1026 974/974/974 973/973/973
f 912/912/912 979/979/979 914/914/914
f 1024/1024/1024 943/943/943 946/946/946
f 738/738/738 737/737/737 824/824/824
f 974/974/974 1025/1025/1025 951/951/951
f 974/974/974 1026/1026/1026 1025/1025/1025
f 757/757/757 756/756/756 844/844/844
f 945/945/945 944/944/944 969/969/969
f 990/990/990 968/968/968 967/967/967
f 990/990/990 967/967/967 1023/1023/1023
f 876/876/876 754/754/754 1027/1027/1027
f 854/854/854 766/766/766 886/886/886
f 768/768/768 790/790/790 1028/1028/1028
f 962/962/962 927/927/927 963/963/963
f 768/768/768 1028/1028/1028 1029/1029/1029
f 1030/1030/1030 768/768/768 1029/1029/1029
f 753/753/753 1030/1030/1030 1031/1031/1031
f 749/749/749 748/748/748 760/760/760
f 854/854/854 886/886/886 961/961/961
f 904/904/904 1032/1032/1032 911/911/911
f 904/904/904 1033/1033/1033 1032/1032/1032
f 1034/1034/1034 1033/1033/1033 904/904/904
f 897/897/897 1035/1035/1035 1034/1034/1034
f 903/903/903 902/902/902 965/965/965
f 983/983/983 965/965/965 1022/1022/1022
f 947/947/947 978/978/978 920/920/920
f 1024/1024/1024 946/946/946 951/951/951
f 812/812/812 1017/1017/1017 748/748/748
f 983/983/983 1023/1023/1023 967/967/967
f 787/787/787 803/803/803 788/788/788
f 804/804/804 1019/1019/1019 1021/1021/1021
f 812/812/812 764/764/764 1016/1016/1016
f 741/741/741 779/779/779 742/742/742
f 873/873/873 1036/1036/1036 874/874/874
f 847/847/847 855/855/855 1037/1037/1037
f 848/848/848 847/847/847 1037/1037/1037
f 851/851/851 848/848/848 1037/1037/1037
f 733/733/733 732/732/732 1012/1012/1012
f 1015/1015/1015 1012/1012/1012 1038/1038/1038
f 1015/1015/1015 1013/1013/1013 835/835/835
f 835/835/835 733/733/733 1015/1015/1015
f 1039/1039/1039 753/753/753 1031/1031/1031
f 1027/1027/1027 754/754/754 1039/1039/1039
f 782/782/782 1040/1040/1040 865/865/865
f 1020/1020/1020 1040/1040/1040 782/782/782
f 823/823/823 738/738/738 824/824/824
f 944/944/944 915/915/915 969/969/969
f 792/792/792 806/806/806 890/890/890
f 776/776/776 1041/1041/1041 860/860/860
f 1042/1042/1042 1041/1041/1041 775/775/775
f 952/952/952 874/874/874 1036/1036/1036
f 992/992/992 1037/1037/1037 855/855/855
f 991/991/991 1037/1037/1037 992/992/992
f 898/898/898 989/989/989 899/899/899
f 942/942/942 941/941/941 989/989/989
f 761/761/761 887/887/887 762/762/762
f 862/862/862 1014/1014/1014 863/863/863
f 1015/1015/1015 1038/1038/1038 1014/1014/1014
f 1015/1015/1015 933/933/933 1013/1013/1013
f 933/933/933 1015/1015/1015 862/862/862
f 1043/1043/1043 1035/1035/1035 897/897/897
f 1018/1018/1018 1043/1043/1043 896/896/896
f 973/973/973 948/948/948 1044/1044/1044
f 1026/1026/1026 973/973/973 1044/1044/1044
f 926/926/926 927/927/927 962/962/962
f 1042/1042/1042 775/775/775 888/888/888
f 850/850/850 844/844/844 825/825/825
f 854/854/854 961/961/961 968/968/968
f 993/993/993 990/990/990 1023/1023/1023
f 912/912/912 996/996/996 979/979/979
f 854/854/854 763/763/763 766/766/766
f 896/896/896 1043/1043/1043 897/897/897
f 852/852/852 1016/1016/1016 849/849/849
f 754/754/754 753/753/753 1039/1039/1039
f 753/753/753 768/768/768 1030/1030/1030
f 897/897/897 1034/1034/1034 904/904/904
f 775/775/775 1041/1041/1041 776/776/776
f 740/740/740 853/853/853 741/741/741
f 909/909/909 1003/1003/1003 1045/1045/1045
f 1028/1028/1028 790/790/790 798/798/798
f 742/742/742 779/779/779 795/795/795
f 910/910/910 909/909/909 1045/1045/1045
f 998/998/998 944/944/944 943/943/943
f 1032/1032/1032 918/918/918 911/911/911
f 1011/1011/1011 843/843/843 1013/1013/1013
f 839/839/839 1011/1011/1011 840/840/840
f 1046/1046/1046 910/910/910 1045/1045/1045
f 901/901/901 900/900/900 1008/1008/1008
f 1046/1046/1046 1009/1009/1009 910/910/910
f 841/841/841 1011/1011/1011 839/839/839
f 915/915/915 914/914/914 969/969/969
f 994/994/994 1037/1037/1037 991/991/991

v 0.673371 7.242683 -0.458705
v 0.234247 7.416788 -0.923355
v 0.478385 7.810750 -0.911404
v 0.765387 7.653428 -0.497075
v 1.137542 7.157563 -0.264496
v 1.220334 7.344923 -0.368139
v 0.523183 6.791175 -0.330432
v 0.552145 6.065827 -0.447845
v -0.080427 6.302835 -1.156688
v 0.012895 7.010282 -0.951919
v 1.160875 6.716726 -0.155367
v 1.327593 6.050388 -0.200298
v -0.298484 6.641536 -2.049163
v -0.207951 7.286010 -1.706801
v 1.790841 6.447614 -0.261514
v 2.096275 6.179676 -0.316587
v 1.327593 6.050388 -0.200298
v 1.352621 6.459651 -0.171256
v 0.561290 5.691807 -0.505207
v 0.616955 5.043348 -0.794977
v -0.061377 5.276115 -1.535936
v -0.119452 5.932067 -1.269257
v 1.411115 5.686203 -0.255713
v 1.466754 5.052607 -0.549977
v 2.209106 5.839592 -0.376709
v 2.293037 5.213340 -0.634720
v 1.466754 5.052607 -0.549977
v 1.411115 5.686203 -0.255713
v 3.127426 6.141014 -0.903434
v 3.171328 5.445432 -1.272125
v 0.703598 4.720116 -1.012894
v 0.930437 4.294117 -1.526843
v 0.412326 4.430895 -2.091444
v 0.084545 4.946347 -1.732008
v 1.477273 4.725894 -0.709518
v 1.670810 4.469691 -0.932767
v 1.335624 4.266067 -1.250033
v 2.260134 4.935391 -0.880476
v 2.084687 4.511604 -0.985528
v 1.670810 4.469691 -0.932767
v 1.477273 4.725894 -0.709518
v -0.023608 6.964885 -2.743947
v 0.022839 7.486953 -2.297732
v -0.023608 6.964885 -2.743947
v 0.560238 7.219271 -3.208192
v 0.407987 7.383534 -2.864753
v 0.080306 7.320757 -2.566402
v -0.274998 5.647024 -2.474086
v -0.351035 6.309271 -2.222668
v -0.030326 6.661775 -2.969239
v 0.053101 6.009370 -3.211192
v 0.053101 6.009370 -3.211192
v 0.656282 6.321100 -3.715928
v 0.581177 6.941381 -3.441302
v -0.030326 6.661775 -2.969239
v 1.610352 7.167775 -3.759338
v 1.725984 6.423645 -3.993000
v 0.261273 4.747010 -2.786554
v -0.146441 5.295425 -2.613100
v 1.295932 4.087237 -2.684373
v 1.004685 4.157130 -2.504534
v 1.397002 3.997372 -1.914009
v 1.609060 3.945290 -2.088568
v 1.731385 4.221827 -2.867300
v 1.988889 4.062378 -2.188072
v 1.978818 4.438910 -2.920693
v 1.731385 4.221827 -2.867300
v 1.988889 4.062378 -2.188072
v 2.281596 4.220689 -2.060270
v 0.288495 4.974766 -3.221263
v 0.305950 5.393434 -3.502127
v 0.091089 5.664067 -3.319022
v 0.305950 5.393434 -3.502127
v 0.605396 5.512792 -3.770306
v 0.746302 5.959958 -3.730280
v 0.091089 5.664067 -3.319022
v 0.752404 4.433638 -3.127470
v 0.996971 4.359554 -3.240832
v 1.331510 4.507294 -3.425594
v 1.331510 4.507294 -3.425594
v 1.453822 4.780929 -3.618564
v 0.100924 7.630117 -1.536345
v 0.296183 7.970986 -1.380356
v 0.210277 7.785140 -2.010082
v 0.388682 7.907787 -1.933734
v 1.352621 6.459651 -0.171256
v 2.320401 4.552850 -1.237942
v 3.171328 5.445432 -1.272125
v 1.034292 4.140376 -1.831159
v 1.263831 4.132697 -1.665237
v 0.683860 4.264518 -2.295501
v 1.984107 6.686604 -0.462639
v 1.461488 7.454355 -0.486703
v 2.417285 4.458749 -1.724189
v 2.664708 4.586549 -2.271878
v 0.511059 4.494501 -2.816149
v 0.740040 7.528593 -2.804606
v 0.652269 8.002035 -2.010064
v 0.948019 5.481681 -3.821465
v 1.725984 6.423645 -3.993000
v 0.080306 7.320757 -2.566402
v 0.521847 4.634873 -3.062028
v 1.346705 5.183321 -3.739566
v 1.942036 5.075655 -3.632315

vt 1.261788 0.876644
vt 1.005556 0.876644
vt 1.005556 0.995246
vt 1.261788 0.995246
vt 1.489778 0.876644
vt 1.489778 0.954146
vt 1.261788 0.847623
vt 1.261788 0.706131
vt 1.005556 0.706131
vt 1.005556 0.847623
vt 1.425249 0.847623
vt 1.489778 0.706131
vt 1.261788 0.706131
vt 1.261788 0.847623
vt 1.762991 0.800000
vt 1.802347 0.706131
vt 1.504677 0.722243
vt 1.534087 0.800000
vt 1.262864 0.679354
vt 1.261788 0.522283
vt 1.005556 0.522283
vt 1.005556 0.679354
vt 1.489778 0.679354
vt 1.489778 0.522283
vt 1.774933 0.679354
vt 1.774933 0.522283
vt 1.504677 0.522283
vt 1.504677 0.679354
vt 1.985541 0.679354
vt 1.985541 0.522283
vt 1.261788 0.497045
vt 1.216605 0.360469
vt 1.005556 0.360469
vt 1.005556 0.497045
vt 1.489778 0.497045
vt 1.516878 0.447822
vt 1.340646 0.360469
vt 1.774932 0.497045
vt 1.676197 0.447822
vt 1.531777 0.447822
vt 1.504677 0.497045
vt 1.489778 0.706131
vt 1.425249 0.847623
vt 1.504677 0.722243
vt 1.802347 0.706131
vt 1.762991 0.800000
vt 1.534087 0.800000
vt 1.261788 0.522283
vt 1.262864 0.679354
vt 1.489778 0.679354
vt 1.489778 0.522283
vt 1.504677 0.522283
vt 1.774933 0.522283
vt 1.774933 0.679354
vt 1.504677 0.679354
vt 1.985541 0.679354
vt 1.985541 0.522283
vt 1.216605 0.360469
vt 1.261788 0.497045
vt 1.005556 0.100000
vt 1.005556 0.222226
vt 1.279506 0.222226
vt 1.279506 0.100000
vt 1.005556 0.000000
vt 1.279506 0.000000
vt 1.985541 0.150000
vt 1.985541 0.000000
vt 1.765093 0.000000
vt 1.885424 0.150000
vt 1.340646 0.360469
vt 1.516878 0.447822
vt 1.489778 0.497045
vt 1.531777 0.447822
vt 1.676197 0.447822
vt 1.774932 0.497045
vt 1.504677 0.497045
vt 1.279506 0.222226
vt 1.279506 0.100000
vt 1.279506 0.000000
vt 1.765093 0.000000
vt 1.885424 0.150000
vt 1.261788 0.876644
vt 1.261788 0.995246
vt 1.489778 0.876644
vt 1.489778 0.954146
vt 1.519188 0.800000
vt 1.824966 0.393469
vt 1.985541 0.522283
vt 1.187559 0.334212
vt 1.279506 0.334212
vt 1.005556 0.334212
vt 1.846490 0.847623
vt 1.489778 0.995246
vt 1.885262 0.316773
vt 1.985541 0.251946
vt 1.187559 0.334212
vt 1.846490 0.847623
vt 1.489778 0.995246
vt 1.824966 0.393469
vt 1.985541 0.522283
vt 1.519188 0.800000
vt 1.279506 0.334212
vt 1.885262 0.316773
vt 1.985541 0.251946

vn 0.212103 -0.748028 -0.628861
vn 0.384534 -0.784601 -0.486348
vn 0.763303 -0.361492 -0.535436
vn 0.264425 -0.412091 -0.871929
vn 0.475238 -0.737485 -0.479859
vn 0.456051 -0.718897 -0.524600
vn 0.422009 0.835992 -0.350750
vn 0.394947 -0.537966 -0.744721
vn 0.604290 -0.591608 -0.533698
vn 0.660890 0.745890 -0.082904
vn 0.340252 0.881485 -0.327433
vn 0.084482 -0.411915 -0.907298
vn 0.652010 -0.711946 -0.260799
vn 0.743520 0.618393 0.254496
vn -0.512637 0.723005 -0.463106
vn -0.097472 -0.665366 -0.740127
vn 0.084482 -0.411915 -0.907298
vn 0.312267 0.748629 -0.584845
vn 0.293489 0.925554 -0.239196
vn 0.438318 -0.422230 -0.793473
vn 0.675741 -0.502271 -0.539535
vn 0.555474 0.831525 0.003880
vn -0.054026 0.940464 -0.335573
vn 0.121282 -0.404608 -0.906412
vn -0.339236 0.893376 -0.294615
vn -0.215631 -0.462989 -0.859735
vn 0.121282 -0.404608 -0.906412
vn -0.054026 0.940464 -0.335573
vn 0.541991 0.525132 0.656111
vn 0.208257 -0.885664 -0.415003
vn 0.222847 0.962421 -0.155193
vn 0.658730 -0.098258 -0.745936
vn 0.837368 -0.189223 -0.512844
vn 0.341729 0.927440 0.151907
vn -0.111096 0.969863 -0.216849
vn 0.348311 -0.259490 -0.900747
vn 0.646656 -0.042231 -0.761612
vn -0.505327 0.805236 -0.310226
vn -0.366759 -0.486084 -0.793227
vn 0.348311 -0.259490 -0.900747
vn -0.111096 0.969863 -0.216849
vn 0.622169 -0.775823 0.104903
vn 0.689213 0.645308 0.329489
vn 0.622169 -0.775823 0.104903
vn 0.318547 -0.946930 0.043035
vn 0.236586 0.215928 0.947313
vn 0.830223 0.398075 0.390213
vn 0.746055 -0.630507 -0.214156
vn 0.606656 0.713601 0.350345
vn 0.474674 0.582638 0.659711
vn 0.645565 -0.759445 0.080555
vn 0.645565 -0.759445 0.080555
vn 0.392432 -0.874528 0.284951
vn 0.259931 0.487857 0.833325
vn 0.474674 0.582638 0.659711
vn -0.026479 0.909874 -0.414039
vn 0.197689 -0.878512 -0.434897
vn 0.930226 -0.282008 -0.234841
vn 0.511008 0.767393 0.387271
vn 0.101116 0.952099 0.288587
vn 0.358495 0.922773 0.141321
vn 0.615181 0.740649 0.270168
vn 0.317738 0.526054 0.788866
vn -0.325488 0.821469 0.468237
vn -0.273401 0.417734 0.866459
vn -0.481125 0.711936 0.511532
vn -0.325488 0.821469 0.468237
vn -0.273401 0.417734 0.866459
vn -0.737112 0.371226 0.564674
vn 0.949942 -0.247496 -0.190674
vn 0.816825 -0.576581 -0.018767
vn 0.359015 0.651691 0.668137
vn 0.816825 -0.576581 -0.018767
vn 0.245421 -0.900410 0.359208
vn 0.148151 0.362960 0.919952
vn 0.359015 0.651691 0.668137
vn 0.366274 0.909110 -0.198400
vn -0.260742 0.917571 -0.300128
vn -0.703234 0.708646 0.057293
vn -0.703234 0.708646 0.057293
vn -0.766959 0.391426 0.508487
vn 0.398218 -0.873992 -0.278496
vn 0.703492 -0.709253 -0.045383
vn 0.456051 -0.718897 -0.524600
vn 0.474028 -0.731065 -0.490757
vn 0.312267 0.748629 -0.584845
vn -0.862476 -0.078569 -0.499962
vn 0.586511 0.786006 0.195445
vn 0.023177 0.990444 0.135951
vn 0.425140 0.815078 0.393578
vn 0.193849 0.951450 0.239093
vn -0.944129 0.241723 0.224033
vn 0.015098 -0.982937 -0.183324
vn -0.984348 0.174247 0.026392
vn -0.692026 0.721838 0.007071
vn 0.179610 0.884571 0.430436
vn -0.669840 0.056083 0.740385
vn -0.118948 -0.892214 -0.435667
vn -0.162550 -0.552281 0.817657
vn 0.417588 0.900334 -0.122555
vn 0.830223 0.398075 0.390213
vn 0.179470 0.981348 -0.068896
vn -0.563470 -0.110605 0.818699
vn -0.225300 0.405957 0.885685

g polygon9
s 1
usemtl mat4
f 1047/1047/1047 1048/1048/1048 1049/1049/1049
f 1050/1050/1050 1047/1047/1047 1049/1049/1049
f 1051/1051/1051 1047/1047/1047 1050/1050/1050
f 1052/1052/1052 1051/1051/1051 1050/1050/1050
f 1053/1053/1053 1054/1054/1054 1055/1055/1055
f 1056/1056/1056 1053/1053/1053 1055/1055/1055
f 1057/1057/1057 1058/1058/1058 1054/1054/1054
f 1053/1053/1053 1057/1057/1057 1054/1054/1054
f 1055/1055/1055 1059/1059/1059 1060/1060/1060
f 1056/1056/1056 1055/1055/1055 1060/1060/1060
f 1061/1061/1061 1062/1062/1062 1063/1063/1063
f 1064/1064/1064 1061/1061/1061 1063/1063/1063
f 1065/1065/1065 1066/1066/1066 1067/1067/1067
f 1068/1068/1068 1065/1065/1065 1067/1067/1067
f 1066/1066/1066 1065/1065/1065 1069/1069/1069
f 1070/1070/1070 1066/1066/1066 1069/1069/1069
f 1071/1071/1071 1072/1072/1072 1073/1073/1073
f 1074/1074/1074 1071/1071/1071 1073/1073/1073
f 1072/1072/1072 1071/1071/1071 1075/1075/1075
f 1076/1076/1076 1072/1072/1072 1075/1075/1075
f 1077/1077/1077 1078/1078/1078 1079/1079/1079
f 1080/1080/1080 1077/1077/1077 1079/1079/1079
f 1081/1081/1081 1082/1082/1082 1083/1083/1083
f 1077/1077/1077 1081/1081/1081 1083/1083/1083
f 1084/1084/1084 1085/1085/1085 1086/1086/1086
f 1087/1087/1087 1084/1084/1084 1086/1086/1086
f 1059/1059/1059 1088/1088/1088 1089/1089/1089
f 1060/1060/1060 1059/1059/1059 1089/1089/1089
f 1090/1090/1090 1091/1091/1091 1092/1092/1092
f 1093/1093/1093 1090/1090/1090 1092/1092/1092
f 1067/1067/1067 1094/1094/1094 1095/1095/1095
f 1068/1068/1068 1067/1067/1067 1095/1095/1095
f 1096/1096/1096 1095/1095/1095 1094/1094/1094
f 1097/1097/1097 1096/1096/1096 1094/1094/1094
f 1098/1098/1098 1099/1099/1099 1100/1100/1100
f 1101/1101/1101 1098/1098/1098 1100/1100/1100
f 1102/1102/1102 1100/1100/1100 1099/1099/1099
f 1103/1103/1103 1102/1102/1102 1099/1099/1099
f 1079/1079/1079 1104/1104/1104 1105/1105/1105
f 1080/1080/1080 1079/1079/1079 1105/1105/1105
f 1106/1106/1106 1107/1107/1107 1108/1108/1108
f 1109/1109/1109 1106/1106/1106 1108/1108/1108
f 1110/1110/1110 1106/1106/1106 1109/1109/1109
f 1111/1111/1111 1110/1110/1110 1109/1109/1109
f 1112/1112/1112 1113/1113/1113 1114/1114/1114
f 1115/1115/1115 1112/1112/1112 1114/1114/1114
f 1116/1116/1116 1117/1117/1117 1118/1118/1118
f 1105/1105/1105 1116/1116/1116 1118/1118/1118
f 1119/1119/1119 1120/1120/1120 1121/1121/1121
f 1122/1122/1122 1119/1119/1119 1121/1121/1121
f 1123/1123/1123 1107/1107/1107 1106/1106/1106
f 1124/1124/1124 1123/1123/1123 1106/1106/1106
f 1124/1124/1124 1106/1106/1106 1110/1110/1110
f 1125/1125/1125 1124/1124/1124 1110/1110/1110
f 1126/1126/1126 1113/1113/1113 1112/1112/1112
f 1127/1127/1127 1126/1126/1126 1112/1112/1112
f 1049/1049/1049 1048/1048/1048 1128/1128/1128
f 1129/1129/1129 1049/1049/1049 1128/1128/1128
f 1129/1129/1129 1128/1128/1128 1130/1130/1130
f 1131/1131/1131 1129/1129/1129 1130/1130/1130
f 1057/1057/1057 1132/1132/1132 1058/1058/1058
f 1133/1133/1133 1084/1084/1084 1134/1134/1134
f 1108/1108/1108 1135/1135/1135 1136/1136/1136
f 1108/1108/1108 1137/1137/1137 1135/1135/1135
f 1083/1083/1083 1078/1078/1078 1077/1077/1077
f 1062/1062/1062 1061/1061/1061 1138/1138/1138
f 1052/1052/1052 1050/1050/1050 1139/1139/1139
f 1108/1108/1108 1107/1107/1107 1137/1137/1137
f 1134/1134/1134 1140/1140/1140 1133/1133/1133
f 1112/1112/1112 1115/1115/1115 1141/1141/1141
f 1133/1133/1133 1085/1085/1085 1084/1084/1084
f 1141/1141/1141 1140/1140/1140 1134/1134/1134
f 1141/1141/1141 1115/1115/1115 1140/1140/1140
f 1123/1123/1123 1142/1142/1142 1137/1137/1137
f 1116/1116/1116 1105/1105/1105 1104/1104/1104
f 1091/1091/1091 1143/1143/1143 1092/1092/1092
f 1131/1131/1131 1144/1144/1144 1129/1129/1129
f 1123/1123/1123 1137/1137/1137 1107/1107/1107
f 1145/1145/1145 1146/1146/1146 1121/1121/1121
f 1089/1089/1089 1088/1088/1088 1147/1147/1147
f 1123/1123/1123 1148/1148/1148 1142/1142/1142
f 1146/1146/1146 1145/1145/1145 1149/1149/1149
f 1112/1112/1112 1150/1150/1150 1127/1127/1127
f 1145/1145/1145 1121/1121/1121 1120/1120/1120
f 1150/1150/1150 1146/1146/1146 1149/1149/1149
f 1150/1150/1150 1149/1149/1149 1127/1127/1127

v 2.249862 7.673773 4.275434
v 2.128573 7.553975 4.194759
v 2.189587 7.440199 4.215871
v 2.339072 7.511688 4.307271
v 2.249862 7.673773 4.275434
v 2.660515 7.622852 4.178700
v 2.528065 7.870379 4.129312
v 2.127456 7.718584 3.931272
v 2.314809 7.889500 4.040452
v 2.597368 7.390779 4.147590
v 2.358322 7.309368 4.017467
v 2.144150 7.421109 3.856770
v 2.292323 7.708208 3.521175
v 2.260625 7.427000 3.575549
v 2.675787 7.829201 3.595265
v 2.811922 7.595954 3.647041
v 2.535049 7.292198 3.634825
v 2.172482 7.622735 3.214474
v 2.103596 7.612836 3.204754
v 1.992063 7.178576 3.273191
v 2.184019 7.343075 3.363345
v 2.474331 7.199968 3.400566
v 2.468531 7.127212 3.360705
v 2.752333 7.385860 3.626834
v 2.479542 7.853249 3.523082
v 2.314809 7.889500 4.040452
v 2.822056 7.572666 3.518023
v 2.685399 7.806807 3.466049
v 2.710859 7.291609 3.291987
v 2.479542 7.853249 3.523082
v 2.375947 7.754561 3.080892
v 2.187857 7.348732 3.403968
v 2.275996 7.454570 3.658823
v 2.810667 7.479045 3.209855
v 2.647710 7.745061 3.137923
v 2.617367 7.697078 3.027363
v 2.787450 7.457034 3.130838
v 2.375947 7.754561 3.080892
v 2.701587 7.244425 3.285300
v 2.806702 7.160485 3.773333
v 2.992343 7.087575 3.727135
v 2.946437 7.144190 3.402693
v 2.939174 6.661087 3.678667
v 3.006572 6.797266 3.821008
v 2.702650 6.663106 4.147837
v 2.626378 6.524843 3.976024
v 0.372438 7.744946 2.406796
v 0.203064 7.952053 2.649070
v 0.436288 8.015440 2.674491
v 0.576026 7.815428 2.431351
v 0.614461 7.917832 2.865915
v 0.774777 7.728100 2.648861
v 0.582930 7.752862 2.984552
v 0.741994 7.548099 2.777986
v 0.401983 7.594985 3.021587
v 0.557548 7.399948 2.804003
v 0.236719 7.578393 2.929913
v 0.382160 7.383897 2.689942
v 0.210906 7.975409 2.790701
v 0.099042 7.726286 2.780543
v 0.136098 7.799581 2.896240
v 0.276397 7.530700 2.535303
v 0.524086 7.557450 2.161420
v 0.730014 7.648289 2.211493
v 0.936344 7.597402 2.443561
v 0.874464 7.390705 2.598654
v 0.697111 7.214945 2.611358
v 0.510563 7.194293 2.489516
v 0.419528 7.339214 2.295940
v 2.271087 6.594365 3.416885
v 2.626452 6.374370 3.402393
v 2.711985 6.610097 3.498041
v 2.464790 6.812243 3.487298
v 2.541516 7.135483 3.364425
v 2.468531 7.127212 3.360705
v 1.830888 8.346828 3.237551
v 1.614779 8.380403 3.533404
v 1.842028 8.304602 3.699375
v 2.045311 8.275303 3.394153
v 1.584465 7.787570 3.549362
v 1.771177 7.759665 3.282758
v 2.023021 7.871369 3.447878
v 1.834008 7.851297 3.722327
v 2.131788 8.096605 3.448567
v 1.903726 8.076299 3.756946
v 1.493619 8.251199 3.727826
v 1.650414 8.192271 3.842760
v 1.493619 8.251199 3.727826
v 1.453961 8.065458 3.747416
v 1.562699 8.022562 3.827249
v 2.116300 8.269792 3.295277
v 1.901053 8.341590 3.138074
v 1.702119 8.239929 3.134762
v 1.460603 8.231735 3.433449
v 1.702119 8.239929 3.134762
v 1.637487 7.999972 3.166306
v 1.428156 7.995111 3.425385
v 1.460603 8.231735 3.433449
v 2.157264 8.128336 2.841166
v 2.060599 8.183301 2.881709
v 2.276053 8.078522 3.036748
v 2.328708 7.942909 2.957351
v 1.967403 8.177078 2.901026
v 2.313884 7.756265 3.098015
v 1.773736 8.021938 3.015664
v 1.834477 7.693937 3.164788
v 1.728995 7.867216 3.389466
v 2.063852 7.687680 3.216430
v 1.967403 8.177078 2.901026
v 1.649820 7.837619 2.650256
v 1.666555 7.553682 2.963595
v 1.792129 7.803098 3.160783
v 2.896188 7.162066 3.253200
v 3.027775 6.907624 3.384248
v 3.021755 6.962248 3.318388
v 2.701587 7.244425 3.285300
v 2.626960 7.100003 3.682296
v 2.806702 7.160485 3.773333
v 2.745825 6.651903 3.597354
v 2.485406 6.552289 3.780624
v 2.517831 6.834642 3.697194
v 2.454335 6.866639 3.376983
v 2.947767 6.810266 3.369590
v 2.319609 6.792279 4.148881
v 2.361941 6.623687 4.111905
v 2.633848 6.922473 4.197001
v 2.319609 6.792279 4.148881
v 2.228186 6.770341 3.998114
v 2.256920 6.653012 3.970856
v 2.365894 7.017572 3.875184
v 2.493322 7.043664 4.080261
v 2.940464 7.046486 3.868252
v 3.058704 6.837400 3.679712
v 2.493322 7.043664 4.080261
v 2.346074 6.801757 3.705789
v 2.566018 6.880114 3.524236
v 2.490549 7.828424 2.944884
v 2.617367 7.697078 3.027363
v 2.864468 7.303115 3.104831
v 2.490549 7.828424 2.944884
v 1.666555 7.553682 2.963595
v 1.925145 8.001155 2.466625
v 2.157264 8.128336 2.841166
v 1.925145 8.001155 2.466625
v 0.339956 7.867188 3.003782
v 2.959663 6.658022 3.176811
v 2.896188 7.162066 3.253200
v 2.864468 7.303115 3.104831
v 2.959663 6.658022 3.176811
v -3.701566 7.724080 -0.229185
v -3.619146 7.802108 -0.164133
v -3.722731 7.842529 -0.011793
v -3.842537 7.730492 -0.103106
v -4.168818 8.044253 -0.133060
v -3.722731 7.842529 -0.011793
v -3.989419 8.218884 0.003130
v -3.590899 8.106311 -0.186686
v -3.772957 8.221557 -0.008064
v -4.150404 7.870019 -0.280061
v -3.899454 7.819433 -0.411786
v -3.569644 8.291451 -0.485365
v -3.630360 7.968682 -0.487028
v -3.615169 8.022655 -0.577939
v -3.917328 8.508281 -0.490584
v -4.097832 8.344083 -0.617370
v -3.901640 7.990038 -0.694711
v -3.327051 7.883494 -0.685892
v -3.334573 8.336432 -0.663619
v -3.392127 8.361993 -0.694793
v -3.518548 8.071518 -0.682684
v -3.772232 8.005476 -0.876148
v -3.765812 7.988610 -0.975498
v -4.070937 8.153551 -0.723183
v -3.772957 8.221557 -0.008064
v -3.709232 8.482578 -0.469128
v -3.869285 8.544380 -0.604485
v -4.050483 8.379554 -0.731755
v -3.872946 8.175771 -1.068473
v -3.448641 8.566476 -0.872596
v -3.709232 8.482578 -0.469128
v -3.481913 8.002544 -0.737402
v -3.659630 8.018609 -0.509193
v -3.906130 8.417484 -1.041068
v -3.691594 8.611535 -0.902864
v -3.602593 8.587914 -1.054719
v -3.822137 8.392502 -1.160283
v -3.448641 8.566476 -0.872596
v -4.348246 7.925167 -0.901843
v -4.211320 7.889923 -0.754844
v -3.865055 8.130102 -1.082933
v -4.120493 8.073889 -1.113639
v -4.319028 7.248589 -0.699011
v -4.454784 7.640931 -0.983090
v -4.351193 7.568804 -1.146287
v -4.211667 7.205167 -0.893887
v -1.902145 8.297955 0.173585
v -1.693818 8.223144 0.273886
v -1.633052 8.186418 -0.082649
v -1.819965 8.263749 -0.160331
v -2.133219 8.145329 0.138562
v -2.084895 8.110646 -0.184070
v -2.144690 7.940885 0.157400
v -2.098496 7.887949 -0.164698
v -1.993705 7.761493 0.221132
v -1.940240 7.721872 -0.101168
v -1.807886 7.768847 0.258665
v -1.733253 7.738847 -0.073114
v -1.644128 7.949919 0.318119
v -1.790116 8.175200 0.369249
v -1.758081 7.961744 0.401818
v -1.590237 7.925786 -0.039400
v -1.568928 8.160678 -0.429785
v -1.778176 8.244081 -0.478224
v -2.066618 8.117684 -0.471365
v -2.067916 7.855786 -0.426490
v -1.901176 7.672860 -0.391233
v -1.678509 7.687553 -0.369188
v -1.522259 7.892869 -0.377349
v -4.058357 7.491811 -1.137321
v -3.948739 7.265646 -1.231471
v -3.674124 7.376921 -0.936352
v -3.850131 7.619711 -0.931488
v -3.804027 7.969432 -0.963717
v -3.765812 7.988610 -0.975498
v -3.680464 9.095951 -0.222516
v -3.428262 9.206347 -0.126907
v -3.280430 9.112841 -0.435588
v -3.518397 9.008672 -0.525803
v -3.524056 8.610175 -0.411268
v -3.256505 8.553002 -0.254340
v -3.398101 8.634063 0.028674
v -3.674193 8.655915 -0.111130
v -3.595991 8.812263 -0.536009
v -3.749599 8.863708 -0.199570
v -3.705580 9.033628 0.033175
v -3.531532 9.116250 0.097574
v -3.640679 8.884668 0.134834
v -3.519964 8.943943 0.179015
v -3.531532 9.116250 0.097574
v -3.236838 9.094724 -0.527900
v -3.475715 8.990157 -0.618461
v -3.258316 9.086438 -0.014640
v -3.119146 9.020999 -0.355234
v -3.223734 8.861294 0.057627
v -3.096191 8.797470 -0.249061
v -3.119146 9.020999 -0.355234
v -3.258316 9.086438 -0.014640
v -3.335089 8.818195 -0.856278
v -3.090338 8.944047 -0.761374
v -3.106237 8.910267 -0.810656
v -3.318484 8.744441 -0.899377
v -2.992176 8.893428 -0.622553
v -3.412902 8.548351 -0.822176
v -3.152127 8.455500 -0.414860
v -2.945550 8.697854 -0.453324
v -3.302922 8.624079 -0.213676
v -3.306735 8.394323 -0.607128
v -2.992176 8.893428 -0.622553
v -2.839391 8.220599 -0.547987
v -2.602311 8.546909 -0.676957
v -3.057071 8.442761 -0.447213
v -4.212934 7.913919 -1.284567
v -3.994187 8.110348 -1.234437
v -4.152380 7.951198 -1.334443
v -4.028160 7.811427 -0.794248
v -3.865055 8.130102 -1.082933
v -4.211320 7.889923 -0.754844
v -4.153666 7.523292 -1.145482
v -4.026502 7.306212 -1.007475
v -3.994855 7.528020 -0.871667
v -3.756353 7.642249 -1.065729
v -4.137567 7.768316 -1.308878
v -3.940408 7.162638 -0.707469
v -3.896151 7.268231 -0.571553
v -4.246381 7.415365 -0.495712
v -3.818434 7.260799 -0.792738
v -3.788536 7.333433 -0.697003
v -3.896151 7.268231 -0.571553
v -3.901155 7.602560 -0.638456
v -4.072261 7.536935 -0.483720
v -4.384982 7.801182 -0.787743
v -4.418315 7.764301 -1.097938
v -4.072261 7.536935 -0.483720
v -3.869843 7.548501 -0.914888
v -3.927810 7.684413 -1.024044
v -3.440828 8.693308 -1.017303
v -3.602593 8.587914 -1.054719
v -3.865732 8.264121 -1.294079
v -3.440828 8.693308 -1.017303
v -2.839391 8.220599 -0.547987
v -2.689643 8.802162 -0.971242
v -3.106237 8.910267 -0.810656
v -2.689643 8.802162 -0.971242
v -1.994154 7.995985 0.373684
v -4.031862 7.665851 -1.505884
v -3.994187 8.110348 -1.234437
v -3.865732 8.264121 -1.294079
v -4.031862 7.665851 -1.505884

vt 0.801356 0.000000
vt 0.963617 0.659564
vt 0.157248 0.796543
vt 0.000000 0.000000
vt 1.000000 0.551988
vt 0.311409 0.000000
vt 0.811409 0.275994
vt 0.963617 0.659564
vt 0.801356 0.000000
vt 0.000000 0.000000
vt 0.157248 0.796543
vt 0.627192 1.000000
vt 0.963617 0.659564
vt 0.627192 1.000000
vt 0.811409 0.275994
vt 0.311409 0.000000
vt 0.157248 0.796543
vt 0.963617 0.659564
vt 0.745023 0.631162
vt 0.637061 0.869366
vt 0.627142 0.988124
vt 0.157248 0.796543
vt 0.680145 0.635616
vt 0.000000 0.000000
vt 1.000000 0.551988
vt 1.000000 0.551988
vt 0.311409 0.000000
vt 0.811409 0.275994
vt 0.000000 0.000000
vt 0.801356 0.000000
vt 0.801356 0.000000
vt 0.627192 1.000000
vt 0.627192 1.000000
vt 0.311409 0.000000
vt 0.811409 0.275994
vt 0.811409 0.275994
vt 0.311409 0.000000
vt 1.000000 0.551988
vt 1.000000 0.551988
vt 1.000000 0.551988
vt 0.811409 0.275994
vt 0.811409 0.275994
vt 0.000000 0.000000
vt 0.311409 0.000000
vt 0.311409 0.000000
vt 0.000000 0.000000
vt 0.458333 0.424413
vt 0.458333 0.424413
vt 0.416667 0.424413
vt 0.416667 0.424413
vt 0.506198 0.424413
vt 0.506198 0.424413
vt 0.583333 0.424413
vt 0.583333 0.424413
vt 0.583333 0.424413
vt 0.583333 0.424413
vt 0.583333 0.424413
vt 0.583333 0.424413
vt 0.477273 0.424413
vt 0.541667 0.424413
vt 0.560606 0.424413
vt 0.541667 0.424413
vt 0.458333 0.424413
vt 0.416667 0.424413
vt 0.506198 0.424413
vt 0.583333 0.424413
vt 0.583333 0.424413
vt 0.583333 0.424413
vt 0.541667 0.424413
vt 0.668310 0.869366
vt 0.510860 0.619881
vt 0.157248 0.796543
vt 0.630930 0.988124
vt 0.963617 0.659564
vt 0.684354 0.635616
vt 0.811409 0.275994
vt 0.811409 0.275994
vt 0.311409 0.000000
vt 0.311409 0.000000
vt 0.627192 1.000000
vt 0.627192 1.000000
vt 0.157248 0.796543
vt 0.157248 0.796543
vt 0.000000 0.000000
vt 0.000000 0.000000
vt 1.000000 0.551988
vt 0.000000 0.000000
vt 0.801356 0.000000
vt 0.963617 0.659564
vt 0.157248 0.796543
vt 0.311409 0.000000
vt 0.811409 0.275994
vt 1.000000 0.551988
vt 1.000000 0.551988
vt 0.801356 0.000000
vt 0.963617 0.659564
vt 0.963617 0.659564
vt 0.801356 0.000000
vt 0.811409 0.275994
vt 0.811409 0.275994
vt 0.311409 0.000000
vt 0.311409 0.000000
vt 1.000000 0.551988
vt 0.000000 0.000000
vt 0.963617 0.659564
vt 0.627192 1.000000
vt 0.627192 1.000000
vt 0.157248 0.796543
vt 0.801356 0.000000
vt 0.963617 0.659564
vt 0.627192 1.000000
vt 0.627192 1.000000
vt 0.811409 0.275994
vt 0.311409 0.000000
vt 0.311409 0.000000
vt 0.801356 0.000000
vt 0.963617 0.659564
vt 0.801356 0.000000
vt 0.157248 0.796543
vt 0.157248 0.796543
vt 0.627192 1.000000
vt 0.627192 1.000000
vt 0.000000 0.000000
vt 1.000000 0.551988
vt 0.000000 0.000000
vt 0.811409 0.275994
vt 0.801356 0.000000
vt 0.963617 0.659564
vt 0.157248 0.796543
vt 0.963617 0.659564
vt 0.801356 0.000000
vt 0.811409 0.275994
vt 0.311409 0.000000
vt 1.000000 0.551988
vt 0.627192 1.000000
vt 0.627192 1.000000
vt 0.806649 0.386228
vt 1.000000 0.428955
vt 0.790408 0.660604
vt 0.601017 0.000000
vt 0.541667 0.477465
vt 0.791528 0.209244
vt 0.978794 0.239399
vt 0.801356 0.000000
vt 0.537879 0.424413
vt 0.752942 0.955923
vt 0.919824 0.820685
vt 0.601017 0.000000
vt 0.450339 0.119366
vt 0.157248 0.796543
vt 0.963617 0.659564
vt 0.801356 0.000000
vt 0.000000 0.000000
vt 0.311409 0.000000
vt 1.000000 0.551988
vt 0.811409 0.275994
vt 0.963617 0.659564
vt 0.801356 0.000000
vt 0.000000 0.000000
vt 0.157248 0.796543
vt 0.963617 0.659564
vt 0.627192 1.000000
vt 0.627192 1.000000
vt 0.811409 0.275994
vt 0.311409 0.000000
vt 0.157248 0.796543
vt 0.637061 0.869366
vt 0.745023 0.631162
vt 0.963617 0.659564
vt 0.627142 0.988124
vt 0.157248 0.796543
vt 0.680145 0.635616
vt 0.000000 0.000000
vt 1.000000 0.551988
vt 1.000000 0.551988
vt 0.811409 0.275994
vt 0.311409 0.000000
vt 0.000000 0.000000
vt 0.801356 0.000000
vt 0.801356 0.000000
vt 0.627192 1.000000
vt 0.627192 1.000000
vt 0.311409 0.000000
vt 0.811409 0.275994
vt 0.811409 0.275994
vt 0.311409 0.000000
vt 1.000000 0.551988
vt 0.811409 0.275994
vt 1.000000 0.551988
vt 1.000000 0.551988
vt 0.811409 0.275994
vt 0.311409 0.000000
vt 0.311409 0.000000
vt 0.000000 0.000000
vt 0.000000 0.000000
vt 0.416667 0.424413
vt 0.458333 0.424413
vt 0.458333 0.424413
vt 0.416667 0.424413
vt 0.506198 0.424413
vt 0.506198 0.424413
vt 0.583333 0.424413
vt 0.583333 0.424413
vt 0.583333 0.424413
vt 0.583333 0.424413
vt 0.583333 0.424413
vt 0.583333 0.424413
vt 0.541667 0.424413
vt 0.477273 0.424413
vt 0.560606 0.424413
vt 0.541667 0.424413
vt 0.458333 0.424413
vt 0.416667 0.424413
vt 0.506198 0.424413
vt 0.583333 0.424413
vt 0.583333 0.424413
vt 0.583333 0.424413
vt 0.541667 0.424413
vt 0.157248 0.796543
vt 0.510860 0.619881
vt 0.668310 0.869366
vt 0.630930 0.988124
vt 0.963617 0.659564
vt 0.684354 0.635616
vt 0.311409 0.000000
vt 0.811409 0.275994
vt 0.811409 0.275994
vt 0.311409 0.000000
vt 0.157248 0.796543
vt 0.627192 1.000000
vt 0.627192 1.000000
vt 0.157248 0.796543
vt 0.000000 0.000000
vt 0.000000 0.000000
vt 0.000000 0.000000
vt 1.000000 0.551988
vt 0.157248 0.796543
vt 0.963617 0.659564
vt 0.801356 0.000000
vt 0.811409 0.275994
vt 0.311409 0.000000
vt 1.000000 0.551988
vt 1.000000 0.551988
vt 0.963617 0.659564
vt 0.963617 0.659564
vt 0.801356 0.000000
vt 0.801356 0.000000
vt 0.311409 0.000000
vt 0.811409 0.275994
vt 0.811409 0.275994
vt 0.311409 0.000000
vt 1.000000 0.551988
vt 0.000000 0.000000
vt 0.627192 1.000000
vt 0.963617 0.659564
vt 0.627192 1.000000
vt 0.157248 0.796543
vt 0.801356 0.000000
vt 0.627192 1.000000
vt 0.963617 0.659564
vt 0.627192 1.000000
vt 0.311409 0.000000
vt 0.811409 0.275994
vt 0.311409 0.000000
vt 0.963617 0.659564
vt 0.801356 0.000000
vt 0.801356 0.000000
vt 0.157248 0.796543
vt 0.157248 0.796543
vt 0.627192 1.000000
vt 0.627192 1.000000
vt 0.000000 0.000000
vt 0.000000 0.000000
vt 1.000000 0.551988
vt 0.811409 0.275994
vt 0.157248 0.796543
vt 0.963617 0.659564
vt 0.801356 0.000000
vt 0.963617 0.659564
vt 0.801356 0.000000
vt 0.811409 0.275994
vt 0.311409 0.000000
vt 1.000000 0.551988
vt 0.627192 1.000000
vt 0.627192 1.000000
vt 0.806649 0.386228
vt 1.000000 0.428955
vt 0.790408 0.660604
vt 0.601017 0.000000
vt 0.541667 0.477465
vt 0.791528 0.209244
vt 0.978794 0.239399
vt 0.801356 0.000000
vt 0.537879 0.424413
vt 0.752942 0.955923
vt 0.919824 0.820685
vt 0.601017 0.000000
vt 0.450339 0.119366

vn -0.348324 0.457707 0.818031
vn -0.920780 -0.006987 0.390021
vn -0.563119 -0.656615 0.501751
vn 0.058870 -0.249193 0.966663
vn -0.348324 0.457707 0.818031
vn 0.729796 0.092198 0.677419
vn 0.311978 0.790855 0.526515
vn -0.921601 0.378131 -0.087568
vn -0.406066 0.891851 0.199278
vn 0.492721 -0.673751 0.550714
vn -0.164072 -0.969026 0.184579
vn -0.857098 -0.510090 -0.072051
vn -0.762512 0.620060 -0.184663
vn 0.133495 -0.191357 -0.972400
vn 0.557538 0.830143 -0.003652
vn 0.979742 0.121126 0.159479
vn 0.144019 -0.983817 0.106599
vn -0.764671 0.507706 0.396879
vn -0.192898 0.281418 0.939997
vn -0.620537 -0.048691 0.782664
vn -0.712930 -0.281652 0.642186
vn -0.044014 -0.798331 0.600608
vn -0.087597 0.133971 0.987106
vn 0.772610 -0.610349 0.174781
vn -0.163175 0.975411 -0.148144
vn -0.406066 0.891851 0.199278
vn 0.996600 0.081706 -0.010646
vn 0.562016 0.811096 -0.162051
vn 0.775085 -0.509327 0.373937
vn -0.163175 0.975411 -0.148144
vn -0.122171 0.984618 0.124904
vn -0.845601 -0.442755 0.298206
vn 0.326307 0.237295 0.914994
vn 0.983450 -0.004981 -0.181113
vn 0.539089 0.770654 -0.339817
vn 0.679852 0.703378 -0.207509
vn 0.959787 0.258164 -0.110272
vn -0.122171 0.984618 0.124904
vn 0.019676 0.959669 0.280444
vn 0.063953 0.956154 0.285795
vn 0.745755 0.625427 0.229544
vn 0.711788 0.702067 -0.021433
vn 0.609329 -0.790455 -0.062445
vn 0.856644 -0.286488 0.429051
vn 0.390878 -0.489962 0.779200
vn 0.143076 -0.965680 0.216777
vn -0.555658 0.431827 -0.710471
vn -0.639093 0.637703 -0.429994
vn 0.084275 0.978065 -0.190492
vn 0.228580 0.838193 -0.495160
vn 0.447634 0.773742 0.448271
vn 0.814401 0.557888 0.159725
vn 0.502972 0.103861 0.858040
vn 0.720728 -0.138971 0.679146
vn -0.131995 -0.297585 0.945527
vn 0.122069 -0.681844 0.721241
vn -0.663058 -0.525524 0.533084
vn -0.576579 -0.763134 0.291861
vn -0.367184 0.877912 0.307322
vn -0.987438 -0.153712 -0.036603
vn -0.740296 0.130498 0.659494
vn -0.894346 -0.313993 -0.318675
vn -0.461011 0.352509 -0.814375
vn 0.132281 0.875724 -0.464337
vn 0.280189 0.921953 0.267388
vn 0.254432 0.105347 0.961336
vn -0.079609 -0.422513 0.902854
vn -0.667583 -0.683836 0.294451
vn -0.831757 -0.332968 -0.444199
vn -0.380563 -0.144077 0.913463
vn 0.427652 -0.603217 0.673233
vn 0.344683 -0.635426 0.690961
vn 0.407445 0.247565 0.879034
vn -0.371311 0.684711 0.627136
vn -0.087597 0.133971 0.987106
vn -0.104112 0.983884 -0.145373
vn -0.282937 0.956310 0.073610
vn 0.388071 0.730383 0.562087
vn 0.537206 0.776337 0.329714
vn -0.495071 -0.834973 0.240260
vn 0.473022 -0.335191 -0.814799
vn 0.579354 -0.675025 0.456827
vn 0.294824 -0.676741 0.674611
vn 0.830366 0.072591 0.552469
vn 0.609315 0.051173 0.791276
vn -0.690893 0.577226 0.435289
vn 0.014365 0.347305 0.937642
vn -0.690893 0.577226 0.435289
vn -0.860743 -0.228157 0.455045
vn -0.335966 -0.410813 0.847561
vn 0.675410 0.712303 0.190905
vn 0.005816 0.953289 -0.302003
vn -0.570326 0.582662 -0.578993
vn -0.821313 0.510460 -0.254708
vn -0.570326 0.582662 -0.578993
vn -0.664174 -0.137448 -0.734834
vn -0.937873 -0.252782 -0.237686
vn -0.821313 0.510460 -0.254708
vn 0.453545 0.699402 -0.552389
vn 0.204142 0.770399 -0.603996
vn 0.845725 0.531882 0.043029
vn 0.775110 0.627186 0.076430
vn -0.447048 0.687415 -0.572372
vn 0.756662 -0.013705 0.653663
vn -0.907339 0.371681 -0.196441
vn 0.142445 -0.945123 -0.294027
vn 0.164575 -0.273265 -0.947756
vn 0.274189 -0.595716 0.754945
vn -0.447048 0.687415 -0.572372
vn -0.733178 0.677690 0.056446
vn -0.739055 0.074205 0.669545
vn -0.419165 0.245437 0.874106
vn 0.772493 0.628669 0.089608
vn 0.962634 -0.102729 -0.250565
vn 0.984140 0.009309 -0.177152
vn 0.019676 0.959669 0.280444
vn -0.500215 0.865007 0.039343
vn 0.063953 0.956154 0.285795
vn 0.071551 -0.951307 -0.299826
vn -0.350357 -0.836238 -0.421848
vn 0.021729 -0.109970 0.993697
vn -0.113679 0.103889 0.988071
vn 0.790063 -0.610003 0.060803
vn -0.567507 0.151738 0.809266
vn -0.346401 -0.671427 0.655128
vn 0.179656 0.329007 0.927080
vn -0.567507 0.151738 0.809266
vn -0.988407 0.141574 0.054853
vn -0.811667 -0.577132 -0.090089
vn -0.715976 0.684190 -0.138788
vn -0.310135 0.799909 0.513772
vn 0.644407 0.515201 0.565073
vn 0.980511 -0.184837 0.066584
vn -0.310135 0.799909 0.513772
vn -0.804136 -0.067562 -0.590594
vn 0.546372 0.301848 -0.781259
vn 0.712194 0.701009 -0.036965
vn 0.679852 0.703378 -0.207509
vn 0.900683 0.434397 -0.008295
vn 0.712194 0.701009 -0.036965
vn -0.739055 0.074205 0.669545
vn 0.078018 0.887187 -0.454767
vn 0.453545 0.699402 -0.552389
vn 0.078018 0.887187 -0.454767
vn -0.116401 0.480407 0.869287
vn 0.947575 -0.302871 0.101833
vn 0.772493 0.628669 0.089608
vn 0.900683 0.434397 -0.008295
vn 0.947575 -0.302871 0.101833
vn 0.336157 -0.917801 -0.211281
vn 0.879483 -0.424310 0.215570
vn 0.252222 -0.323399 0.912029
vn -0.266948 -0.803626 0.531906
vn -0.864525 -0.084140 0.495497
vn 0.252222 -0.323399 0.912029
vn -0.341105 0.379766 0.859898
vn 0.963016 0.080613 0.257101
vn 0.480937 0.431531 0.763204
vn -0.723376 -0.684341 -0.091676
vn -0.062348 -0.866345 -0.495540
vn 0.857298 0.342619 0.384255
vn 0.755441 -0.551426 -0.353890
vn 0.330965 0.265033 -0.905660
vn -0.362572 0.884403 0.293892
vn -0.916384 0.390925 -0.086129
vn -0.296755 -0.816983 -0.494444
vn -0.076151 -0.398412 0.914040
vn -0.467258 0.038040 0.883302
vn 0.198442 0.452877 0.869208
vn -0.946841 0.258920 0.190925
vn -0.557051 -0.814832 -0.160445
vn -0.501526 -0.102604 0.859037
vn -0.854355 -0.306227 -0.419884
vn 0.480937 0.431531 0.763204
vn 0.346802 0.822645 0.450537
vn -0.287345 0.951279 0.111809
vn -0.848369 0.443652 -0.288864
vn -0.909274 -0.293416 -0.295175
vn 0.099263 0.845738 0.524284
vn 0.346802 0.822645 0.450537
vn 0.491899 -0.353458 -0.795678
vn -0.772695 0.171734 0.611106
vn -0.777361 0.425907 -0.462939
vn -0.203055 0.973879 -0.101627
vn -0.364254 0.900590 -0.237185
vn -0.691635 0.555949 -0.461045
vn 0.099263 0.845738 0.524284
vn -0.656150 0.722088 0.219216
vn -0.087065 0.709493 0.699314
vn -0.052301 0.830687 0.554278
vn -0.470283 0.881782 -0.035969
vn -0.657856 -0.709292 0.253240
vn -0.988833 -0.114031 -0.095952
vn -0.561939 -0.425377 -0.709421
vn -0.271678 -0.859339 -0.433276
vn -0.161668 0.947327 0.276469
vn 0.612239 0.669916 0.419970
vn 0.764611 0.639292 0.081707
vn -0.056467 0.995517 -0.075873
vn -0.781247 0.510257 0.359571
vn -0.843472 0.518226 -0.141407
vn -0.925537 -0.259264 0.275978
vn -0.934968 -0.348175 -0.067888
vn -0.403125 -0.736618 0.543033
vn -0.382080 -0.920880 0.077427
vn 0.302589 -0.805805 0.509037
vn 0.433563 -0.880343 0.192404
vn 0.814460 -0.252650 0.522324
vn -0.092399 0.554805 0.826834
vn 0.144189 -0.313171 0.938687
vn 0.949650 -0.240759 0.200499
vn 0.787039 0.612803 -0.071010
vn 0.007329 0.999898 0.012245
vn -0.494024 0.756058 0.429322
vn -0.800711 -0.300124 0.518448
vn -0.377265 -0.803856 0.459877
vn 0.489045 -0.824959 0.283332
vn 0.977311 -0.201717 0.064596
vn -0.750533 -0.641277 -0.159574
vn -0.806225 -0.590174 0.041181
vn -0.286887 -0.407697 0.866879
vn -0.810741 0.290339 0.508332
vn 0.081532 0.384138 0.919669
vn -0.501526 -0.102604 0.859037
vn -0.715979 0.666187 -0.208732
vn 0.032381 0.996602 0.075736
vn 0.132716 0.976210 -0.171467
vn -0.600197 0.664902 -0.444600
vn -0.612729 -0.772659 -0.166017
vn 0.493968 -0.476293 -0.727421
vn 0.072959 -0.698824 0.711563
vn -0.696844 -0.680629 0.226171
vn -0.896345 -0.046886 -0.440872
vn -0.989570 -0.029546 -0.140987
vn -0.839693 0.392244 0.375579
vn -0.067806 0.730409 0.679636
vn -0.552057 -0.282850 0.784365
vn 0.038010 -0.021024 0.999056
vn -0.067806 0.730409 0.679636
vn 0.187544 0.942843 -0.275451
vn -0.558114 0.616342 -0.555546
vn 0.602191 0.648980 0.464964
vn 0.728259 0.671668 0.136020
vn 0.675149 -0.072528 0.734107
vn 0.943769 -0.033213 0.328932
vn 0.728259 0.671668 0.136020
vn 0.602191 0.648980 0.464964
vn -0.502782 0.488749 -0.712976
vn 0.349999 0.740439 -0.573804
vn 0.128581 0.809168 -0.573336
vn -0.540890 0.748530 -0.383590
vn 0.711197 0.693542 0.114885
vn -0.989570 -0.029546 -0.140987
vn 0.151820 -0.678204 0.719020
vn 0.635168 0.078334 0.768392
vn 0.606786 -0.595529 -0.526455
vn -0.571023 -0.698027 0.432079
vn 0.711197 0.693542 0.114885
vn 0.077328 -0.250486 0.965027
vn 0.550012 0.458877 0.697796
vn 0.126970 -0.517820 0.846015
vn -0.702759 0.332341 -0.629031
vn -0.585315 0.798607 -0.140120
vn -0.688391 0.340121 -0.640653
vn 0.467590 0.584778 0.662868
vn -0.052301 0.830687 0.554278
vn -0.087065 0.709493 0.699314
vn -0.009577 -0.649611 -0.760206
vn 0.396584 -0.509914 -0.763354
vn -0.585878 -0.398387 0.705715
vn -0.875206 -0.385485 0.292261
vn -0.732691 -0.305565 -0.608107
vn 0.173305 -0.970986 0.164779
vn 0.401135 -0.450651 0.797499
vn -0.433144 -0.181879 0.882783
vn 0.784249 -0.496512 -0.372062
vn 0.976383 -0.023794 0.214732
vn 0.401135 -0.450651 0.797499
vn 0.784224 0.472191 0.402527
vn 0.224320 0.307100 0.924862
vn -0.760958 0.399717 0.511047
vn -0.883504 0.209226 -0.419100
vn 0.224320 0.307100 0.924862
vn 0.915255 0.121930 -0.383980
vn -0.071104 0.790398 -0.608454
vn -0.454843 0.865910 -0.208130
vn -0.364254 0.900590 -0.237185
vn -0.647895 0.644800 -0.405542
vn -0.454843 0.865910 -0.208130
vn 0.077328 -0.250486 0.965027
vn 0.289530 0.950239 -0.114972
vn 0.128581 0.809168 -0.573336
vn 0.289530 0.950239 -0.114972
vn -0.537412 -0.026926 0.842890
vn -0.803602 -0.055696 -0.592555
vn -0.585315 0.798607 -0.140120
vn -0.647895 0.644800 -0.405542
vn -0.803602 -0.055696 -0.592555

g polygon10
s 1
usemtl mat7
f 1151/1151/1151 1152/1152/1152 1153/1153/1153
f 1154/1154/1154 1151/1151/1151 1153/1153/1153
f 1155/1155/1155 1154/1154/1154 1156/1156/1156
f 1157/1157/1157 1155/1155/1155 1156/1156/1156
f 1158/1158/1158 1152/1152/1152 1151/1151/1151
f 1159/1159/1159 1158/1158/1158 1151/1151/1151
f 1160/1160/1160 1154/1154/1154 1153/1153/1153
f 1161/1161/1161 1160/1160/1160 1153/1153/1153
f 1162/1162/1162 1158/1158/1158 1163/1163/1163
f 1164/1164/1164 1162/1162/1162 1163/1163/1163
f 1165/1165/1165 1157/1157/1157 1156/1156/1156
f 1166/1166/1166 1165/1165/1165 1156/1156/1156
f 1162/1162/1162 1164/1164/1164 1167/1167/1167
f 1161/1161/1161 1162/1162/1162 1167/1167/1167
f 1168/1168/1168 1169/1169/1169 1170/1170/1170
f 1171/1171/1171 1168/1168/1168 1170/1170/1170
f 1172/1172/1172 1171/1171/1171 1170/1170/1170
f 1173/1173/1173 1172/1172/1172 1170/1170/1170
f 1167/1167/1167 1174/1174/1174 1160/1160/1160
f 1161/1161/1161 1167/1167/1167 1160/1160/1160
f 1174/1174/1174 1166/1166/1166 1156/1156/1156
f 1160/1160/1160 1174/1174/1174 1156/1156/1156
f 1175/1175/1175 1176/1176/1176 1157/1157/1157
f 1165/1165/1165 1175/1175/1175 1157/1157/1157
f 1166/1166/1166 1177/1177/1177 1178/1178/1178
f 1165/1165/1165 1166/1166/1166 1178/1178/1178
f 1167/1167/1167 1172/1172/1172 1179/1179/1179
f 1174/1174/1174 1167/1167/1167 1179/1179/1179
f 1180/1180/1180 1181/1181/1181 1168/1168/1168
f 1163/1163/1163 1180/1180/1180 1168/1168/1168
f 1182/1182/1182 1172/1172/1172 1167/1167/1167
f 1183/1183/1183 1182/1182/1182 1167/1167/1167
f 1168/1168/1168 1182/1182/1182 1183/1183/1183
f 1163/1163/1163 1168/1168/1168 1183/1183/1183
f 1174/1174/1174 1179/1179/1179 1184/1184/1184
f 1177/1177/1177 1174/1174/1174 1184/1184/1184
f 1185/1185/1185 1178/1178/1178 1177/1177/1177
f 1184/1184/1184 1185/1185/1185 1177/1177/1177
f 1186/1186/1186 1185/1185/1185 1184/1184/1184
f 1187/1187/1187 1186/1186/1186 1184/1184/1184
f 1178/1178/1178 1185/1185/1185 1188/1188/1188
f 1175/1175/1175 1178/1178/1178 1188/1188/1188
f 1180/1180/1180 1163/1163/1163 1158/1158/1158
f 1159/1159/1159 1180/1180/1180 1158/1158/1158
f 1189/1189/1189 1190/1190/1190 1191/1191/1191
f 1192/1192/1192 1189/1189/1189 1191/1191/1191
f 1193/1193/1193 1194/1194/1194 1195/1195/1195
f 1196/1196/1196 1193/1193/1193 1195/1195/1195
f 1197/1197/1197 1198/1198/1198 1199/1199/1199
f 1200/1200/1200 1197/1197/1197 1199/1199/1199
f 1200/1200/1200 1199/1199/1199 1201/1201/1201
f 1202/1202/1202 1200/1200/1200 1201/1201/1201
f 1202/1202/1202 1201/1201/1201 1203/1203/1203
f 1204/1204/1204 1202/1202/1202 1203/1203/1203
f 1204/1204/1204 1203/1203/1203 1205/1205/1205
f 1206/1206/1206 1204/1204/1204 1205/1205/1205
f 1206/1206/1206 1205/1205/1205 1207/1207/1207
f 1208/1208/1208 1206/1206/1206 1207/1207/1207
f 1209/1209/1209 1198/1198/1198 1210/1210/1210
f 1211/1211/1211 1209/1209/1209 1210/1210/1210
f 1212/1212/1212 1208/1208/1208 1207/1207/1207
f 1210/1210/1210 1212/1212/1212 1207/1207/1207
f 1198/1198/1198 1197/1197/1197 1212/1212/1212
f 1210/1210/1210 1198/1198/1198 1212/1212/1212
f 1213/1213/1213 1197/1197/1197 1200/1200/1200
f 1214/1214/1214 1213/1213/1213 1200/1200/1200
f 1214/1214/1214 1200/1200/1200 1202/1202/1202
f 1215/1215/1215 1214/1214/1214 1202/1202/1202
f 1215/1215/1215 1202/1202/1202 1204/1204/1204
f 1216/1216/1216 1215/1215/1215 1204/1204/1204
f 1216/1216/1216 1204/1204/1204 1206/1206/1206
f 1217/1217/1217 1216/1216/1216 1206/1206/1206
f 1217/1217/1217 1206/1206/1206 1208/1208/1208
f 1218/1218/1218 1217/1217/1217 1208/1208/1208
f 1219/1219/1219 1218/1218/1218 1208/1208/1208
f 1212/1212/1212 1219/1219/1219 1208/1208/1208
f 1197/1197/1197 1213/1213/1213 1219/1219/1219
f 1212/1212/1212 1197/1197/1197 1219/1219/1219
f 1220/1220/1220 1221/1221/1221 1222/1222/1222
f 1223/1223/1223 1220/1220/1220 1222/1222/1222
f 1220/1220/1220 1223/1223/1223 1224/1224/1224
f 1225/1225/1225 1220/1220/1220 1224/1224/1224
f 1226/1226/1226 1227/1227/1227 1228/1228/1228
f 1229/1229/1229 1226/1226/1226 1228/1228/1228
f 1230/1230/1230 1231/1231/1231 1232/1232/1232
f 1233/1233/1233 1230/1230/1230 1232/1232/1232
f 1234/1234/1234 1229/1229/1229 1228/1228/1228
f 1235/1235/1235 1234/1234/1234 1228/1228/1228
f 1236/1236/1236 1237/1237/1237 1228/1228/1228
f 1227/1227/1227 1236/1236/1236 1228/1228/1228
f 1238/1238/1238 1239/1239/1239 1240/1240/1240
f 1237/1237/1237 1238/1238/1238 1240/1240/1240
f 1229/1229/1229 1241/1241/1241 1242/1242/1242
f 1226/1226/1226 1229/1229/1229 1242/1242/1242
f 1243/1243/1243 1244/1244/1244 1227/1227/1227
f 1226/1226/1226 1243/1243/1243 1227/1227/1227
f 1245/1245/1245 1246/1246/1246 1247/1247/1247
f 1248/1248/1248 1245/1245/1245 1247/1247/1247
f 1232/1232/1232 1234/1234/1234 1235/1235/1235
f 1233/1233/1233 1232/1232/1232 1235/1235/1235
f 1230/1230/1230 1247/1247/1247 1246/1246/1246
f 1231/1231/1231 1230/1230/1230 1246/1246/1246
f 1235/1235/1235 1237/1237/1237 1240/1240/1240
f 1233/1233/1233 1235/1235/1235 1240/1240/1240
f 1249/1249/1249 1250/1250/1250 1251/1251/1251
f 1252/1252/1252 1249/1249/1249 1251/1251/1251
f 1242/1242/1242 1250/1250/1250 1253/1253/1253
f 1243/1243/1243 1242/1242/1242 1253/1253/1253
f 1234/1234/1234 1254/1254/1254 1251/1251/1251
f 1241/1241/1241 1234/1234/1234 1251/1251/1251
f 1250/1250/1250 1242/1242/1242 1241/1241/1241
f 1251/1251/1251 1250/1250/1250 1241/1241/1241
f 1246/1246/1246 1255/1255/1255 1256/1256/1256
f 1257/1257/1257 1246/1246/1246 1256/1256/1256
f 1257/1257/1257 1256/1256/1256 1258/1258/1258
f 1232/1232/1232 1257/1257/1257 1258/1258/1258
f 1247/1247/1247 1239/1239/1239 1238/1238/1238
f 1248/1248/1248 1247/1247/1247 1238/1238/1238
f 1232/1232/1232 1258/1258/1258 1254/1254/1254
f 1234/1234/1234 1232/1232/1232 1254/1254/1254
f 1245/1245/1245 1259/1259/1259 1255/1255/1255
f 1246/1246/1246 1245/1245/1245 1255/1255/1255
f 1255/1255/1255 1260/1260/1260 1261/1261/1261
f 1262/1262/1262 1255/1255/1255 1261/1261/1261
f 1261/1261/1261 1169/1169/1169 1258/1258/1258
f 1262/1262/1262 1261/1261/1261 1258/1258/1258
f 1263/1263/1263 1192/1192/1192 1264/1264/1264
f 1265/1265/1265 1263/1263/1263 1264/1264/1264
f 1266/1266/1266 1224/1224/1224 1267/1267/1267
f 1268/1268/1268 1266/1266/1266 1267/1267/1267
f 1269/1269/1269 1193/1193/1193 1196/1196/1196
f 1270/1270/1270 1269/1269/1269 1196/1196/1196
f 1222/1222/1222 1269/1269/1269 1271/1271/1271
f 1272/1272/1272 1222/1222/1222 1271/1271/1271
f 1224/1224/1224 1272/1272/1272 1271/1271/1271
f 1267/1267/1267 1224/1224/1224 1271/1271/1271
f 1222/1222/1222 1273/1273/1273 1193/1193/1193
f 1269/1269/1269 1222/1222/1222 1193/1193/1193
f 1274/1274/1274 1275/1275/1275 1195/1195/1195
f 1276/1276/1276 1274/1274/1274 1195/1195/1195
f 1277/1277/1277 1278/1278/1278 1279/1279/1279
f 1275/1275/1275 1277/1277/1277 1279/1279/1279
f 1268/1268/1268 1267/1267/1267 1280/1280/1280
f 1281/1281/1281 1268/1268/1268 1280/1280/1280
f 1196/1196/1196 1275/1275/1275 1279/1279/1279
f 1270/1270/1270 1196/1196/1196 1279/1279/1279
f 1282/1282/1282 1276/1276/1276 1195/1195/1195
f 1194/1194/1194 1282/1282/1282 1195/1195/1195
f 1273/1273/1273 1264/1264/1264 1283/1283/1283
f 1193/1193/1193 1273/1273/1273 1283/1283/1283
f 1280/1280/1280 1278/1278/1278 1277/1277/1277
f 1281/1281/1281 1280/1280/1280 1277/1277/1277
f 1190/1190/1190 1284/1284/1284 1276/1276/1276
f 1282/1282/1282 1190/1190/1190 1276/1276/1276
f 1269/1269/1269 1270/1270/1270 1285/1285/1285
f 1286/1286/1286 1269/1269/1269 1285/1285/1285
f 1267/1267/1267 1286/1286/1286 1285/1285/1285
f 1280/1280/1280 1267/1267/1267 1285/1285/1285
f 1194/1194/1194 1283/1283/1283 1191/1191/1191
f 1282/1282/1282 1194/1194/1194 1191/1191/1191
f 1192/1192/1192 1191/1191/1191 1283/1283/1283
f 1264/1264/1264 1192/1192/1192 1283/1283/1283
f 1169/1169/1169 1168/1168/1168 1181/1181/1181
f 1287/1287/1287 1188/1188/1188 1288/1288/1288
f 1187/1187/1187 1179/1179/1179 1289/1289/1289
f 1179/1179/1179 1172/1172/1172 1173/1173/1173
f 1179/1179/1179 1173/1173/1173 1289/1289/1289
f 1188/1188/1188 1290/1290/1290 1169/1169/1169
f 1152/1152/1152 1158/1158/1158 1162/1162/1162
f 1153/1153/1153 1162/1162/1162 1161/1161/1161
f 1160/1160/1160 1156/1156/1156 1154/1154/1154
f 1157/1157/1157 1176/1176/1176 1155/1155/1155
f 1152/1152/1152 1162/1162/1162 1153/1153/1153
f 1166/1166/1166 1174/1174/1174 1177/1177/1177
f 1175/1175/1175 1165/1165/1165 1178/1178/1178
f 1164/1164/1164 1163/1163/1163 1183/1183/1183
f 1183/1183/1183 1167/1167/1167 1164/1164/1164
f 1179/1179/1179 1187/1187/1187 1184/1184/1184
f 1186/1186/1186 1188/1188/1188 1185/1185/1185
f 1182/1182/1182 1171/1171/1171 1172/1172/1172
f 1182/1182/1182 1168/1168/1168 1171/1171/1171
f 1231/1231/1231 1246/1246/1246 1257/1257/1257
f 1243/1243/1243 1226/1226/1226 1242/1242/1242
f 1240/1240/1240 1230/1230/1230 1233/1233/1233
f 1239/1239/1239 1247/1247/1247 1230/1230/1230
f 1239/1239/1239 1230/1230/1230 1240/1240/1240
f 1227/1227/1227 1244/1244/1244 1236/1236/1236
f 1235/1235/1235 1228/1228/1228 1237/1237/1237
f 1257/1257/1257 1232/1232/1232 1231/1231/1231
f 1229/1229/1229 1234/1234/1234 1241/1241/1241
f 1254/1254/1254 1252/1252/1252 1251/1251/1251
f 1249/1249/1249 1253/1253/1253 1250/1250/1250
f 1169/1169/1169 1254/1254/1254 1258/1258/1258
f 1256/1256/1256 1255/1255/1255 1262/1262/1262
f 1225/1225/1225 1170/1170/1170 1220/1220/1220
f 1256/1256/1256 1262/1262/1262 1258/1258/1258
f 1170/1170/1170 1169/1169/1169 1291/1291/1291
f 1292/1292/1292 1253/1253/1253 1293/1293/1293
f 1260/1260/1260 1255/1255/1255 1259/1259/1259
f 1252/1252/1252 1254/1254/1254 1287/1287/1287
f 1260/1260/1260 1259/1259/1259 1294/1294/1294
f 1169/1169/1169 1290/1290/1290 1254/1254/1254
f 1205/1205/1205 1211/1211/1211 1207/1207/1207
f 1211/1211/1211 1210/1210/1210 1207/1207/1207
f 1295/1295/1295 1209/1209/1209 1211/1211/1211
f 1199/1199/1199 1209/1209/1209 1201/1201/1201
f 1201/1201/1201 1295/1295/1295 1203/1203/1203
f 1295/1295/1295 1211/1211/1211 1205/1205/1205
f 1295/1295/1295 1205/1205/1205 1203/1203/1203
f 1198/1198/1198 1209/1209/1209 1199/1199/1199
f 1273/1273/1273 1265/1265/1265 1264/1264/1264
f 1263/1263/1263 1189/1189/1189 1192/1192/1192
f 1265/1265/1265 1273/1273/1273 1296/1296/1296
f 1289/1289/1289 1189/1189/1189 1297/1297/1297
f 1201/1201/1201 1209/1209/1209 1295/1295/1295
f 1272/1272/1272 1224/1224/1224 1223/1223/1223
f 1272/1272/1272 1223/1223/1223 1222/1222/1222
f 1225/1225/1225 1224/1224/1224 1266/1266/1266
f 1221/1221/1221 1273/1273/1273 1222/1222/1222
f 1225/1225/1225 1266/1266/1266 1298/1298/1298
f 1221/1221/1221 1299/1299/1299 1273/1273/1273
f 1194/1194/1194 1193/1193/1193 1283/1283/1283
f 1190/1190/1190 1282/1282/1282 1191/1191/1191
f 1271/1271/1271 1269/1269/1269 1286/1286/1286
f 1286/1286/1286 1267/1267/1267 1271/1271/1271
f 1279/1279/1279 1285/1285/1285 1270/1270/1270
f 1278/1278/1278 1280/1280/1280 1285/1285/1285
f 1278/1278/1278 1285/1285/1285 1279/1279/1279
f 1196/1196/1196 1195/1195/1195 1275/1275/1275
f 1276/1276/1276 1284/1284/1284 1274/1274/1274
f 1300/1300/1300 1301/1301/1301 1302/1302/1302
f 1303/1303/1303 1300/1300/1300 1302/1302/1302
f 1304/1304/1304 1303/1303/1303 1305/1305/1305
f 1306/1306/1306 1304/1304/1304 1305/1305/1305
f 1302/1302/1302 1301/1301/1301 1307/1307/1307
f 1308/1308/1308 1302/1302/1302 1307/1307/1307
f 1300/1300/1300 1303/1303/1303 1309/1309/1309
f 1310/1310/1310 1300/1300/1300 1309/1309/1309
f 1311/1311/1311 1307/1307/1307 1312/1312/1312
f 1313/1313/1313 1311/1311/1311 1312/1312/1312
f 1304/1304/1304 1306/1306/1306 1314/1314/1314
f 1315/1315/1315 1304/1304/1304 1314/1314/1314
f 1316/1316/1316 1313/1313/1313 1312/1312/1312
f 1310/1310/1310 1316/1316/1316 1312/1312/1312
f 1317/1317/1317 1318/1318/1318 1319/1319/1319
f 1320/1320/1320 1317/1317/1317 1319/1319/1319
f 1317/1317/1317 1320/1320/1320 1321/1321/1321
f 1322/1322/1322 1317/1317/1317 1321/1321/1321
f 1309/1309/1309 1323/1323/1323 1316/1316/1316
f 1310/1310/1310 1309/1309/1309 1316/1316/1316
f 1304/1304/1304 1315/1315/1315 1323/1323/1323
f 1309/1309/1309 1304/1304/1304 1323/1323/1323
f 1306/1306/1306 1324/1324/1324 1325/1325/1325
f 1314/1314/1314 1306/1306/1306 1325/1325/1325
f 1326/1326/1326 1327/1327/1327 1315/1315/1315
f 1314/1314/1314 1326/1326/1326 1315/1315/1315
f 1328/1328/1328 1321/1321/1321 1316/1316/1316
f 1323/1323/1323 1328/1328/1328 1316/1316/1316
f 1319/1319/1319 1329/1329/1329 1330/1330/1330
f 1311/1311/1311 1319/1319/1319 1330/1330/1330
f 1316/1316/1316 1321/1321/1321 1331/1331/1331
f 1332/1332/1332 1316/1316/1316 1331/1331/1331
f 1332/1332/1332 1331/1331/1331 1319/1319/1319
f 1311/1311/1311 1332/1332/1332 1319/1319/1319
f 1333/1333/1333 1328/1328/1328 1323/1323/1323
f 1327/1327/1327 1333/1333/1333 1323/1323/1323
f 1327/1327/1327 1326/1326/1326 1334/1334/1334
f 1333/1333/1333 1327/1327/1327 1334/1334/1334
f 1333/1333/1333 1334/1334/1334 1335/1335/1335
f 1336/1336/1336 1333/1333/1333 1335/1335/1335
f 1337/1337/1337 1334/1334/1334 1326/1326/1326
f 1325/1325/1325 1337/1337/1337 1326/1326/1326
f 1307/1307/1307 1311/1311/1311 1330/1330/1330
f 1308/1308/1308 1307/1307/1307 1330/1330/1330
f 1338/1338/1338 1339/1339/1339 1340/1340/1340
f 1341/1341/1341 1338/1338/1338 1340/1340/1340
f 1342/1342/1342 1343/1343/1343 1344/1344/1344
f 1345/1345/1345 1342/1342/1342 1344/1344/1344
f 1346/1346/1346 1347/1347/1347 1348/1348/1348
f 1349/1349/1349 1346/1346/1346 1348/1348/1348
f 1350/1350/1350 1346/1346/1346 1349/1349/1349
f 1351/1351/1351 1350/1350/1350 1349/1349/1349
f 1352/1352/1352 1350/1350/1350 1351/1351/1351
f 1353/1353/1353 1352/1352/1352 1351/1351/1351
f 1354/1354/1354 1352/1352/1352 1353/1353/1353
f 1355/1355/1355 1354/1354/1354 1353/1353/1353
f 1356/1356/1356 1354/1354/1354 1355/1355/1355
f 1357/1357/1357 1356/1356/1356 1355/1355/1355
f 1358/1358/1358 1347/1347/1347 1359/1359/1359
f 1360/1360/1360 1358/1358/1358 1359/1359/1359
f 1356/1356/1356 1357/1357/1357 1361/1361/1361
f 1358/1358/1358 1356/1356/1356 1361/1361/1361
f 1361/1361/1361 1348/1348/1348 1347/1347/1347
f 1358/1358/1358 1361/1361/1361 1347/1347/1347
f 1349/1349/1349 1348/1348/1348 1362/1362/1362
f 1363/1363/1363 1349/1349/1349 1362/1362/1362
f 1351/1351/1351 1349/1349/1349 1363/1363/1363
f 1364/1364/1364 1351/1351/1351 1363/1363/1363
f 1353/1353/1353 1351/1351/1351 1364/1364/1364
f 1365/1365/1365 1353/1353/1353 1364/1364/1364
f 1355/1355/1355 1353/1353/1353 1365/1365/1365
f 1366/1366/1366 1355/1355/1355 1365/1365/1365
f 1357/1357/1357 1355/1355/1355 1366/1366/1366
f 1367/1367/1367 1357/1357/1357 1366/1366/1366
f 1357/1357/1357 1367/1367/1367 1368/1368/1368
f 1361/1361/1361 1357/1357/1357 1368/1368/1368
f 1368/1368/1368 1362/1362/1362 1348/1348/1348
f 1361/1361/1361 1368/1368/1368 1348/1348/1348
f 1369/1369/1369 1370/1370/1370 1371/1371/1371
f 1372/1372/1372 1369/1369/1369 1371/1371/1371
f 1373/1373/1373 1372/1372/1372 1371/1371/1371
f 1374/1374/1374 1373/1373/1373 1371/1371/1371
f 1375/1375/1375 1376/1376/1376 1377/1377/1377
f 1378/1378/1378 1375/1375/1375 1377/1377/1377
f 1379/1379/1379 1380/1380/1380 1381/1381/1381
f 1382/1382/1382 1379/1379/1379 1381/1381/1381
f 1375/1375/1375 1378/1378/1378 1383/1383/1383
f 1384/1384/1384 1375/1375/1375 1383/1383/1383
f 1375/1375/1375 1385/1385/1385 1386/1386/1386
f 1376/1376/1376 1375/1375/1375 1386/1386/1386
f 1387/1387/1387 1388/1388/1388 1389/1389/1389
f 1385/1385/1385 1387/1387/1387 1389/1389/1389
f 1390/1390/1390 1391/1391/1391 1378/1378/1378
f 1377/1377/1377 1390/1390/1390 1378/1378/1378
f 1376/1376/1376 1392/1392/1392 1393/1393/1393
f 1377/1377/1377 1376/1376/1376 1393/1393/1393
f 1394/1394/1394 1395/1395/1395 1396/1396/1396
f 1397/1397/1397 1394/1394/1394 1396/1396/1396
f 1384/1384/1384 1383/1383/1383 1379/1379/1379
f 1382/1382/1382 1384/1384/1384 1379/1379/1379
f 1395/1395/1395 1394/1394/1394 1381/1381/1381
f 1380/1380/1380 1395/1395/1395 1381/1381/1381
f 1387/1387/1387 1385/1385/1385 1384/1384/1384
f 1382/1382/1382 1387/1387/1387 1384/1384/1384
f 1398/1398/1398 1399/1399/1399 1400/1400/1400
f 1401/1401/1401 1398/1398/1398 1400/1400/1400
f 1402/1402/1402 1399/1399/1399 1390/1390/1390
f 1393/1393/1393 1402/1402/1402 1390/1390/1390
f 1398/1398/1398 1403/1403/1403 1383/1383/1383
f 1391/1391/1391 1398/1398/1398 1383/1383/1383
f 1391/1391/1391 1390/1390/1390 1399/1399/1399
f 1398/1398/1398 1391/1391/1391 1399/1399/1399
f 1404/1404/1404 1405/1405/1405 1395/1395/1395
f 1406/1406/1406 1404/1404/1404 1395/1395/1395
f 1407/1407/1407 1404/1404/1404 1406/1406/1406
f 1379/1379/1379 1407/1407/1407 1406/1406/1406
f 1389/1389/1389 1388/1388/1388 1394/1394/1394
f 1397/1397/1397 1389/1389/1389 1394/1394/1394
f 1403/1403/1403 1407/1407/1407 1379/1379/1379
f 1383/1383/1383 1403/1403/1403 1379/1379/1379
f 1405/1405/1405 1408/1408/1408 1396/1396/1396
f 1395/1395/1395 1405/1405/1405 1396/1396/1396
f 1409/1409/1409 1410/1410/1410 1405/1405/1405
f 1411/1411/1411 1409/1409/1409 1405/1405/1405
f 1407/1407/1407 1318/1318/1318 1409/1409/1409
f 1411/1411/1411 1407/1407/1407 1409/1409/1409
f 1412/1412/1412 1341/1341/1341 1413/1413/1413
f 1414/1414/1414 1412/1412/1412 1413/1413/1413
f 1415/1415/1415 1373/1373/1373 1416/1416/1416
f 1417/1417/1417 1415/1415/1415 1416/1416/1416
f 1345/1345/1345 1344/1344/1344 1418/1418/1418
f 1419/1419/1419 1345/1345/1345 1418/1418/1418
f 1420/1420/1420 1418/1418/1418 1369/1369/1369
f 1421/1421/1421 1420/1420/1420 1369/1369/1369
f 1420/1420/1420 1421/1421/1421 1373/1373/1373
f 1415/1415/1415 1420/1420/1420 1373/1373/1373
f 1344/1344/1344 1422/1422/1422 1369/1369/1369
f 1418/1418/1418 1344/1344/1344 1369/1369/1369
f 1342/1342/1342 1423/1423/1423 1424/1424/1424
f 1425/1425/1425 1342/1342/1342 1424/1424/1424
f 1426/1426/1426 1427/1427/1427 1428/1428/1428
f 1423/1423/1423 1426/1426/1426 1428/1428/1428
f 1429/1429/1429 1415/1415/1415 1417/1417/1417
f 1430/1430/1430 1429/1429/1429 1417/1417/1417
f 1426/1426/1426 1423/1423/1423 1345/1345/1345
f 1419/1419/1419 1426/1426/1426 1345/1345/1345
f 1342/1342/1342 1425/1425/1425 1431/1431/1431
f 1343/1343/1343 1342/1342/1342 1431/1431/1431
f 1432/1432/1432 1412/1412/1412 1422/1422/1422
f 1344/1344/1344 1432/1432/1432 1422/1422/1422
f 1428/1428/1428 1427/1427/1427 1429/1429/1429
f 1430/1430/1430 1428/1428/1428 1429/1429/1429
f 1425/1425/1425 1433/1433/1433 1339/1339/1339
f 1431/1431/1431 1425/1425/1425 1339/1339/1339
f 1434/1434/1434 1419/1419/1419 1418/1418/1418
f 1435/1435/1435 1434/1434/1434 1418/1418/1418
f 1434/1434/1434 1435/1435/1435 1415/1415/1415
f 1429/1429/1429 1434/1434/1434 1415/1415/1415
f 1338/1338/1338 1432/1432/1432 1343/1343/1343
f 1431/1431/1431 1338/1338/1338 1343/1343/1343
f 1432/1432/1432 1338/1338/1338 1341/1341/1341
f 1412/1412/1412 1432/1432/1432 1341/1341/1341
f 1318/1318/1318 1329/1329/1329 1319/1319/1319
f 1436/1436/1436 1437/1437/1437 1337/1337/1337
f 1336/1336/1336 1438/1438/1438 1328/1328/1328
f 1328/1328/1328 1322/1322/1322 1321/1321/1321
f 1328/1328/1328 1438/1438/1438 1322/1322/1322
f 1337/1337/1337 1318/1318/1318 1439/1439/1439
f 1301/1301/1301 1312/1312/1312 1307/1307/1307
f 1300/1300/1300 1310/1310/1310 1312/1312/1312
f 1309/1309/1309 1303/1303/1303 1304/1304/1304
f 1306/1306/1306 1305/1305/1305 1324/1324/1324
f 1301/1301/1301 1300/1300/1300 1312/1312/1312
f 1315/1315/1315 1327/1327/1327 1323/1323/1323
f 1325/1325/1325 1326/1326/1326 1314/1314/1314
f 1313/1313/1313 1332/1332/1332 1311/1311/1311
f 1332/1332/1332 1313/1313/1313 1316/1316/1316
f 1328/1328/1328 1333/1333/1333 1336/1336/1336
f 1335/1335/1335 1334/1334/1334 1337/1337/1337
f 1331/1331/1331 1321/1321/1321 1320/1320/1320
f 1331/1331/1331 1320/1320/1320 1319/1319/1319
f 1380/1380/1380 1406/1406/1406 1395/1395/1395
f 1393/1393/1393 1390/1390/1390 1377/1377/1377
f 1387/1387/1387 1382/1382/1382 1381/1381/1381
f 1388/1388/1388 1381/1381/1381 1394/1394/1394
f 1388/1388/1388 1387/1387/1387 1381/1381/1381
f 1376/1376/1376 1386/1386/1386 1392/1392/1392
f 1384/1384/1384 1385/1385/1385 1375/1375/1375
f 1406/1406/1406 1380/1380/1380 1379/1379/1379
f 1378/1378/1378 1391/1391/1391 1383/1383/1383
f 1403/1403/1403 1398/1398/1398 1401/1401/1401
f 1400/1400/1400 1399/1399/1399 1402/1402/1402
f 1318/1318/1318 1407/1407/1407 1403/1403/1403
f 1404/1404/1404 1411/1411/1411 1405/1405/1405
f 1374/1374/1374 1371/1371/1371 1317/1317/1317
f 1404/1404/1404 1407/1407/1407 1411/1411/1411
f 1317/1317/1317 1440/1440/1440 1318/1318/1318
f 1441/1441/1441 1442/1442/1442 1402/1402/1402
f 1410/1410/1410 1408/1408/1408 1405/1405/1405
f 1401/1401/1401 1436/1436/1436 1403/1403/1403
f 1410/1410/1410 1443/1443/1443 1408/1408/1408
f 1318/1318/1318 1403/1403/1403 1439/1439/1439
f 1354/1354/1354 1356/1356/1356 1360/1360/1360
f 1360/1360/1360 1356/1356/1356 1358/1358/1358
f 1444/1444/1444 1360/1360/1360 1359/1359/1359
f 1346/1346/1346 1350/1350/1350 1359/1359/1359
f 1350/1350/1350 1352/1352/1352 1444/1444/1444
f 1444/1444/1444 1354/1354/1354 1360/1360/1360
f 1444/1444/1444 1352/1352/1352 1354/1354/1354
f 1347/1347/1347 1346/1346/1346 1359/1359/1359
f 1422/1422/1422 1412/1412/1412 1414/1414/1414
f 1413/1413/1413 1341/1341/1341 1340/1340/1340
f 1414/1414/1414 1445/1445/1445 1422/1422/1422
f 1438/1438/1438 1446/1446/1446 1340/1340/1340
f 1350/1350/1350 1444/1444/1444 1359/1359/1359
f 1421/1421/1421 1372/1372/1372 1373/1373/1373
f 1421/1421/1421 1369/1369/1369 1372/1372/1372
f 1374/1374/1374 1416/1416/1416 1373/1373/1373
f 1370/1370/1370 1369/1369/1369 1422/1422/1422
f 1374/1374/1374 1447/1447/1447 1416/1416/1416
f 1370/1370/1370 1422/1422/1422 1448/1448/1448
f 1343/1343/1343 1432/1432/1432 1344/1344/1344
f 1339/1339/1339 1338/1338/1338 1431/1431/1431
f 1420/1420/1420 1435/1435/1435 1418/1418/1418
f 1435/1435/1435 1420/1420/1420 1415/1415/1415
f 1426/1426/1426 1419/1419/1419 1434/1434/1434
f 1427/1427/1427 1434/1434/1434 1429/1429/1429
f 1427/1427/1427 1426/1426/1426 1434/1434/1434
f 1345/1345/1345 1423/1423/1423 1342/1342/1342
f 1425/1425/1425 1424/1424/1424 1433/1433/1433

v 2.382845 5.920305 2.522005
v 2.649314 6.196992 2.983485
v 2.380932 6.150040 3.213056
v 2.024070 5.853590 2.740505
v 1.130114 5.981461 2.119115
v 1.160509 6.057014 2.227053
v 1.002404 6.416158 2.020183
v 0.972009 6.340605 1.912245
v 0.524086 7.557450 2.161420
v 0.834134 7.395934 2.021739
v 0.666550 7.098358 2.135815
v 0.419528 7.339214 2.295940
v 0.934315 6.952529 2.162822
v 0.986462 6.784619 2.366404
v 0.828819 6.930931 2.533809
v 0.668790 6.994069 2.266063
v 1.039858 7.110464 1.946433
v 1.198065 6.733187 1.898749
v 1.132004 6.474410 2.098489
v 0.510563 7.194293 2.489516
v 1.078548 6.714437 1.789956
v 1.410633 6.922262 1.706544
v 1.323565 6.932372 1.568411
v 1.269171 6.162828 2.277960
v 1.481986 5.771557 2.336337
v 1.548075 5.915174 2.372773
v 1.852185 5.674594 2.299960
v 1.869247 5.831051 2.341214
v 2.216884 5.731666 2.157314
v 2.185649 5.880565 2.217460
v 1.048153 6.638885 1.682018
v 1.293170 6.856819 1.460474
v 1.451591 5.696004 2.228399
v 1.821789 5.599041 2.192024
v 2.186489 5.656113 2.049377
v 1.419824 6.445632 2.626040
v 1.823547 6.242599 3.030673
v 1.848147 6.818116 2.766021
v 2.030404 6.351727 3.156180
v 1.153576 6.649661 2.554965
v 0.996190 7.133392 2.615491
v 1.422613 7.479060 2.646270
v 1.992063 7.178576 3.273191
v 1.250508 7.278416 1.834257
v 0.697111 7.214945 2.611358
v 0.874464 7.390705 2.598654
v 1.640586 6.104842 2.795068
v 1.666555 7.553682 2.963595
v 1.649820 7.837619 2.650256
v 1.305827 7.616043 2.305985
v 0.936344 7.597402 2.443561
v 2.626452 6.374370 3.402393
v 2.271087 6.594365 3.416885
v -3.656499 7.026656 -1.294177
v -3.705524 7.187087 -1.608492
v -3.223673 6.947001 -1.874391
v -3.100722 6.746295 -1.520112
v -1.818894 7.150993 -1.251259
v -2.099517 6.812585 -1.310477
v -2.011683 6.754605 -1.395368
v -1.731061 7.093013 -1.336149
v -1.581728 7.790722 -0.743055
v -1.674735 8.123618 -0.799976
v -1.568928 8.160678 -0.429785
v -1.522259 7.892869 -0.377349
v -1.907974 7.480023 -0.646249
v -1.980822 7.430931 -0.882891
v -1.804610 7.629361 -0.941654
v -1.638779 7.638973 -0.703865
v -1.863853 7.525882 -1.356014
v -1.744957 7.856977 -1.105346
v -1.963446 7.224622 -1.253299
v -1.678509 7.687553 -0.369188
v -1.884754 7.798414 -1.563779
v -1.704097 7.498236 -1.369650
v -1.728190 7.812370 -1.609130
v -2.206906 6.931032 -1.304677
v -2.497263 6.751876 -1.482735
v -2.434196 6.606083 -1.515717
v -2.724982 6.763266 -1.726126
v -2.696675 6.619211 -1.796260
v -2.879101 6.917820 -1.991148
v -2.874319 6.797359 -2.101737
v -1.616266 7.440259 -1.454541
v -1.640357 7.754390 -1.694021
v -2.346363 6.548103 -1.600607
v -2.608841 6.561230 -1.881150
v -2.786486 6.739378 -2.186627
v -2.526958 7.168840 -1.050026
v -2.913919 7.605621 -1.085859
v -3.110407 7.003371 -1.062342
v -3.340285 7.136040 -1.060030
v -2.251227 7.298994 -0.883470
v -2.126422 7.640983 -0.596824
v -2.466604 8.118342 -0.663275
v -3.327051 7.883494 -0.685892
v -1.834208 8.092098 -1.251979
v -1.901176 7.672860 -0.391233
v -2.067916 7.855786 -0.426490
v -2.828771 6.871749 -1.168733
v -2.839391 8.220599 -0.547987
v -2.602311 8.546909 -0.676957
v -2.184575 8.298962 -0.774496
v -2.066618 8.117684 -0.471365
v -3.948739 7.265646 -1.231471
v -3.674124 7.376921 -0.936352

vt 0.389927 0.949699
vt 0.728538 1.000000
vt 0.740324 0.948706
vt 0.422746 0.906650
vt 0.057579 0.585288
vt 0.139063 0.585288
vt 0.139063 0.410327
vt 0.057579 0.410327
vt 0.818905 0.000000
vt 0.614202 0.051238
vt 0.614104 0.068559
vt 0.822297 0.013550
vt 0.390762 0.223804
vt 0.428265 0.319545
vt 0.686047 0.214494
vt 0.626864 0.113626
vt 0.354993 0.172432
vt 0.213904 0.341519
vt 0.213904 0.444548
vt 0.828462 0.101098
vt 0.139062 0.282248
vt 0.213904 0.303810
vt 0.139063 0.235370
vt 0.213904 0.585289
vt 0.139063 0.760250
vt 0.213904 0.726031
vt 0.139063 0.888333
vt 0.213904 0.829062
vt 0.139063 0.935216
vt 0.213904 0.866776
vt 0.057579 0.282248
vt 0.057579 0.235370
vt 0.057579 0.760250
vt 0.057579 0.888333
vt 0.057579 0.935216
vt 0.482935 0.585289
vt 0.609925 0.802715
vt 0.703208 0.585291
vt 0.740324 0.838006
vt 0.479526 0.443061
vt 0.679899 0.291878
vt 0.821463 0.276916
vt 0.990413 0.583426
vt 0.379223 0.164600
vt 0.841952 0.189458
vt 0.859028 0.232262
vt 0.479526 0.767424
vt 0.964868 0.293908
vt 0.964868 0.203545
vt 0.763919 0.175229
vt 0.851172 0.200870
vt 0.917831 0.961815
vt 0.940704 0.874317
vt 0.740324 0.948706
vt 0.728538 1.000000
vt 0.389927 0.949699
vt 0.422746 0.906650
vt 0.139063 0.410327
vt 0.139063 0.585288
vt 0.057579 0.585288
vt 0.057579 0.410327
vt 0.614104 0.068559
vt 0.614202 0.051238
vt 0.818905 0.000000
vt 0.822297 0.013550
vt 0.686047 0.214494
vt 0.428265 0.319545
vt 0.390762 0.223804
vt 0.626864 0.113626
vt 0.213904 0.341519
vt 0.354993 0.172432
vt 0.213904 0.444548
vt 0.828462 0.101098
vt 0.213904 0.303810
vt 0.139062 0.282248
vt 0.139063 0.235370
vt 0.213904 0.585289
vt 0.213904 0.726031
vt 0.139063 0.760250
vt 0.213904 0.829062
vt 0.139063 0.888333
vt 0.213904 0.866776
vt 0.139063 0.935216
vt 0.057579 0.282248
vt 0.057579 0.235370
vt 0.057579 0.760250
vt 0.057579 0.888333
vt 0.057579 0.935216
vt 0.482935 0.585289
vt 0.703208 0.585291
vt 0.609925 0.802715
vt 0.740324 0.838006
vt 0.479526 0.443061
vt 0.679899 0.291878
vt 0.821463 0.276916
vt 0.990413 0.583426
vt 0.379223 0.164600
vt 0.841952 0.189458
vt 0.859028 0.232262
vt 0.479526 0.767424
vt 0.964868 0.293908
vt 0.964868 0.203545
vt 0.763919 0.175229
vt 0.851172 0.200870
vt 0.917831 0.961815
vt 0.940704 0.874317

vn 0.394338 -0.918437 0.031159
vn 0.606236 -0.749238 0.266683
vn -0.091684 -0.682577 0.725039
vn -0.148322 -0.903362 0.402415
vn -0.797564 -0.602921 -0.019440
vn -0.678385 -0.152186 0.718772
vn -0.833705 0.247418 0.493680
vn -0.939250 -0.252206 -0.232810
vn -0.461011 0.352509 -0.814375
vn -0.359038 0.203629 -0.910838
vn -0.581070 -0.407087 -0.704725
vn -0.831757 -0.332968 -0.444199
vn -0.693579 -0.597659 -0.402183
vn -0.743599 -0.668539 0.010744
vn -0.518178 -0.655058 0.549900
vn -0.606169 -0.764837 -0.218134
vn -0.540590 -0.208073 -0.815149
vn -0.905849 0.383738 -0.179397
vn -0.959023 -0.154792 0.237306
vn -0.667583 -0.683836 0.294451
vn -0.746810 0.634310 0.199813
vn -0.516921 0.517007 -0.682273
vn -0.441731 0.894876 -0.063797
vn -0.715518 -0.279458 0.640264
vn -0.314876 -0.449937 0.835709
vn -0.397191 -0.620096 0.676550
vn 0.158823 -0.582947 0.796836
vn 0.127980 -0.858547 0.496506
vn 0.598998 -0.503955 0.622278
vn 0.583681 -0.761339 0.282275
vn -0.863543 0.098123 -0.494637
vn -0.589196 0.329020 -0.737966
vn -0.474151 -0.877345 0.073803
vn -0.048093 -0.997920 0.042933
vn 0.347455 -0.929922 -0.120503
vn -0.631987 -0.122901 0.765172
vn -0.549726 -0.210388 0.808417
vn -0.564896 0.012694 0.825064
vn -0.644095 -0.149836 0.750127
vn -0.611677 -0.430887 0.663466
vn -0.134483 -0.087609 0.987036
vn -0.518340 0.318257 0.793748
vn -0.620537 -0.048691 0.782664
vn -0.307935 0.406043 -0.860410
vn -0.079609 -0.422513 0.902854
vn 0.254432 0.105347 0.961336
vn -0.633892 -0.515946 0.576178
vn -0.739055 0.074205 0.669545
vn -0.733178 0.677690 0.056446
vn -0.296290 0.951063 0.087699
vn 0.280189 0.921953 0.267388
vn 0.427652 -0.603217 0.673233
vn -0.380563 -0.144077 0.913463
vn -0.454327 -0.812110 0.366148
vn -0.686179 -0.600567 -0.410460
vn -0.385089 -0.769511 -0.509469
vn -0.217219 -0.971640 0.093441
vn 0.324437 -0.083617 0.942204
vn 0.031045 -0.464566 0.884994
vn 0.569729 -0.775440 0.272215
vn 0.841600 -0.439381 0.314093
vn 0.947808 -0.167142 -0.271520
vn 0.827564 0.475075 -0.299067
vn 0.787039 0.612803 -0.071010
vn 0.977311 -0.201717 0.064596
vn 0.175193 -0.904115 0.389723
vn 0.568966 -0.803337 0.175860
vn 0.812902 -0.574305 -0.096770
vn 0.719915 -0.686546 -0.101866
vn 0.832530 0.165500 0.528681
vn 0.946160 -0.074722 -0.314956
vn 0.575136 -0.440774 0.689157
vn 0.489045 -0.824959 0.283332
vn 0.866828 0.498145 -0.021459
vn 0.479179 0.362719 0.799263
vn 0.440396 0.741245 0.506564
vn 0.102705 -0.580387 0.807838
vn -0.187751 -0.823965 0.534632
vn -0.341222 -0.673123 0.656104
vn -0.483668 -0.875190 0.010333
vn -0.682749 -0.666283 0.299867
vn -0.680242 -0.621018 -0.389369
vn -0.894855 -0.441249 -0.067331
vn 0.981175 -0.036853 0.189571
vn 0.950143 0.301553 -0.079330
vn 0.244874 -0.967841 0.057621
vn -0.065049 -0.963389 -0.260097
vn -0.251578 -0.762687 -0.595833
vn -0.027817 -0.429445 0.902665
vn -0.110543 -0.321943 0.940283
vn -0.128751 -0.503384 0.854417
vn -0.015104 -0.459525 0.888036
vn 0.046346 -0.722396 0.689925
vn -0.483392 -0.473100 0.736552
vn -0.143150 -0.100587 0.984576
vn -0.076151 -0.398412 0.914040
vn 0.800524 0.527424 -0.284580
vn -0.377265 -0.803856 0.459877
vn -0.800711 -0.300124 0.518448
vn 0.063880 -0.768092 0.637145
vn 0.077328 -0.250486 0.965027
vn 0.550012 0.458877 0.697796
vn 0.202284 0.762577 0.614456
vn -0.494024 0.756058 0.429322
vn -0.806225 -0.590174 0.041181
vn -0.286887 -0.407697 0.866879

g polygon11
s 1
usemtl mat8
f 1449/1449/1449 1450/1450/1450 1451/1451/1451
f 1452/1452/1452 1449/1449/1449 1451/1451/1451
f 1453/1453/1453 1454/1454/1454 1455/1455/1455
f 1456/1456/1456 1453/1453/1453 1455/1455/1455
f 1457/1457/1457 1458/1458/1458 1459/1459/1459
f 1460/1460/1460 1457/1457/1457 1459/1459/1459
f 1461/1461/1461 1462/1462/1462 1463/1463/1463
f 1464/1464/1464 1461/1461/1461 1463/1463/1463
f 1461/1461/1461 1465/1465/1465 1466/1466/1466
f 1467/1467/1467 1461/1461/1461 1466/1466/1466
f 1461/1461/1461 1464/1464/1464 1459/1459/1459
f 1465/1465/1465 1461/1461/1461 1459/1459/1459
f 1464/1464/1464 1468/1468/1468 1460/1460/1460
f 1459/1459/1459 1464/1464/1464 1460/1460/1460
f 1469/1469/1469 1466/1466/1466 1470/1470/1470
f 1471/1471/1471 1469/1469/1469 1470/1470/1470
f 1455/1455/1455 1467/1467/1467 1466/1466/1466
f 1469/1469/1469 1455/1455/1455 1466/1466/1466
f 1454/1454/1454 1472/1472/1472 1467/1467/1467
f 1455/1455/1455 1454/1454/1454 1467/1467/1467
f 1473/1473/1473 1474/1474/1474 1472/1472/1472
f 1454/1454/1454 1473/1473/1473 1472/1472/1472
f 1475/1475/1475 1476/1476/1476 1474/1474/1474
f 1473/1473/1473 1475/1475/1475 1474/1474/1474
f 1477/1477/1477 1478/1478/1478 1476/1476/1476
f 1475/1475/1475 1477/1477/1477 1476/1476/1476
f 1479/1479/1479 1469/1469/1469 1471/1471/1471
f 1480/1480/1480 1479/1479/1479 1471/1471/1471
f 1456/1456/1456 1455/1455/1455 1469/1469/1469
f 1479/1479/1479 1456/1456/1456 1469/1469/1469
f 1481/1481/1481 1473/1473/1473 1454/1454/1454
f 1453/1453/1453 1481/1481/1481 1454/1454/1454
f 1482/1482/1482 1475/1475/1475 1473/1473/1473
f 1481/1481/1481 1482/1482/1482 1473/1473/1473
f 1483/1483/1483 1477/1477/1477 1475/1475/1475
f 1482/1482/1482 1483/1483/1483 1475/1475/1475
f 1484/1484/1484 1485/1485/1485 1486/1486/1486
f 1485/1485/1485 1451/1451/1451 1487/1487/1487
f 1486/1486/1486 1485/1485/1485 1487/1487/1487
f 1485/1485/1485 1452/1452/1452 1451/1451/1451
f 1488/1488/1488 1486/1486/1486 1489/1489/1489
f 1489/1489/1489 1463/1463/1463 1488/1488/1488
f 1489/1489/1489 1486/1486/1486 1490/1490/1490
f 1490/1490/1490 1486/1486/1486 1491/1491/1491
f 1462/1462/1462 1461/1461/1461 1467/1467/1467
f 1470/1470/1470 1465/1465/1465 1492/1492/1492
f 1466/1466/1466 1465/1465/1465 1470/1470/1470
f 1493/1493/1493 1489/1489/1489 1494/1494/1494
f 1474/1474/1474 1476/1476/1476 1452/1452/1452
f 1472/1472/1472 1495/1495/1495 1484/1484/1484
f 1488/1488/1488 1472/1472/1472 1484/1484/1484
f 1476/1476/1476 1449/1449/1449 1452/1452/1452
f 1474/1474/1474 1452/1452/1452 1495/1495/1495
f 1467/1467/1467 1472/1472/1472 1488/1488/1488
f 1472/1472/1472 1474/1474/1474 1495/1495/1495
f 1462/1462/1462 1467/1467/1467 1488/1488/1488
f 1488/1488/1488 1463/1463/1463 1462/1462/1462
f 1464/1464/1464 1463/1463/1463 1468/1468/1468
f 1459/1459/1459 1458/1458/1458 1465/1465/1465
f 1458/1458/1458 1492/1492/1492 1465/1465/1465
f 1490/1490/1490 1491/1491/1491 1496/1496/1496
f 1497/1497/1497 1490/1490/1490 1496/1496/1496
f 1497/1497/1497 1498/1498/1498 1490/1490/1490
f 1494/1494/1494 1490/1490/1490 1499/1499/1499
f 1489/1489/1489 1490/1490/1490 1494/1494/1494
f 1468/1468/1468 1463/1463/1463 1493/1493/1493
f 1463/1463/1463 1489/1489/1489 1493/1493/1493
f 1500/1500/1500 1451/1451/1451 1450/1450/1450
f 1476/1476/1476 1478/1478/1478 1449/1449/1449
f 1495/1495/1495 1452/1452/1452 1485/1485/1485
f 1484/1484/1484 1495/1495/1495 1485/1485/1485
f 1488/1488/1488 1484/1484/1484 1486/1486/1486
f 1487/1487/1487 1451/1451/1451 1501/1501/1501
f 1501/1501/1501 1451/1451/1451 1500/1500/1500
f 1501/1501/1501 1491/1491/1491 1487/1487/1487
f 1486/1486/1486 1487/1487/1487 1491/1491/1491
f 1502/1502/1502 1503/1503/1503 1504/1504/1504
f 1505/1505/1505 1502/1502/1502 1504/1504/1504
f 1506/1506/1506 1507/1507/1507 1508/1508/1508
f 1509/1509/1509 1506/1506/1506 1508/1508/1508
f 1510/1510/1510 1511/1511/1511 1512/1512/1512
f 1513/1513/1513 1510/1510/1510 1512/1512/1512
f 1514/1514/1514 1515/1515/1515 1516/1516/1516
f 1517/1517/1517 1514/1514/1514 1516/1516/1516
f 1518/1518/1518 1519/1519/1519 1516/1516/1516
f 1520/1520/1520 1518/1518/1518 1516/1516/1516
f 1510/1510/1510 1517/1517/1517 1516/1516/1516
f 1519/1519/1519 1510/1510/1510 1516/1516/1516
f 1513/1513/1513 1521/1521/1521 1517/1517/1517
f 1510/1510/1510 1513/1513/1513 1517/1517/1517
f 1522/1522/1522 1518/1518/1518 1523/1523/1523
f 1524/1524/1524 1522/1522/1522 1523/1523/1523
f 1518/1518/1518 1520/1520/1520 1506/1506/1506
f 1523/1523/1523 1518/1518/1518 1506/1506/1506
f 1520/1520/1520 1525/1525/1525 1507/1507/1507
f 1506/1506/1506 1520/1520/1520 1507/1507/1507
f 1525/1525/1525 1526/1526/1526 1527/1527/1527
f 1507/1507/1507 1525/1525/1525 1527/1527/1527
f 1526/1526/1526 1528/1528/1528 1529/1529/1529
f 1527/1527/1527 1526/1526/1526 1529/1529/1529
f 1528/1528/1528 1530/1530/1530 1531/1531/1531
f 1529/1529/1529 1528/1528/1528 1531/1531/1531
f 1524/1524/1524 1523/1523/1523 1532/1532/1532
f 1533/1533/1533 1524/1524/1524 1532/1532/1532
f 1523/1523/1523 1506/1506/1506 1509/1509/1509
f 1532/1532/1532 1523/1523/1523 1509/1509/1509
f 1507/1507/1507 1527/1527/1527 1534/1534/1534
f 1508/1508/1508 1507/1507/1507 1534/1534/1534
f 1527/1527/1527 1529/1529/1529 1535/1535/1535
f 1534/1534/1534 1527/1527/1527 1535/1535/1535
f 1529/1529/1529 1531/1531/1531 1536/1536/1536
f 1535/1535/1535 1529/1529/1529 1536/1536/1536
f 1537/1537/1537 1538/1538/1538 1539/1539/1539
f 1539/1539/1539 1540/1540/1540 1502/1502/1502
f 1538/1538/1538 1540/1540/1540 1539/1539/1539
f 1539/1539/1539 1502/1502/1502 1505/1505/1505
f 1541/1541/1541 1542/1542/1542 1538/1538/1538
f 1542/1542/1542 1541/1541/1541 1514/1514/1514
f 1542/1542/1542 1543/1543/1543 1538/1538/1538
f 1543/1543/1543 1544/1544/1544 1538/1538/1538
f 1515/1515/1515 1520/1520/1520 1516/1516/1516
f 1522/1522/1522 1545/1545/1545 1519/1519/1519
f 1518/1518/1518 1522/1522/1522 1519/1519/1519
f 1546/1546/1546 1547/1547/1547 1542/1542/1542
f 1526/1526/1526 1505/1505/1505 1528/1528/1528
f 1525/1525/1525 1537/1537/1537 1548/1548/1548
f 1541/1541/1541 1537/1537/1537 1525/1525/1525
f 1528/1528/1528 1505/1505/1505 1504/1504/1504
f 1526/1526/1526 1548/1548/1548 1505/1505/1505
f 1520/1520/1520 1541/1541/1541 1525/1525/1525
f 1525/1525/1525 1548/1548/1548 1526/1526/1526
f 1515/1515/1515 1541/1541/1541 1520/1520/1520
f 1541/1541/1541 1515/1515/1515 1514/1514/1514
f 1517/1517/1517 1521/1521/1521 1514/1514/1514
f 1510/1510/1510 1519/1519/1519 1511/1511/1511
f 1511/1511/1511 1519/1519/1519 1545/1545/1545
f 1543/1543/1543 1549/1549/1549 1544/1544/1544
f 1550/1550/1550 1549/1549/1549 1543/1543/1543
f 1550/1550/1550 1543/1543/1543 1551/1551/1551
f 1547/1547/1547 1552/1552/1552 1543/1543/1543
f 1542/1542/1542 1547/1547/1547 1543/1543/1543
f 1521/1521/1521 1546/1546/1546 1514/1514/1514
f 1514/1514/1514 1546/1546/1546 1542/1542/1542
f 1553/1553/1553 1503/1503/1503 1502/1502/1502
f 1528/1528/1528 1504/1504/1504 1530/1530/1530
f 1548/1548/1548 1539/1539/1539 1505/1505/1505
f 1537/1537/1537 1539/1539/1539 1548/1548/1548
f 1541/1541/1541 1538/1538/1538 1537/1537/1537
f 1540/1540/1540 1554/1554/1554 1502/1502/1502
f 1554/1554/1554 1553/1553/1553 1502/1502/1502
f 1554/1554/1554 1540/1540/1540 1544/1544/1544
f 1538/1538/1538 1544/1544/1544 1540/1540/1540

v 1.191687 6.490503 1.625771
v 1.380667 6.656955 1.456043
v 1.705533 6.696647 2.029896
v 1.589975 6.614307 2.120071
v 1.854756 6.733735 1.961915
v 1.660133 6.701792 1.345963
v 2.294642 6.137575 1.562222
v 2.507647 6.172325 1.597606
v 2.431504 5.874047 1.827833
v 2.245015 5.915651 1.731538
v 2.174464 6.408802 1.406213
v 2.349544 6.531470 1.390738
v 1.932071 6.624905 1.323204
v 2.028066 6.816927 1.281452
v 1.657866 6.913889 1.317829
v 1.293170 6.856819 1.460474
v 1.048153 6.638885 1.682018
v 1.142058 6.268580 1.795086
v 0.972009 6.340605 1.912245
v 1.262238 5.997354 1.951094
v 1.130114 5.981461 2.119115
v 1.504631 5.781250 2.034105
v 1.451591 5.696004 2.228399
v 1.776570 5.704364 2.011345
v 1.821789 5.599041 2.192024
v 2.056034 5.749199 1.901265
v 2.186489 5.656113 2.049377
v 2.050624 6.470470 2.091036
v 1.931699 6.392655 2.178992
v 1.785841 6.351043 2.249192
v -2.334750 7.599054 -1.577282
v -1.718109 7.589597 -1.814100
v -1.698655 7.349083 -1.629702
v -2.312544 7.473036 -1.468235
v -2.400153 7.686818 -1.704893
v -1.853651 7.727304 -2.048393
v -2.810579 7.053509 -2.426106
v -2.695782 7.400753 -2.544497
v -2.514642 7.318856 -2.453328
v -2.604057 7.062743 -2.370916
v -2.415160 7.739161 -2.485278
v -2.302271 7.574175 -2.407979
v -2.080481 7.945664 -2.280040
v -2.049463 7.730818 -2.253394
v -1.818001 7.932535 -1.999495
v -1.640357 7.754390 -1.694021
v -1.616266 7.440259 -1.454541
v -1.731061 7.093013 -1.336149
v -1.788069 7.092971 -1.547289
v -2.011683 6.754605 -1.395368
v -2.000442 6.837653 -1.592641
v -2.346363 6.548103 -1.600607
v -2.253250 6.681007 -1.747225
v -2.608841 6.561230 -1.881150
v -2.449062 6.684523 -1.952225
v -2.786486 6.739378 -2.186627
v -2.584604 6.822228 -2.186518
v -2.651450 7.464270 -1.812900
v -2.624924 7.342077 -1.701998
v -2.563840 7.250486 -1.576241

vt 0.151675 0.298903
vt 0.097793 0.500008
vt 0.271293 0.500005
vt 0.304968 0.298901
vt 0.304974 0.701108
vt 0.151681 0.701111
vt 0.701109 0.848318
vt 0.750006 0.933008
vt 0.933016 0.749992
vt 0.848325 0.701097
vt 0.500006 0.902207
vt 0.500000 1.000000
vt 0.298902 0.848326
vt 0.250006 0.933018
vt 0.066991 0.750008
vt 0.000000 0.500010
vt 0.066984 0.250008
vt 0.298891 0.151682
vt 0.249994 0.066992
vt 0.499994 0.097793
vt 0.500000 0.000000
vt 0.701098 0.151674
vt 0.749994 0.066983
vt 0.848319 0.298890
vt 0.933009 0.249991
vt 0.902207 0.499993
vt 1.000000 0.500000
vt 0.696837 0.701101
vt 0.723776 0.499997
vt 0.696831 0.298893
vt 0.271293 0.500005
vt 0.097793 0.500008
vt 0.151675 0.298903
vt 0.304968 0.298901
vt 0.304974 0.701108
vt 0.151681 0.701111
vt 0.933016 0.749992
vt 0.750006 0.933008
vt 0.701109 0.848318
vt 0.848325 0.701097
vt 0.500000 1.000000
vt 0.500006 0.902207
vt 0.250006 0.933018
vt 0.298902 0.848326
vt 0.066991 0.750008
vt 0.000000 0.500010
vt 0.066984 0.250008
vt 0.249994 0.066992
vt 0.298891 0.151682
vt 0.500000 0.000000
vt 0.499994 0.097793
vt 0.749994 0.066983
vt 0.701098 0.151674
vt 0.933009 0.249991
vt 0.848319 0.298890
vt 1.000000 0.500000
vt 0.902207 0.499993
vt 0.696837 0.701101
vt 0.723776 0.499997
vt 0.696831 0.298893

vn 0.018946 -0.666718 -0.745070
vn -0.068767 -0.737397 -0.671950
vn 0.067295 -0.847167 -0.527048
vn 0.504403 -0.485330 -0.714166
vn -0.408395 -0.897035 -0.168944
vn -0.190346 -0.761115 -0.620059
vn -0.456341 -0.531640 -0.713521
vn 0.697418 -0.348924 -0.625987
vn 0.623400 -0.695051 -0.358156
vn -0.416812 -0.434458 -0.798445
vn -0.534495 -0.658522 -0.529778
vn 0.558523 0.008725 -0.829443
vn -0.331772 -0.720936 -0.608423
vn 0.232316 0.276212 -0.932596
vn -0.192051 0.400989 -0.895725
vn -0.589196 0.329020 -0.737966
vn -0.863543 0.098123 -0.494637
vn 0.044488 -0.551228 -0.833168
vn -0.939250 -0.252206 -0.232810
vn 0.125765 -0.360721 -0.924155
vn -0.797564 -0.602921 -0.019440
vn -0.110313 -0.375570 -0.920206
vn -0.474151 -0.877345 0.073803
vn -0.242670 -0.355914 -0.902461
vn -0.048093 -0.997920 0.042933
vn -0.341605 -0.380624 -0.859320
vn 0.347455 -0.929922 -0.120503
vn -0.807010 -0.354231 -0.472498
vn -0.443601 -0.179351 -0.878095
vn 0.070505 0.041559 -0.996645
vn 0.231129 -0.677869 -0.697906
vn 0.436369 -0.581377 -0.686719
vn 0.423164 -0.477075 -0.770280
vn 0.050304 -0.184096 -0.981620
vn 0.352325 -0.921079 -0.165773
vn 0.492414 -0.646053 -0.583219
vn -0.287230 -0.421231 -0.860269
vn -0.142769 -0.021927 -0.989513
vn 0.770821 -0.480932 -0.417779
vn 0.803596 -0.361958 -0.472461
vn 0.121036 0.319453 -0.939840
vn 0.700473 -0.657674 -0.277131
vn 0.453959 0.506529 -0.733042
vn 0.594394 -0.647659 -0.476690
vn 0.758997 0.505302 -0.410601
vn 0.950143 0.301553 -0.079330
vn 0.981175 -0.036853 0.189571
vn 0.841600 -0.439381 0.314093
vn 0.469900 -0.343872 -0.812986
vn 0.569729 -0.775440 0.272215
vn 0.482011 -0.124588 -0.867262
vn 0.244874 -0.967841 0.057621
vn 0.656328 -0.201554 -0.727055
vn -0.065049 -0.963389 -0.260097
vn 0.745976 -0.221358 -0.628108
vn -0.251578 -0.762687 -0.595833
vn 0.790590 -0.279278 -0.544951
vn 0.890884 -0.453458 0.026480
vn 0.894526 -0.112380 -0.432660
vn 0.600537 0.255037 -0.757834

g polygon12
s 1
usemtl mat9
f 1555/1555/1555 1556/1556/1556 1557/1557/1557
f 1558/1558/1558 1555/1555/1555 1557/1557/1557
f 1559/1559/1559 1557/1557/1557 1556/1556/1556
f 1560/1560/1560 1559/1559/1559 1556/1556/1556
f 1561/1561/1561 1562/1562/1562 1563/1563/1563
f 1564/1564/1564 1561/1561/1561 1563/1563/1563
f 1565/1565/1565 1566/1566/1566 1562/1562/1562
f 1561/1561/1561 1565/1565/1565 1562/1562/1562
f 1567/1567/1567 1568/1568/1568 1566/1566/1566
f 1565/1565/1565 1567/1567/1567 1566/1566/1566
f 1560/1560/1560 1569/1569/1569 1568/1568/1568
f 1567/1567/1567 1560/1560/1560 1568/1568/1568
f 1556/1556/1556 1570/1570/1570 1569/1569/1569
f 1560/1560/1560 1556/1556/1556 1569/1569/1569
f 1555/1555/1555 1571/1571/1571 1570/1570/1570
f 1556/1556/1556 1555/1555/1555 1570/1570/1570
f 1572/1572/1572 1573/1573/1573 1571/1571/1571
f 1555/1555/1555 1572/1572/1572 1571/1571/1571
f 1574/1574/1574 1575/1575/1575 1573/1573/1573
f 1572/1572/1572 1574/1574/1574 1573/1573/1573
f 1576/1576/1576 1577/1577/1577 1575/1575/1575
f 1574/1574/1574 1576/1576/1576 1575/1575/1575
f 1578/1578/1578 1579/1579/1579 1577/1577/1577
f 1576/1576/1576 1578/1578/1578 1577/1577/1577
f 1580/1580/1580 1581/1581/1581 1579/1579/1579
f 1578/1578/1578 1580/1580/1580 1579/1579/1579
f 1564/1564/1564 1563/1563/1563 1581/1581/1581
f 1580/1580/1580 1564/1564/1564 1581/1581/1581
f 1582/1582/1582 1564/1564/1564 1580/1580/1580
f 1583/1583/1583 1582/1582/1582 1580/1580/1580
f 1584/1584/1584 1583/1583/1583 1580/1580/1580
f 1578/1578/1578 1584/1584/1584 1580/1580/1580
f 1559/1559/1559 1582/1582/1582 1583/1583/1583
f 1557/1557/1557 1559/1559/1559 1583/1583/1583
f 1558/1558/1558 1557/1557/1557 1583/1583/1583
f 1584/1584/1584 1558/1558/1558 1583/1583/1583
f 1560/1560/1560 1567/1567/1567 1559/1559/1559
f 1558/1558/1558 1572/1572/1572 1555/1555/1555
f 1567/1567/1567 1565/1565/1565 1559/1559/1559
f 1576/1576/1576 1574/1574/1574 1584/1584/1584
f 1582/1582/1582 1561/1561/1561 1564/1564/1564
f 1578/1578/1578 1576/1576/1576 1584/1584/1584
f 1582/1582/1582 1565/1565/1565 1561/1561/1561
f 1559/1559/1559 1565/1565/1565 1582/1582/1582
f 1558/1558/1558 1574/1574/1574 1572/1572/1572
f 1584/1584/1584 1574/1574/1574 1558/1558/1558
f 1585/1585/1585 1586/1586/1586 1587/1587/1587
f 1588/1588/1588 1585/1585/1585 1587/1587/1587
f 1586/1586/1586 1585/1585/1585 1589/1589/1589
f 1590/1590/1590 1586/1586/1586 1589/1589/1589
f 1591/1591/1591 1592/1592/1592 1593/1593/1593
f 1594/1594/1594 1591/1591/1591 1593/1593/1593
f 1592/1592/1592 1595/1595/1595 1596/1596/1596
f 1593/1593/1593 1592/1592/1592 1596/1596/1596
f 1595/1595/1595 1597/1597/1597 1598/1598/1598
f 1596/1596/1596 1595/1595/1595 1598/1598/1598
f 1597/1597/1597 1599/1599/1599 1590/1590/1590
f 1598/1598/1598 1597/1597/1597 1590/1590/1590
f 1599/1599/1599 1600/1600/1600 1586/1586/1586
f 1590/1590/1590 1599/1599/1599 1586/1586/1586
f 1600/1600/1600 1601/1601/1601 1587/1587/1587
f 1586/1586/1586 1600/1600/1600 1587/1587/1587
f 1601/1601/1601 1602/1602/1602 1603/1603/1603
f 1587/1587/1587 1601/1601/1601 1603/1603/1603
f 1602/1602/1602 1604/1604/1604 1605/1605/1605
f 1603/1603/1603 1602/1602/1602 1605/1605/1605
f 1604/1604/1604 1606/1606/1606 1607/1607/1607
f 1605/1605/1605 1604/1604/1604 1607/1607/1607
f 1606/1606/1606 1608/1608/1608 1609/1609/1609
f 1607/1607/1607 1606/1606/1606 1609/1609/1609
f 1608/1608/1608 1610/1610/1610 1611/1611/1611
f 1609/1609/1609 1608/1608/1608 1611/1611/1611
f 1610/1610/1610 1591/1591/1591 1594/1594/1594
f 1611/1611/1611 1610/1610/1610 1594/1594/1594
f 1611/1611/1611 1594/1594/1594 1612/1612/1612
f 1613/1613/1613 1611/1611/1611 1612/1612/1612
f 1611/1611/1611 1613/1613/1613 1614/1614/1614
f 1609/1609/1609 1611/1611/1611 1614/1614/1614
f 1613/1613/1613 1612/1612/1612 1589/1589/1589
f 1585/1585/1585 1613/1613/1613 1589/1589/1589
f 1613/1613/1613 1585/1585/1585 1588/1588/1588
f 1614/1614/1614 1613/1613/1613 1588/1588/1588
f 1590/1590/1590 1589/1589/1589 1598/1598/1598
f 1588/1588/1588 1587/1587/1587 1603/1603/1603
f 1598/1598/1598 1589/1589/1589 1596/1596/1596
f 1607/1607/1607 1614/1614/1614 1605/1605/1605
f 1612/1612/1612 1594/1594/1594 1593/1593/1593
f 1609/1609/1609 1614/1614/1614 1607/1607/1607
f 1612/1612/1612 1593/1593/1593 1596/1596/1596
f 1589/1589/1589 1612/1612/1612 1596/1596/1596
f 1588/1588/1588 1603/1603/1603 1605/1605/1605
f 1614/1614/1614 1588/1588/1588 1605/1605/1605

v 1.115227 7.569148 2.108965
v 0.834134 7.395934 2.021739
v 0.524086 7.557450 2.161420
v 0.730014 7.648289 2.211493
v 2.538041 6.247879 1.705544
v 2.464276 6.328416 1.825516
v 2.398216 6.069639 2.025255
v 2.461899 5.949599 1.935771
v 2.431504 5.874047 1.827833
v 2.216884 5.731666 2.157314
v 2.186489 5.656113 2.049377
v 1.293170 6.856819 1.460474
v 1.323565 6.932372 1.568411
v 1.688262 6.989443 1.425767
v 1.657866 6.913889 1.317829
v 2.058462 6.892480 1.389389
v 2.028066 6.816927 1.281452
v 2.507647 6.172325 1.597606
v 2.349544 6.531470 1.390738
v 2.379938 6.607022 1.498675
v 2.735064 6.204311 2.310122
v 2.886250 6.397272 2.780084
v 2.649314 6.196992 2.983485
v 2.382845 5.920305 2.522005
v 1.727034 6.971774 1.582790
v 2.008834 6.869892 1.574749
v 1.410633 6.922262 1.706544
v 2.185649 5.880565 2.217460
v 2.327110 6.639997 1.646043
v 2.746243 6.411094 2.157027
v 2.504893 6.918064 1.943306
v 2.160050 7.320325 1.760028
v 1.860743 7.361866 1.720445
v 1.615038 7.362497 1.762234
v 1.250508 7.278416 1.834257
v 1.611582 7.684459 2.149892
v 1.649820 7.837619 2.650256
v 1.305827 7.616043 2.305985
v 1.422613 7.479060 2.646270
v 0.936344 7.597402 2.443561
v 2.901968 6.666191 2.622569
v 2.763254 7.009734 2.461246
v 2.226876 7.611704 2.137603
v 2.469226 7.405155 2.267586
v 1.911799 7.755671 2.070017
v 2.864468 7.303115 3.104831
v 2.953189 6.903930 3.005857
v 2.690467 7.433245 2.769909
v 2.490549 7.828424 2.944884
v 1.925145 8.001155 2.466625
v 2.626452 6.374370 3.402393
v 2.959663 6.658022 3.176811
v 2.157264 8.128336 2.841166
v 2.328708 7.942909 2.957351
v 2.257752 7.940752 2.756810
v 2.690298 7.510943 2.942806
v 2.787450 7.457034 3.130838
v 2.617367 7.697078 3.027363
v 2.953049 7.022573 3.129156
v 2.247578 7.876813 2.587341
v 3.021755 6.962248 3.318388
v 2.896188 7.162066 3.253200
v -1.568928 8.160678 -0.429785
v -1.674735 8.123618 -0.799976
v -1.945633 8.287900 -0.844382
v -1.778176 8.244081 -0.478224
v -2.900002 7.190352 -2.198913
v -2.800409 7.491611 -2.301627
v -2.783615 7.458732 -2.459606
v -2.898412 7.111489 -2.341216
v -2.874319 6.797359 -2.101737
v -2.810579 7.053509 -2.426106
v -2.786486 6.739378 -2.186627
v -1.905834 7.990516 -1.914605
v -1.728190 7.812370 -1.609130
v -1.640357 7.754390 -1.694021
v -1.818001 7.932535 -1.999495
v -2.168314 8.003645 -2.195151
v -2.080481 7.945664 -2.280040
v -2.695782 7.400753 -2.544497
v -2.502993 7.797141 -2.400388
v -2.415160 7.739161 -2.485278
v -3.705524 7.187087 -1.608492
v -3.736666 7.478832 -1.835511
v -3.330045 7.349834 -2.150113
v -3.223673 6.947001 -1.874391
v -2.253565 7.932567 -2.037000
v -2.038873 7.952969 -1.828801
v -1.884754 7.798414 -1.563779
v -2.879101 6.917820 -1.991148
v -2.556949 7.785202 -2.250249
v -3.223343 7.578316 -2.202386
v -2.864629 8.035736 -2.050606
v -2.455452 8.361014 -1.847900
v -2.200902 8.329256 -1.683362
v -2.042892 8.256885 -1.504721
v -1.834208 8.092098 -1.251979
v -2.247761 8.472670 -1.082154
v -2.602311 8.546909 -0.676957
v -2.184575 8.298962 -0.774496
v -2.466604 8.118342 -0.663275
v -2.066618 8.117684 -0.471365
v -3.625938 7.768053 -1.873796
v -3.390813 8.087823 -1.797954
v -2.730930 8.579010 -1.518477
v -3.013672 8.422079 -1.635621
v -2.438689 8.645350 -1.332033
v -3.897320 7.930161 -1.548025
v -3.865732 8.264121 -1.294079
v -3.506342 8.407450 -1.392462
v -3.440828 8.693308 -1.017303
v -2.689643 8.802162 -0.971242
v -3.948739 7.265646 -1.231471
v -4.031862 7.665851 -1.505884
v -3.106237 8.910267 -0.810656
v -3.134285 8.775285 -0.978641
v -3.318484 8.744441 -0.899377
v -3.822137 8.392502 -1.160283
v -3.613383 8.446551 -1.240989
v -3.602593 8.587914 -1.054719
v -3.968997 8.017747 -1.419689
v -3.020675 8.745772 -1.116963
v -4.152380 7.951198 -1.334443
v -3.994187 8.110348 -1.234437

vt 0.540020 0.125191
vt 0.503860 0.051238
vt 0.671788 0.000000
vt 0.674064 0.073997
vt 0.114080 0.760259
vt 0.175476 0.726038
vt 0.175476 0.829067
vt 0.114080 0.888338
vt 0.047234 0.888338
vt 0.114080 0.935216
vt 0.047234 0.935216
vt 0.047235 0.235370
vt 0.114080 0.235370
vt 0.114080 0.282253
vt 0.047234 0.282253
vt 0.114080 0.410336
vt 0.047234 0.410336
vt 0.047234 0.760259
vt 0.047234 0.585298
vt 0.114080 0.585298
vt 0.324655 0.906656
vt 0.598990 0.961663
vt 0.597655 1.000000
vt 0.319876 0.949699
vt 0.175476 0.341524
vt 0.175476 0.444555
vt 0.175476 0.303810
vt 0.175476 0.866776
vt 0.175476 0.585297
vt 0.350649 0.830448
vt 0.378488 0.585298
vt 0.378940 0.353358
vt 0.342880 0.265490
vt 0.332624 0.225052
vt 0.311095 0.164600
vt 0.569424 0.156856
vt 0.791529 0.203545
vt 0.626681 0.175229
vt 0.673887 0.276916
vt 0.698259 0.200870
vt 0.612360 0.890064
vt 0.627609 0.695142
vt 0.607324 0.302378
vt 0.627735 0.475455
vt 0.586197 0.208376
vt 0.790408 0.660604
vt 0.752695 0.870431
vt 0.807172 0.480689
vt 0.806649 0.386228
vt 0.791528 0.209244
vt 0.752942 0.961815
vt 0.752942 0.955923
vt 0.978794 0.239399
vt 0.978794 0.351043
vt 0.877981 0.293295
vt 0.893618 0.482850
vt 1.000000 0.540598
vt 1.000000 0.428955
vt 0.831178 0.867605
vt 0.783701 0.293418
vt 0.919824 0.917879
vt 0.919824 0.820685
vt 0.671788 0.000000
vt 0.503860 0.051238
vt 0.540020 0.125191
vt 0.674064 0.073997
vt 0.175476 0.829067
vt 0.175476 0.726038
vt 0.114080 0.760259
vt 0.114080 0.888338
vt 0.114080 0.935216
vt 0.047234 0.888338
vt 0.047234 0.935216
vt 0.114080 0.282253
vt 0.114080 0.235370
vt 0.047235 0.235370
vt 0.047234 0.282253
vt 0.114080 0.410336
vt 0.047234 0.410336
vt 0.047234 0.760259
vt 0.114080 0.585298
vt 0.047234 0.585298
vt 0.597655 1.000000
vt 0.598990 0.961663
vt 0.324655 0.906656
vt 0.319876 0.949699
vt 0.175476 0.444555
vt 0.175476 0.341524
vt 0.175476 0.303810
vt 0.175476 0.866776
vt 0.175476 0.585297
vt 0.350649 0.830448
vt 0.378488 0.585298
vt 0.378940 0.353358
vt 0.342880 0.265490
vt 0.332624 0.225052
vt 0.311095 0.164600
vt 0.569424 0.156856
vt 0.791529 0.203545
vt 0.626681 0.175229
vt 0.673887 0.276916
vt 0.698259 0.200870
vt 0.612360 0.890064
vt 0.627609 0.695142
vt 0.607324 0.302378
vt 0.627735 0.475455
vt 0.586197 0.208376
vt 0.752695 0.870431
vt 0.790408 0.660604
vt 0.807172 0.480689
vt 0.806649 0.386228
vt 0.791528 0.209244
vt 0.752942 0.961815
vt 0.752942 0.955923
vt 0.978794 0.239399
vt 0.877981 0.293295
vt 0.978794 0.351043
vt 1.000000 0.540598
vt 0.893618 0.482850
vt 1.000000 0.428955
vt 0.831178 0.867605
vt 0.783701 0.293418
vt 0.919824 0.917879
vt 0.919824 0.820685

vn -0.083574 0.889301 -0.449621
vn -0.359038 0.203629 -0.910838
vn -0.461011 0.352509 -0.814375
vn 0.132281 0.875724 -0.464337
vn 0.988781 0.138058 0.057023
vn 0.962350 -0.100121 -0.252704
vn 0.889006 -0.439959 0.126903
vn 0.902396 -0.247568 0.352693
vn 0.623400 -0.695051 -0.358156
vn 0.598998 -0.503955 0.622278
vn 0.347455 -0.929922 -0.120503
vn -0.589196 0.329020 -0.737966
vn -0.441731 0.894876 -0.063797
vn 0.007692 0.974127 -0.225872
vn -0.192051 0.400989 -0.895725
vn 0.470102 0.849065 -0.241024
vn 0.232316 0.276212 -0.932596
vn 0.697418 -0.348924 -0.625987
vn 0.558523 0.008725 -0.829443
vn 0.824096 0.543830 -0.158478
vn 0.766821 -0.575998 -0.283216
vn 0.895643 -0.444769 0.002036
vn 0.606236 -0.749238 0.266683
vn 0.394338 -0.918437 0.031159
vn -0.068567 0.758690 -0.647834
vn 0.387096 0.666716 -0.636904
vn -0.516921 0.517007 -0.682273
vn 0.583681 -0.761339 0.282275
vn 0.795221 0.370904 -0.479638
vn 0.870540 -0.025757 -0.491423
vn 0.786162 0.281617 -0.550129
vn 0.508395 0.446060 -0.736590
vn 0.100295 0.524373 -0.845561
vn -0.264347 0.523054 -0.810268
vn -0.307935 0.406043 -0.860410
vn -0.327848 0.837921 -0.436352
vn -0.733178 0.677690 0.056446
vn -0.296290 0.951063 0.087699
vn -0.518340 0.318257 0.793748
vn 0.280189 0.921953 0.267388
vn 0.971991 0.021300 -0.234049
vn 0.871899 0.303822 -0.384036
vn 0.531250 0.666234 -0.523360
vn 0.761334 0.473928 -0.442451
vn 0.017917 0.759937 -0.649750
vn 0.900683 0.434397 -0.008295
vn 0.976475 0.131500 -0.170891
vn 0.824173 0.476936 -0.305402
vn 0.712194 0.701009 -0.036965
vn 0.078018 0.887187 -0.454767
vn 0.427652 -0.603217 0.673233
vn 0.947575 -0.302871 0.101833
vn 0.453545 0.699402 -0.552389
vn 0.775110 0.627186 0.076430
vn 0.610008 0.711948 -0.347879
vn 0.819827 0.491333 -0.294067
vn 0.959787 0.258164 -0.110272
vn 0.679852 0.703378 -0.207509
vn 0.965523 0.217812 -0.142560
vn 0.558212 0.737329 -0.380455
vn 0.984140 0.009309 -0.177152
vn 0.772493 0.628669 0.089608
vn 0.787039 0.612803 -0.071010
vn 0.827564 0.475075 -0.299067
vn 0.298979 0.948023 0.108919
vn 0.007329 0.999898 0.012245
vn -0.785405 -0.206428 -0.583547
vn -0.567928 0.208880 -0.796133
vn -0.772566 0.379434 -0.509089
vn -0.928776 -0.065931 -0.364730
vn -0.894855 -0.441249 -0.067331
vn -0.287230 -0.421231 -0.860269
vn -0.251578 -0.762687 -0.595833
vn 0.213187 0.966488 0.143011
vn 0.440396 0.741245 0.506564
vn 0.950143 0.301553 -0.079330
vn 0.758997 0.505302 -0.410601
vn -0.134731 0.973166 -0.186534
vn 0.453959 0.506529 -0.733042
vn -0.142769 -0.021927 -0.989513
vn -0.477923 0.761842 -0.437248
vn 0.121036 0.319453 -0.939840
vn -0.686179 -0.600567 -0.410460
vn -0.709247 -0.184510 -0.680386
vn -0.435538 -0.285887 -0.853566
vn -0.385089 -0.769511 -0.509469
vn 0.172902 0.857480 -0.484596
vn 0.530333 0.826499 -0.188805
vn 0.866828 0.498145 -0.021459
vn -0.680242 -0.621018 -0.389369
vn -0.259187 0.654521 -0.710229
vn -0.337405 0.302160 -0.891548
vn -0.212894 0.581781 -0.784989
vn 0.130328 0.700805 -0.701347
vn 0.514899 0.688852 -0.510257
vn 0.764050 0.585927 -0.270031
vn 0.800524 0.527424 -0.284580
vn 0.583402 0.798708 0.147332
vn 0.550012 0.458877 0.697796
vn 0.202284 0.762577 0.614456
vn -0.143150 -0.100587 0.984576
vn -0.494024 0.756058 0.429322
vn -0.578460 0.322372 -0.749306
vn -0.384334 0.592454 -0.708015
vn -0.009940 0.872512 -0.488491
vn -0.250348 0.735513 -0.629561
vn 0.460817 0.851792 -0.249196
vn -0.614979 0.415105 -0.670439
vn -0.647895 0.644800 -0.405542
vn -0.386976 0.727778 -0.566205
vn -0.454843 0.865910 -0.208130
vn 0.289530 0.950239 -0.114972
vn -0.806225 -0.590174 0.041181
vn -0.803602 -0.055696 -0.592555
vn 0.128581 0.809168 -0.573336
vn -0.181937 0.898116 -0.400357
vn -0.540890 0.748530 -0.383590
vn -0.691635 0.555949 -0.461045
vn -0.406891 0.743786 -0.530304
vn -0.364254 0.900590 -0.237185
vn -0.624422 0.496941 -0.602617
vn -0.118339 0.918459 -0.377398
vn -0.688391 0.340121 -0.640653
vn -0.585315 0.798607 -0.140120

g polygon13
s 1
usemtl mat10
f 1615/1615/1615 1616/1616/1616 1617/1617/1617
f 1618/1618/1618 1615/1615/1615 1617/1617/1617
f 1619/1619/1619 1620/1620/1620 1621/1621/1621
f 1622/1622/1622 1619/1619/1619 1621/1621/1621
f 1623/1623/1623 1622/1622/1622 1624/1624/1624
f 1625/1625/1625 1623/1623/1623 1624/1624/1624
f 1626/1626/1626 1627/1627/1627 1628/1628/1628
f 1629/1629/1629 1626/1626/1626 1628/1628/1628
f 1629/1629/1629 1628/1628/1628 1630/1630/1630
f 1631/1631/1631 1629/1629/1629 1630/1630/1630
f 1632/1632/1632 1619/1619/1619 1622/1622/1622
f 1623/1623/1623 1632/1632/1632 1622/1622/1622
f 1633/1633/1633 1634/1634/1634 1619/1619/1619
f 1632/1632/1632 1633/1633/1633 1619/1619/1619
f 1631/1631/1631 1630/1630/1630 1634/1634/1634
f 1633/1633/1633 1631/1631/1631 1634/1634/1634
f 1635/1635/1635 1636/1636/1636 1637/1637/1637
f 1638/1638/1638 1635/1635/1635 1637/1637/1637
f 1628/1628/1628 1639/1639/1639 1640/1640/1640
f 1630/1630/1630 1628/1628/1628 1640/1640/1640
f 1627/1627/1627 1641/1641/1641 1639/1639/1639
f 1628/1628/1628 1627/1627/1627 1639/1639/1639
f 1622/1622/1622 1621/1621/1621 1642/1642/1642
f 1624/1624/1624 1622/1622/1622 1642/1642/1642
f 1630/1630/1630 1640/1640/1640 1643/1643/1643
f 1634/1634/1634 1630/1630/1630 1643/1643/1643
f 1634/1634/1634 1643/1643/1643 1620/1620/1620
f 1619/1619/1619 1634/1634/1634 1620/1620/1620
f 1621/1621/1621 1620/1620/1620 1635/1635/1635
f 1644/1644/1644 1643/1643/1643 1645/1645/1645
f 1643/1643/1643 1640/1640/1640 1646/1646/1646
f 1640/1640/1640 1639/1639/1639 1647/1647/1647
f 1639/1639/1639 1641/1641/1641 1648/1648/1648
f 1642/1642/1642 1621/1621/1621 1635/1635/1635
f 1642/1642/1642 1635/1635/1635 1638/1638/1638
f 1643/1643/1643 1646/1646/1646 1645/1645/1645
f 1620/1620/1620 1643/1643/1643 1644/1644/1644
f 1640/1640/1640 1647/1647/1647 1646/1646/1646
f 1639/1639/1639 1648/1648/1648 1647/1647/1647
f 1635/1635/1635 1620/1620/1620 1644/1644/1644
f 1641/1641/1641 1649/1649/1649 1648/1648/1648
f 1648/1648/1648 1649/1649/1649 1650/1650/1650
f 1615/1615/1615 1650/1650/1650 1649/1649/1649
f 1651/1651/1651 1650/1650/1650 1652/1652/1652
f 1615/1615/1615 1652/1652/1652 1650/1650/1650
f 1616/1616/1616 1615/1615/1615 1649/1649/1649
f 1653/1653/1653 1652/1652/1652 1654/1654/1654
f 1615/1615/1615 1654/1654/1654 1652/1652/1652
f 1618/1618/1618 1654/1654/1654 1615/1615/1615
f 1635/1635/1635 1644/1644/1644 1655/1655/1655
f 1644/1644/1644 1645/1645/1645 1656/1656/1656
f 1657/1657/1657 1658/1658/1658 1646/1646/1646
f 1659/1659/1659 1648/1648/1648 1650/1650/1650
f 1655/1655/1655 1660/1660/1660 1661/1661/1661
f 1662/1662/1662 1660/1660/1660 1656/1656/1656
f 1658/1658/1658 1663/1663/1663 1662/1662/1662
f 1659/1659/1659 1650/1650/1650 1664/1664/1664
f 1665/1665/1665 1637/1637/1637 1666/1666/1666
f 1637/1637/1637 1636/1636/1636 1666/1666/1666
f 1664/1664/1664 1650/1650/1650 1651/1651/1651
f 1667/1667/1667 1668/1668/1668 1669/1669/1669
f 1669/1669/1669 1664/1664/1664 1667/1667/1667
f 1663/1663/1663 1669/1669/1669 1668/1668/1668
f 1660/1660/1660 1670/1670/1670 1671/1671/1671
f 1670/1670/1670 1663/1663/1663 1672/1672/1672
f 1672/1672/1672 1671/1671/1671 1670/1670/1670
f 1657/1657/1657 1647/1647/1647 1659/1659/1659
f 1645/1645/1645 1646/1646/1646 1658/1658/1658
f 1635/1635/1635 1655/1655/1655 1636/1636/1636
f 1660/1660/1660 1662/1662/1662 1670/1670/1670
f 1662/1662/1662 1663/1663/1663 1670/1670/1670
f 1666/1666/1666 1661/1661/1661 1673/1673/1673
f 1661/1661/1661 1660/1660/1660 1673/1673/1673
f 1664/1664/1664 1657/1657/1657 1659/1659/1659
f 1636/1636/1636 1655/1655/1655 1666/1666/1666
f 1674/1674/1674 1657/1657/1657 1664/1664/1664
f 1663/1663/1663 1657/1657/1657 1674/1674/1674
f 1663/1663/1663 1658/1658/1658 1657/1657/1657
f 1662/1662/1662 1656/1656/1656 1658/1658/1658
f 1660/1660/1660 1655/1655/1655 1656/1656/1656
f 1656/1656/1656 1655/1655/1655 1644/1644/1644
f 1658/1658/1658 1656/1656/1656 1645/1645/1645
f 1666/1666/1666 1655/1655/1655 1661/1661/1661
f 1666/1666/1666 1673/1673/1673 1675/1675/1675
f 1673/1673/1673 1660/1660/1660 1676/1676/1676
f 1676/1676/1676 1675/1675/1675 1673/1673/1673
f 1674/1674/1674 1664/1664/1664 1669/1669/1669
f 1663/1663/1663 1674/1674/1674 1669/1669/1669
f 1647/1647/1647 1648/1648/1648 1659/1659/1659
f 1646/1646/1646 1647/1647/1647 1657/1657/1657
f 1677/1677/1677 1678/1678/1678 1679/1679/1679
f 1680/1680/1680 1677/1677/1677 1679/1679/1679
f 1681/1681/1681 1682/1682/1682 1683/1683/1683
f 1684/1684/1684 1681/1681/1681 1683/1683/1683
f 1685/1685/1685 1684/1684/1684 1686/1686/1686
f 1687/1687/1687 1685/1685/1685 1686/1686/1686
f 1688/1688/1688 1689/1689/1689 1690/1690/1690
f 1691/1691/1691 1688/1688/1688 1690/1690/1690
f 1692/1692/1692 1688/1688/1688 1691/1691/1691
f 1693/1693/1693 1692/1692/1692 1691/1691/1691
f 1684/1684/1684 1683/1683/1683 1694/1694/1694
f 1686/1686/1686 1684/1684/1684 1694/1694/1694
f 1683/1683/1683 1695/1695/1695 1696/1696/1696
f 1694/1694/1694 1683/1683/1683 1696/1696/1696
f 1695/1695/1695 1692/1692/1692 1693/1693/1693
f 1696/1696/1696 1695/1695/1695 1693/1693/1693
f 1697/1697/1697 1698/1698/1698 1699/1699/1699
f 1700/1700/1700 1697/1697/1697 1699/1699/1699
f 1701/1701/1701 1702/1702/1702 1688/1688/1688
f 1692/1692/1692 1701/1701/1701 1688/1688/1688
f 1702/1702/1702 1703/1703/1703 1689/1689/1689
f 1688/1688/1688 1702/1702/1702 1689/1689/1689
f 1704/1704/1704 1681/1681/1681 1684/1684/1684
f 1685/1685/1685 1704/1704/1704 1684/1684/1684
f 1705/1705/1705 1701/1701/1701 1692/1692/1692
f 1695/1695/1695 1705/1705/1705 1692/1692/1692
f 1682/1682/1682 1705/1705/1705 1695/1695/1695
f 1683/1683/1683 1682/1682/1682 1695/1695/1695
f 1681/1681/1681 1699/1699/1699 1682/1682/1682
f 1706/1706/1706 1707/1707/1707 1705/1705/1705
f 1705/1705/1705 1708/1708/1708 1701/1701/1701
f 1701/1701/1701 1709/1709/1709 1702/1702/1702
f 1702/1702/1702 1710/1710/1710 1703/1703/1703
f 1704/1704/1704 1699/1699/1699 1681/1681/1681
f 1704/1704/1704 1700/1700/1700 1699/1699/1699
f 1705/1705/1705 1707/1707/1707 1708/1708/1708
f 1682/1682/1682 1706/1706/1706 1705/1705/1705
f 1701/1701/1701 1708/1708/1708 1709/1709/1709
f 1702/1702/1702 1709/1709/1709 1710/1710/1710
f 1699/1699/1699 1706/1706/1706 1682/1682/1682
f 1703/1703/1703 1710/1710/1710 1711/1711/1711
f 1710/1710/1710 1712/1712/1712 1711/1711/1711
f 1679/1679/1679 1711/1711/1711 1712/1712/1712
f 1713/1713/1713 1714/1714/1714 1712/1712/1712
f 1679/1679/1679 1712/1712/1712 1714/1714/1714
f 1678/1678/1678 1711/1711/1711 1679/1679/1679
f 1715/1715/1715 1716/1716/1716 1714/1714/1714
f 1679/1679/1679 1714/1714/1714 1716/1716/1716
f 1680/1680/1680 1679/1679/1679 1716/1716/1716
f 1699/1699/1699 1717/1717/1717 1706/1706/1706
f 1706/1706/1706 1718/1718/1718 1707/1707/1707
f 1719/1719/1719 1708/1708/1708 1720/1720/1720
f 1721/1721/1721 1712/1712/1712 1710/1710/1710
f 1717/1717/1717 1722/1722/1722 1723/1723/1723
f 1724/1724/1724 1718/1718/1718 1723/1723/1723
f 1720/1720/1720 1724/1724/1724 1725/1725/1725
f 1721/1721/1721 1726/1726/1726 1712/1712/1712
f 1727/1727/1727 1728/1728/1728 1697/1697/1697
f 1697/1697/1697 1728/1728/1728 1698/1698/1698
f 1726/1726/1726 1713/1713/1713 1712/1712/1712
f 1729/1729/1729 1730/1730/1730 1731/1731/1731
f 1730/1730/1730 1729/1729/1729 1726/1726/1726
f 1725/1725/1725 1731/1731/1731 1730/1730/1730
f 1723/1723/1723 1732/1732/1732 1733/1733/1733
f 1733/1733/1733 1734/1734/1734 1725/1725/1725
f 1734/1734/1734 1733/1733/1733 1732/1732/1732
f 1719/1719/1719 1721/1721/1721 1709/1709/1709
f 1707/1707/1707 1720/1720/1720 1708/1708/1708
f 1699/1699/1699 1698/1698/1698 1717/1717/1717
f 1723/1723/1723 1733/1733/1733 1724/1724/1724
f 1724/1724/1724 1733/1733/1733 1725/1725/1725
f 1728/1728/1728 1735/1735/1735 1722/1722/1722
f 1722/1722/1722 1735/1735/1735 1723/1723/1723
f 1726/1726/1726 1721/1721/1721 1719/1719/1719
f 1698/1698/1698 1728/1728/1728 1717/1717/1717
f 1736/1736/1736 1726/1726/1726 1719/1719/1719
f 1725/1725/1725 1736/1736/1736 1719/1719/1719
f 1725/1725/1725 1719/1719/1719 1720/1720/1720
f 1724/1724/1724 1720/1720/1720 1718/1718/1718
f 1723/1723/1723 1718/1718/1718 1717/1717/1717
f 1718/1718/1718 1706/1706/1706 1717/1717/1717
f 1720/1720/1720 1707/1707/1707 1718/1718/1718
f 1728/1728/1728 1722/1722/1722 1717/1717/1717
f 1728/1728/1728 1737/1737/1737 1735/1735/1735
f 1735/1735/1735 1738/1738/1738 1723/1723/1723
f 1738/1738/1738 1735/1735/1735 1737/1737/1737
f 1736/1736/1736 1730/1730/1730 1726/1726/1726
f 1725/1725/1725 1730/1730/1730 1736/1736/1736
f 1709/1709/1709 1721/1721/1721 1710/1710/1710
f 1708/1708/1708 1719/1719/1719 1709/1709/1709

v -2.012177 11.830123 0.820576
v -2.048969 11.811965 1.209687
v -2.255827 12.010464 1.233607
v -2.247332 12.022470 0.800494
v -2.261154 11.751869 1.694484
v -2.059035 11.566263 1.611033
v -2.131810 11.124031 2.123635
v -2.262900 11.233543 2.234940
v 1.468419 14.607440 -0.248035
v 1.703634 14.524177 -0.169112
v 1.571170 14.027597 -0.516200
v 1.146965 14.172171 -0.569818
v 0.882968 14.704638 0.147296
v 1.236304 15.009747 0.513587
v 1.489211 15.013796 0.268004
v 1.150062 14.731207 -0.121739
v 2.080585 14.340684 0.089894
v 1.945805 13.844991 -0.263528
v -1.624165 12.816405 2.980388
v -1.809252 12.604202 2.964576
v -1.527905 12.338239 3.509427
v -1.216064 12.657710 3.463615
v 1.511949 15.133876 0.864514
v 1.713251 15.130695 0.607503
v 0.508098 14.255893 -0.160417
v 0.812635 14.248132 -0.479883
v 1.761915 15.030502 1.223540
v 1.947819 15.013085 0.960189
v -1.389378 12.928236 2.985233
v -1.293907 12.883335 2.878527
v -1.311118 12.976704 2.693434
v -1.412230 13.079342 2.752875
v -1.131091 13.144291 2.863675
v -1.099710 13.037936 2.800627
v -1.389378 12.928236 2.985233
v -0.273791 10.333881 3.033608
v -0.344887 10.370502 2.757261
v -0.046754 10.167594 2.605490
v 0.045691 10.082829 2.882919
v -1.047684 13.284272 2.717129
v -1.031192 13.153927 2.683890
v -1.131091 13.144291 2.863675
v -1.040401 13.224715 2.530534
v -1.064787 13.372932 2.527763
v -1.178494 13.387712 2.347443
v -1.128914 13.250491 2.396099
v -1.064787 13.372932 2.527763
v -1.377210 13.286911 2.344800
v -1.270971 13.158743 2.393148
v -1.178494 13.387712 2.347443
v -1.335210 13.048347 2.540931
v -1.377210 13.286911 2.344800
v -1.459955 13.160750 2.528106
v -1.459955 13.160750 2.528106
v -1.412230 13.079342 2.752875
v -1.474136 10.567712 2.720906
v -0.797626 10.499251 2.756590
v -0.776672 10.496161 3.042627
v -1.508669 10.595547 2.919901
v 3.134648 12.705068 0.903683
v 3.245365 13.220044 1.231020
v 3.307220 13.052019 1.421885
v 3.179047 12.453255 1.275632
v 3.213296 13.555411 1.833744
v 2.981217 13.533744 2.098241
v 2.964772 12.943664 2.037901
v 3.231635 12.970428 1.768655
v 2.912054 13.027652 0.613976
v 3.018143 13.547615 0.941344
v -1.021045 11.937467 3.680391
v -0.851661 12.162954 3.681941
v 3.096055 13.960996 1.863307
v 2.871596 13.983766 2.099286
v 2.806204 12.311952 1.926624
v 3.094226 12.318160 1.592158
v 2.815445 14.279169 1.748130
v 2.599210 14.322246 1.983935
v -0.464052 12.500241 3.377904
v -0.288764 12.525916 3.358130
v -0.229231 12.591952 3.460412
v -0.444976 12.563914 3.486773
v -0.133930 12.457942 3.353752
v -0.038424 12.504745 3.459861
v -0.039467 12.328939 3.385488
v 0.076165 12.326410 3.486869
v -0.038424 12.504745 3.459861
v -0.128673 12.192484 3.430532
v -0.031340 12.148455 3.567061
v 0.076165 12.326410 3.486869
v -0.031340 12.148455 3.567061
v -0.321521 12.190881 3.461518
v -0.264025 12.149127 3.614197
v -0.264025 12.149127 3.614197
v -0.473152 12.267879 3.454438
v -0.468803 12.281307 3.609654
v -0.664016 12.350519 3.450566
v -0.730713 12.371078 3.583405
v -0.468803 12.281307 3.609654
v -0.444976 12.563914 3.486773
v -0.730713 12.371078 3.583405
v 1.845465 11.435100 -1.969836
v 1.416126 12.017629 -2.066804
v 1.857045 11.839501 -1.783639
v 0.799860 12.253624 -2.184665
v 1.265842 11.657390 -2.322750
v 0.947694 12.559763 -1.823176
v 1.576959 12.330991 -1.534871
v -1.377210 13.286911 2.344800
v -1.247285 13.506384 1.785231
v -1.706420 13.127055 2.382234
v -2.214733 11.536215 2.431736
v -1.962812 11.190966 2.919706
v -2.078330 12.069684 2.832019
v -2.180191 12.330140 2.319607
v 0.382600 12.825858 -1.762828
v 0.039297 13.058282 -1.325577
v 0.727109 12.936172 -1.424759
v 0.146665 12.501398 -2.077501
v 1.639804 10.915867 -1.931433
v 0.639446 11.744548 -2.446054
v 0.956948 10.850633 -2.154554
v -0.333300 11.698944 -1.646675
v -0.944351 11.838758 -0.815309
v -0.925635 11.748331 -1.165439
v -0.627579 13.459459 2.532421
v -0.286111 13.465726 2.539242
v -0.653382 13.569629 1.902964
v -0.398550 13.194959 3.063836
v 0.384890 13.099464 2.112219
v 0.626243 12.822929 1.588883
v 0.104430 13.271749 1.887925
v -0.899082 13.522463 1.079921
v -0.360178 13.486749 1.509946
v -1.033976 12.846447 -0.269339
v -1.306651 12.280857 -0.346995
v -1.527983 12.341325 -0.087762
v -1.821035 12.479178 0.091241
v -1.251248 12.859266 0.038251
v 1.272394 10.609237 -1.691548
v 0.194709 10.867422 -1.962685
v 0.342622 11.000193 -2.262137
v 0.589400 13.099804 -1.063169
v 1.397228 12.787822 -0.773508
v 1.004115 12.946793 -0.993285
v -2.190441 12.626820 1.738423
v -2.288954 12.327703 1.220139
v -2.278609 11.950208 1.832084
v -0.796701 12.376671 -1.602211
v -0.675549 12.864811 -1.146986
v -0.342957 12.703710 -1.701383
v -1.192475 12.324960 -0.728502
v 1.138521 12.808170 -1.338743
v 1.706046 12.471360 -0.951843
v -1.962812 11.190966 2.919706
v -2.083273 10.598516 2.500522
v -0.885963 12.861361 -0.660647
v -1.109085 12.386091 -1.180932
v 0.046517 11.972569 -2.348551
v -0.398177 12.265383 -2.080193
v -0.246969 13.192072 -0.913737
v 0.039297 13.058282 -1.325577
v -1.316768 12.104852 -1.047831
v -1.049533 12.007048 -1.302860
v -0.447353 13.145988 -0.495381
v -0.627008 13.037127 -0.013337
v -1.975523 12.267208 0.090676
v -2.209832 12.490062 0.624291
v -1.675901 12.952872 0.396830
v -2.045215 12.915132 0.997122
v -1.684541 13.284973 1.146282
v -1.383774 13.313386 0.666848
v -1.809795 11.544024 1.722654
v -1.810438 11.877161 1.271734
v 0.240169 13.208704 -0.974715
v -0.246969 13.192072 -0.913737
v -0.616042 11.654051 -1.907512
v -0.888141 11.897449 -1.639176
v -0.019409 13.210060 -0.697448
v 1.048305 11.755571 -1.497404
v 0.710241 10.666930 -1.887123
v 0.382600 12.825858 -1.762828
v 1.784230 14.865715 0.180361
v -0.213512 13.215848 -0.374389
v 0.197310 13.743878 0.099379
v 0.210008 13.810447 -0.292505
v 0.501359 14.162480 0.229039
v -1.446712 12.177035 1.121379
v -1.246359 11.692924 2.598337
v -1.939529 12.853257 2.349211
v -1.901717 13.135300 1.715910
v -2.262900 11.233543 2.234940
v -1.809095 11.791498 3.309802
v -0.633043 13.212858 0.469278
v -0.169031 13.011721 0.459217
v 0.686210 12.956562 1.140601
v 0.461790 12.886605 0.951389
v 0.745169 12.761632 1.400836
v 1.553116 14.298545 1.522735
v 1.345692 13.883795 1.501206
v 1.392998 13.808825 1.662884
v 2.114231 14.849642 0.592722
v -2.201411 11.343221 0.232211
v -2.251167 11.684138 0.507865
v -2.240977 11.696331 0.166136
v -1.827022 11.108925 2.133676
v -1.791527 10.804318 2.370962
v -0.229926 13.193687 0.831660
v -0.887650 13.121459 0.256982
v -1.412230 13.079342 2.752875
v -1.459955 13.160750 2.528106
v -1.389378 12.928236 2.985233
v -0.748864 13.000493 3.268446
v -1.178494 13.387712 2.347443
v -1.131091 13.144291 2.863675
v -1.047684 13.284272 2.717129
v -1.131091 13.144291 2.863675
v -1.389378 12.928236 2.985233
v -0.743452 12.140202 2.461181
v 0.299628 11.758954 -1.730754
v 0.364383 12.596266 -0.538516
v -0.464841 11.351976 -1.814213
v 0.249370 12.996024 1.261500
v 0.679296 12.634907 1.355335
v -2.116328 11.340664 0.244620
v -2.054023 11.573703 0.556012
v 1.931967 10.784509 -1.747546
v 2.234562 11.206715 -1.687485
v 1.576758 10.591471 -1.536217
v -0.011060 13.342727 0.142129
v 0.829057 14.549893 0.453016
v 1.114266 14.789815 0.666134
v 1.394623 14.942974 0.945104
v 1.607606 14.862609 1.197660
v -0.663843 11.574588 -1.572621
v 2.222146 14.647012 1.119156
v 2.114247 14.732610 1.289574
v 1.836872 14.766320 1.489641
v 1.809612 14.440852 1.662626
v 2.094151 14.398557 1.440117
v 1.640556 14.574873 1.433879
v -0.663843 11.574588 -1.572621
v -0.200425 11.323531 -2.149124
v 0.189634 12.967599 0.640916
v 0.240348 12.861958 0.931128
v -0.296714 13.151047 0.084193
v -0.213512 13.215848 -0.374389
v -2.261154 11.751869 1.694484
v -2.255827 12.010464 1.233607
v -2.247332 12.022470 0.800494
v -1.562978 11.912383 0.260106
v -1.111329 11.698489 -0.150593
v -0.562001 12.331924 0.408330
v -1.721926 11.902965 0.727144
v -0.296714 13.151047 0.084193
v -1.381007 11.702508 -0.816949
v -1.277429 11.859601 -0.613321
v -1.348730 12.060274 -0.683417
v -1.450385 11.777952 -0.935267
v -1.277429 11.859601 -0.613321
v -1.449178 11.429303 -0.999567
v -1.095520 11.622439 -1.126988
v -1.423078 11.424341 -1.062984
v -1.263784 11.729379 -1.219777
v -1.373436 11.410606 -0.996093
v -0.944351 11.838758 -0.815309
v -1.261127 11.856386 -0.288579
v -1.626428 11.956562 0.095320
v -1.261127 11.856386 -0.288579
v -2.119626 11.991801 0.122039
v -2.020029 11.637258 0.089749
v -1.852056 11.869147 0.055794
v -1.706853 12.092544 0.044409
v 1.091328 13.473728 1.418027
v 0.872843 13.140558 1.272465
v 1.126172 13.399127 1.575087
v 2.300550 14.129892 0.499451
v 1.699217 12.606402 -0.395836
v 2.296478 13.992637 0.839243
v 2.192597 13.598472 0.118374
v 1.871106 12.497248 -0.085226
v 0.878996 12.983858 1.460464
v 0.007785 13.101278 0.351279
v 1.345692 13.883795 1.501206
v 1.126172 13.399127 1.575087
v -0.200425 11.323531 -2.149124
v 1.669635 14.177582 1.701741
v -0.040059 13.314208 2.780164
v -2.029036 10.520851 2.368460
v 0.275578 12.132497 1.331919
v -0.736031 12.463164 1.325106
v -0.562001 12.331924 0.408330
v -1.626428 11.956562 0.095320
v -2.249758 11.956528 0.349185
v -1.818113 11.637775 0.342153
v -2.173613 11.365287 0.154831
v -1.721926 11.902965 0.727144
v -1.818113 11.637775 0.342153
v 0.799860 12.253624 -2.184665
v 2.102224 12.212210 -0.605211
v -0.165241 12.354691 2.024279
v 0.364383 12.596266 -0.538516
v 1.211941 12.097729 0.268477
v -0.633043 13.212858 0.469278
v 2.220320 11.886844 -1.038308
v 2.295055 11.550869 -1.433538
v 0.240169 13.208704 -0.974715
v -1.852056 11.869147 0.055794
v 1.897253 11.454429 -1.085335
v 1.669635 14.177582 1.701741
v 2.227693 13.450803 0.410300
v -2.248302 12.270824 0.514804
v 0.639446 11.744548 -2.446054
v -1.178494 13.387712 2.347443
v -1.064787 13.372932 2.527763
v -1.377210 13.286911 2.344800
v -1.459955 13.160750 2.528106
v -1.412230 13.079342 2.752875
v -1.446712 12.177035 1.121379
v -1.064787 13.372932 2.527763
v 0.208497 9.923490 2.182633
v 0.560115 9.828718 2.246424
v 0.345678 9.636133 2.238182
v 0.045691 10.082829 2.882919
v -0.059930 10.442196 3.244443
v -0.273791 10.333881 3.033608
v 0.415155 10.017837 2.933640
v 0.491060 10.205407 3.077126
v 0.323948 9.779458 2.686513
v 0.028784 9.755553 2.578418
v 0.537528 9.744144 2.535150
v 0.774017 9.941404 2.587688
v 0.747916 10.016083 2.273725
v 0.089475 10.877593 2.516477
v 0.130294 10.336192 2.409250
v -0.295101 10.595354 2.647898
v -0.839237 10.723042 2.604072
v 0.285515 11.599050 2.252829
v 0.089475 10.877593 2.516477
v -0.776672 10.496161 3.042627
v -0.746679 10.654365 3.223316
v -1.426553 10.770172 2.497365
v -1.508669 10.595547 2.919901
v 2.505790 10.876538 -1.370158
v 2.644444 11.173449 -1.068556
v 2.871763 10.786322 -0.744858
v 2.982132 10.407664 -0.202819
v 2.782890 10.374135 -0.945031
v 2.958991 10.858429 0.003396
v 2.734328 11.351987 -0.483799
v -0.031340 12.148455 3.567061
v -0.234584 11.882047 3.718891
v 0.542553 11.992381 3.410684
v -1.437561 10.878813 3.137532
v -1.339474 11.444692 3.503016
v -0.821300 11.180672 3.553693
v 2.972870 10.634778 0.589542
v 2.877887 11.116853 0.528485
v 2.742007 10.772090 1.128906
v 2.931598 10.145654 0.451655
v 2.088790 10.536074 -1.523683
v 2.795875 9.920449 -0.487679
v 2.059647 9.917872 -1.153131
v 1.987055 9.736183 0.460571
v 1.549879 9.654322 1.082714
v 1.355776 9.893107 1.273566
v 0.108858 12.836515 3.201221
v 0.626806 12.486732 3.065575
v 0.180779 13.070788 2.963250
v 0.600350 12.852255 2.338300
v 1.131619 11.804715 2.924115
v 0.914980 12.408106 2.667989
v 1.617444 10.603641 2.138566
v 1.046146 10.163899 2.249950
v 1.238302 10.128109 1.964221
v 1.359843 10.650575 2.409531
v 0.947638 10.137189 2.605630
v 1.634920 10.302582 -1.362318
v 2.105516 9.508981 -0.661154
v 1.771525 9.533611 -0.530690
v 2.699035 11.315288 0.852710
v 2.455962 11.892250 0.187989
v 2.635368 11.566935 0.488148
v -0.210349 10.951880 3.536658
v 2.308058 9.750391 1.217397
v 2.693272 10.135397 1.055988
v 2.333429 10.319551 1.585637
v 1.564737 9.992665 1.775479
v 2.818638 11.386977 0.187066
v 2.438396 11.851872 -0.286754
v 1.938644 10.472056 1.904540
v 1.946676 9.801258 1.594178
v 2.660462 9.678114 0.697532
v 2.751911 9.684107 0.108370
v 2.475756 10.888949 1.558924
v 2.742007 10.772090 1.128906
v 1.620036 9.620644 1.619248
v 1.794085 9.601664 1.279590
v 2.103320 10.988402 1.821029
v 1.647946 11.112768 2.052677
v 1.075479 10.625510 2.895514
v 0.542585 10.726141 3.347249
v 0.758952 11.218050 3.365356
v 1.184641 11.140793 2.999370
v 2.634040 11.183757 1.199295
v 2.475756 10.888949 1.558924
v 2.083521 9.370520 0.544115
v 1.995887 9.457882 0.979974
v 2.381487 11.179170 1.482942
v 2.211883 10.771314 -0.440693
v 1.693620 9.835102 -0.994062
v 2.972870 10.634778 0.589542
v 3.240089 13.634221 1.502509
v 2.113069 11.247818 1.738511
v 2.540589 11.839034 1.824028
v 2.213356 12.038527 1.930265
v 2.464097 12.502224 2.011512
v 0.205795 11.352579 3.629860
v -0.442897 11.587273 3.708389
v 1.390551 11.692487 1.875561
v 1.418623 11.477376 2.332513
v 1.048519 12.650088 1.469635
v 1.089486 12.355644 1.521436
v 1.853403 14.044535 1.795443
v 1.548465 13.712271 1.685356
v 3.004730 14.096378 1.401434
v 0.009417 9.473106 2.239990
v 0.283411 9.560980 2.458674
v 1.232487 11.956649 2.159761
v 1.455396 11.139504 2.384835
v -0.468803 12.281307 3.609654
v -0.264025 12.149127 3.614197
v -0.730713 12.371078 3.583405
v 0.076165 12.326410 3.486869
v -0.444976 12.563914 3.486773
v -0.229231 12.591952 3.460412
v -0.444976 12.563914 3.486773
v -0.730713 12.371078 3.583405
v 2.221751 10.133052 0.014835
v 1.940700 11.262877 0.893027
v 1.847795 9.395743 0.286022
v 0.895447 12.449514 1.848239
v 0.016937 9.536160 2.181958
v -0.037259 9.867744 2.387549
v 1.871313 11.750448 1.851618
v 2.631658 13.025094 2.090060
v 2.699719 13.448697 2.105974
v 2.661882 13.871014 2.095975
v 2.473079 14.130513 1.983646
v 1.780985 9.506534 0.647666
v 2.516330 14.398166 1.386322
v 2.428538 14.466754 1.575000
v 2.248947 14.417751 1.863869
v 1.902708 14.362103 1.747171
v 2.119563 14.169687 1.868892
v 1.780985 9.506534 0.647666
v 2.124552 9.356860 -0.037681
v 1.307534 12.021980 1.656144
v 1.040460 12.185151 1.657756
v 1.724328 11.441470 1.919616
v 2.113069 11.247818 1.738511
v 0.504307 10.163690 2.137526
v 0.890626 11.103164 1.727542
v 0.751568 10.122684 1.541210
v 1.724328 11.441470 1.919616
v 1.173338 9.541816 1.502797
v 1.322993 9.800294 1.742925
v 1.154394 9.802549 1.595155
v 1.293424 9.456995 1.556543
v 1.154394 9.802549 1.595155
v 1.107462 9.266669 1.322264
v 1.402413 9.509466 1.141526
v 1.504189 9.387981 1.293976
v 1.155051 9.243529 1.278363
v 1.108636 9.311049 1.258018
v 1.355776 9.893107 1.273566
v 0.923527 10.008411 1.695428
v 0.638058 10.041060 2.151828
v 0.923527 10.008411 1.695428
v 1.280744 13.313504 1.590046
v 1.116467 12.934479 1.493713
v 2.631706 13.849770 0.800193
v 2.129332 12.242573 -0.005224
v 2.296478 13.992637 0.839243
v 2.527303 13.315349 0.422338
v 1.564976 11.784065 1.765453
v 1.548465 13.712271 1.685356
v 2.124552 9.356860 -0.037681
v 0.890626 11.103164 1.727542
v 0.638058 10.041060 2.151828
v 0.208497 9.923490 2.182633
v 0.085351 9.454453 2.206326
v 0.130294 10.336192 2.409250
v 2.982132 10.407664 -0.202819
v 1.940700 11.262877 0.893027
v 1.418623 11.477376 2.332513
v 2.634040 11.183757 1.199295
v 0.560115 9.828718 2.246424
v 2.227693 13.450803 0.410300
v 2.795875 9.920449 -0.487679
v 0.076165 12.326410 3.486869
v -0.038424 12.504745 3.459861
v -0.031340 12.148455 3.567061
v -0.264025 12.149127 3.614197
v -0.468803 12.281307 3.609654
v -0.038424 12.504745 3.459861
v -1.772695 11.139467 -1.140408
v -1.693583 10.876326 -1.347879
v -2.032069 10.636408 -1.079794
v -2.054378 11.006599 -0.952712
v 0.514410 8.482368 1.232809
v 0.937351 8.650848 1.041423
v 1.007999 8.787309 1.384899
v 0.725403 8.655214 1.571764
v -2.123145 9.571632 -0.355362
v -1.555608 9.450787 -1.015509
v -1.694016 8.863044 -0.410438
v -1.506687 8.525615 -0.065147
v -1.961971 8.687749 0.587196
v -2.181360 9.049273 0.171209
v -1.944006 9.967418 -0.749213
v -2.194624 9.104478 1.231535
v -2.363601 9.726100 0.559826
v -2.350689 10.147158 0.141518
v -2.196657 9.781910 0.569330
v -2.154393 10.089383 0.226470
v -1.886989 10.378155 -0.192538
v -1.968077 9.269056 1.135371
v -1.387667 8.705056 -0.029068
v -1.462733 9.291112 -0.763776
v 0.015869 9.309292 -1.011739
v 0.932527 10.203548 -1.188159
v 0.152775 10.462487 -1.551241
v -0.157742 11.719071 -1.141622
v 0.307881 11.837420 -1.045272
v -0.629362 11.383053 -1.167601
v 1.359673 11.456217 -0.491722
v 1.651254 11.580101 -0.697402
v 1.100319 11.901102 -1.060308
v -0.282619 11.864001 -1.331784
v 1.690485 10.837723 -1.432077
v 0.441428 11.392879 -1.951293
v 0.442296 12.062200 -1.270692
v 1.433141 10.199668 -1.743015
v 1.111998 11.182230 -1.774673
v 0.559074 9.159692 -1.749221
v 0.236265 9.724542 -2.064264
v 1.049695 9.647658 -1.834950
v -0.792795 10.265593 -1.946813
v -0.116604 10.536655 -2.214511
v -0.443070 9.442861 -1.880963
v 0.061393 8.803885 -1.532619
v -0.881649 9.126677 -1.412498
v -0.936729 8.567710 -0.653538
v -1.311356 8.984345 -0.931431
v -0.502382 8.627580 -1.076047
v -1.555608 9.450787 -1.015509
v -1.271988 9.863078 -1.476273
v -0.116604 10.536655 -2.214511
v -0.730324 11.234084 -1.719881
v -0.227201 11.418322 -1.932497
v -0.792795 10.265593 -1.946813
v -1.516119 10.612813 -1.376576
v -1.271988 9.863078 -1.476273
v -1.826900 10.317976 -1.042069
v -0.751788 11.490295 -1.295583
v -0.282619 11.864001 -1.331784
v -0.157742 11.719071 -1.141622
v -1.971043 10.661556 -0.671203
v -1.945157 10.423265 -0.732888
v -2.066836 10.431686 -0.266275
v -0.740116 10.092487 -1.315073
v -1.971043 10.661556 -0.671203
v -1.721584 10.541559 -0.538685
v -1.444351 10.911109 -1.194164
v -1.116834 10.968238 -1.529897
v -1.316866 10.746460 -0.932722
v -0.964007 10.992221 -1.172736
v -1.762206 11.072390 -0.901018
v -1.659416 11.189134 -1.108673
v -1.907236 11.487551 -0.678225
v -1.930321 11.558835 -0.782588
v -2.006815 11.518700 -0.738745
v -2.064740 10.869570 -0.777551
v -1.460416 10.887099 -1.062839
v -1.316866 10.746460 -0.932722
v -1.086273 11.144447 -1.293181
v -1.632375 10.746315 -0.801437
v -0.964007 10.992221 -1.172736
v -0.629362 11.383053 -1.167601
v 0.723884 10.504029 -2.132630
v 0.890561 11.728415 -0.803108
v -0.227201 11.418322 -1.932497
v -1.721584 10.541559 -0.538685
v -0.936729 8.567710 -0.653538
v -1.311356 8.984345 -0.931431
v -0.540239 8.332067 -0.231136
v -0.221431 8.322221 0.196134
v -1.074924 8.339360 0.151796
v -0.733663 8.396286 0.906504
v -1.470429 8.447906 0.816845
v -0.150372 8.450204 0.879687
v -1.336297 8.857117 1.492778
v -0.754043 8.796572 1.591523
v -1.270419 8.998415 1.410499
v -0.811512 8.953455 1.446018
v -0.262728 9.004212 1.282544
v -0.488008 8.466603 0.121425
v 1.198742 9.577716 -0.601339
v 1.676682 10.167354 0.524322
v 1.785640 10.587400 0.296764
v 1.371168 9.690826 0.649193
v 2.007340 11.133863 -0.236591
v 1.882610 10.032460 0.634583
v 2.165797 9.934255 -0.385295
v 2.125102 10.638732 0.257560
v 2.041843 10.395684 -0.930227
v 1.091855 9.000808 -1.287254
v 1.665085 9.029544 -0.596457
v 1.149342 8.622761 -0.183048
v 0.628716 8.536248 -0.907614
v -0.010093 8.389437 -0.620987
v -0.540239 8.332067 -0.231136
v 0.442919 8.412457 0.081131
v -0.221431 8.322221 0.196134
v 1.665085 9.029544 -0.596457
v 2.027096 9.511437 0.114758
v 1.645369 9.224513 0.437619
v 1.149342 8.622761 -0.183048
v 0.819021 8.637544 0.744099
v 0.317393 8.504142 0.905285
v 0.442919 8.412457 0.081131
v 1.508060 9.578716 0.756712
v 1.882610 10.032460 0.634583
v 1.676682 10.167354 0.524322
v 0.250382 8.782476 1.346200
v -0.212607 8.863215 1.417656
v 0.141296 8.658359 1.161939
v 0.593563 8.964343 -0.103883
v 0.250382 8.782476 1.346200
v 0.131908 8.973713 1.144575
v 0.902521 8.925918 0.937163
v 1.250274 8.965926 0.619809
v 0.633047 9.097051 0.838105
v 1.043379 9.294195 0.650284
v 0.936256 9.134029 1.820712
v 0.979310 8.957066 1.287704
v 0.819072 9.181398 1.797689
v 0.861909 9.092078 1.866506
v 0.443525 8.747855 1.500348
v 0.789216 8.984162 0.980178
v 1.204873 9.206392 0.787540
v 0.633047 9.097051 0.838105
v 0.731224 8.963226 1.363408
v 0.471978 8.966266 1.109645
v 1.043379 9.294195 0.650284
v 1.371168 9.690826 0.649193
v 1.763571 9.624570 -1.188432
v 1.663823 11.074323 -0.100866
v 2.027096 9.511437 0.114758
v 0.131908 8.973713 1.144575

vt 1.210937 0.200000
vt 0.850000 3.812500
vt 0.915625 3.909376
vt 1.084375 2.054688
vt 0.845313 3.917188
vt 0.775000 3.806251
vt 0.700000 3.800001
vt 0.775000 3.925001
vt 0.737500 1.600000
vt 0.725000 1.625000
vt 0.716406 1.678125
vt 0.753125 1.612500
vt 0.750000 1.400000
vt 0.737500 1.400000
vt 0.737500 1.500000
vt 0.750000 1.500000
vt 0.712500 1.650000
vt 0.679688 1.743750
vt 0.650000 0.600000
vt 0.650000 0.300000
vt 0.500000 0.300000
vt 0.500000 0.600000
vt 0.725000 1.400000
vt 0.725000 1.500000
vt 0.800000 1.400000
vt 0.800000 1.537500
vt 0.700000 1.400000
vt 0.700000 1.500000
vt 0.000000 0.000000
vt 0.000000 0.000000
vt 0.333333 0.250000
vt 0.333333 0.250000
vt 0.000000 0.500000
vt 0.000000 0.500000
vt 0.000000 0.093393
vt 0.915625 3.909376
vt 0.850000 3.812500
vt 1.210937 0.200000
vt 1.084375 2.054688
vt 0.000000 1.000000
vt 0.000000 1.000000
vt 0.000000 0.536489
vt 0.333333 1.000000
vt 0.254909 1.000000
vt 0.825208 1.000000
vt 0.833333 1.000000
vt 0.333333 1.000000
vt 1.000000 0.250000
vt 1.000000 0.250000
vt 0.833333 1.000000
vt 0.666667 0.250000
vt 0.924194 0.250000
vt 0.685236 0.250000
vt 0.623074 0.250000
vt 0.374349 0.250000
vt 0.700000 3.800001
vt 0.775000 3.806251
vt 0.845313 3.917188
vt 0.775000 3.925001
vt 0.716406 1.678125
vt 0.725000 1.625000
vt 0.737500 1.600000
vt 0.753125 1.612500
vt 0.737500 1.500000
vt 0.737500 1.400000
vt 0.750000 1.400000
vt 0.750000 1.500000
vt 0.679688 1.743750
vt 0.712500 1.650000
vt 0.650000 0.300000
vt 0.650000 0.600000
vt 0.725000 1.500000
vt 0.725000 1.400000
vt 0.800000 1.400000
vt 0.800000 1.537500
vt 0.700000 1.500000
vt 0.700000 1.400000
vt 0.000000 0.500000
vt 0.000000 1.000000
vt 0.000000 1.000000
vt 0.000000 0.536489
vt 0.333333 1.000000
vt 0.254909 1.000000
vt 0.833333 1.000000
vt 0.825208 1.000000
vt 0.333333 1.000000
vt 1.000000 0.250000
vt 1.000000 0.250000
vt 0.833333 1.000000
vt 0.924194 0.250000
vt 0.666667 0.250000
vt 0.685236 0.250000
vt 0.623074 0.250000
vt 0.333333 0.250000
vt 0.374349 0.250000
vt 0.000000 0.000000
vt 0.000000 0.000000
vt 0.333333 0.250000
vt 0.000000 0.500000
vt 0.000000 0.093393
vt 0.631250 2.834375
vt 0.682813 2.621094
vt 0.575000 2.637500
vt 0.737500 2.618750
vt 0.765625 2.842188
vt 0.675000 2.400000
vt 0.600000 2.400000
vt 0.637386 0.877267
vt 1.000000 0.800000
vt 0.825000 0.700000
vt 0.950000 0.100000
vt 0.600000 0.037500
vt 1.000000 0.200000
vt 1.062500 0.450000
vt 1.712500 0.750000
vt 1.125000 1.287500
vt 0.950000 1.950000
vt 1.600000 0.600000
vt 0.603125 2.958594
vt 0.900000 2.850000
vt 0.626563 2.929297
vt 0.925000 3.325001
vt 1.000000 3.400001
vt 1.600000 0.200000
vt 0.600000 1.000000
vt 0.625000 1.050000
vt 0.700000 1.000000
vt 0.500000 1.000000
vt 0.524219 1.175000
vt 0.548437 1.250000
vt 0.650000 1.100000
vt 1.125000 0.850000
vt 0.850000 1.000000
vt 1.486719 0.559375
vt 1.518750 0.325000
vt 1.500000 0.400000
vt 1.450000 0.400000
vt 1.450000 0.500000
vt 0.568750 3.200001
vt 0.600000 3.200001
vt 0.650000 2.900001
vt 0.762500 1.650000
vt 0.646875 1.837500
vt 0.704688 1.743750
vt 1.200000 0.550000
vt 1.200000 0.400000
vt 1.100000 0.300000
vt 1.568750 0.325000
vt 1.564844 0.540625
vt 1.582422 0.570312
vt 1.537500 0.250000
vt 0.775000 2.025000
vt 0.600000 2.100000
vt 0.700000 4.000000
vt 0.550000 4.000000
vt 1.547266 0.510938
vt 1.553125 0.287500
vt 1.700000 0.300000
vt 1.584375 0.362500
vt 1.512500 0.850000
vt 1.518750 0.875000
vt 1.550000 0.200000
vt 1.587500 0.200000
vt 1.500000 0.800000
vt 1.406250 0.837500
vt 1.300000 0.200000
vt 1.312500 0.350000
vt 1.350000 0.625000
vt 1.300000 0.650000
vt 1.162500 0.825000
vt 1.281250 0.712500
vt 0.762500 3.834375
vt 0.793750 3.771875
vt 1.000000 1.600000
vt 1.250000 1.125000
vt 1.700000 0.100000
vt 1.556250 0.250000
vt 0.800000 1.400000
vt 0.543750 3.300001
vt 0.584375 3.200001
vt 0.825000 2.400000
vt 0.725000 1.600000
vt 0.840625 1.350000
vt 0.768750 1.400000
vt 0.784375 1.400000
vt 0.768750 1.400000
vt 0.625000 3.650001
vt 0.500000 3.800001
vt 0.925000 0.500000
vt 1.200000 0.700000
vt 0.900000 0.000000
vt 0.550000 0.168750
vt 1.250000 0.900000
vt 0.677734 1.337500
vt 0.649484 1.529871
vt 0.646359 1.529871
vt 0.553125 1.400000
vt 0.694796 1.529871
vt 0.676046 1.529871
vt 0.500000 0.397640
vt 0.700000 1.600000
vt 1.200000 0.200000
vt 1.212500 0.200000
vt 1.300000 0.200000
vt 0.675000 3.856251
vt 0.500000 3.900001
vt 1.000000 1.000000
vt 1.400000 0.600000
vt 0.575600 0.888548
vt 0.590242 0.854142
vt 0.551226 0.876854
vt 0.500000 0.800000
vt 0.625685 0.956698
vt 0.536044 0.958965
vt 0.570635 0.975844
vt 0.535243 0.952764
vt 0.532560 0.859109
vt 0.550000 3.600001
vt 0.762500 3.262501
vt 0.625000 3.450001
vt 0.850000 3.250000
vt 0.663867 1.218750
vt 0.537500 1.400000
vt 1.137500 0.000000
vt 1.100000 0.000000
vt 0.500000 3.171875
vt 0.500000 3.150782
vt 0.500000 3.200001
vt 0.754688 1.400000
vt 0.731250 1.400000
vt 0.721875 1.400000
vt 0.712500 1.400000
vt 0.693750 1.400000
vt 1.300000 1.800000
vt 0.654297 1.604688
vt 0.650000 1.500000
vt 0.650000 1.400000
vt 0.625000 1.400000
vt 0.550000 1.500000
vt 0.656250 1.400000
vt 1.600000 0.100000
vt 1.800000 0.000000
vt 0.711984 1.529871
vt 0.592480 1.346875
vt 1.200000 1.000000
vt 1.000000 1.200000
vt 0.968750 0.025000
vt 1.037500 0.050000
vt 1.145312 0.125000
vt 0.700000 3.600001
vt 0.700000 3.525001
vt 0.550000 3.550001
vt 0.887500 3.803126
vt 0.881250 1.300000
vt 1.550000 0.050000
vt 1.550000 0.000000
vt 1.537500 0.200000
vt 1.550000 0.200000
vt 1.000000 3.450001
vt 1.550000 0.000000
vt 1.600000 0.200000
vt 1.575000 0.200000
vt 1.575000 0.200000
vt 1.600000 0.000000
vt 1.600000 0.000000
vt 1.490625 0.100000
vt 1.000000 3.600001
vt 1.000000 3.525001
vt 1.300000 0.200000
vt 1.268750 0.075000
vt 1.279166 0.116667
vt 1.400000 0.200000
vt 0.664328 1.529871
vt 0.652609 1.529871
vt 0.584375 1.400000
vt 0.667188 1.618750
vt 0.601563 1.731250
vt 0.600000 1.600000
vt 0.684375 1.637500
vt 0.556250 1.625000
vt 0.568750 1.400000
vt 0.740625 1.400000
vt 0.175564 0.000000
vt 0.000000 0.795280
vt 0.900000 3.200001
vt 1.000000 0.000000
vt 0.500000 1.100000
vt 0.500000 4.000000
vt 0.550000 3.550001
vt 0.525000 3.575001
vt 0.500000 3.550001
vt 1.400000 0.000000
vt 1.253125 0.200000
vt 1.165625 0.000000
vt 1.300000 0.200000
vt 1.100000 0.000000
vt 1.000000 3.825001
vt 1.900000 0.400000
vt 0.500000 1.875000
vt 0.550000 3.575001
vt 0.500000 3.500000
vt 0.550000 3.500000
vt 1.000000 1.100000
vt 0.500000 2.221875
vt 0.500000 3.087501
vt 1.600000 1.000000
vt 1.000000 3.750000
vt 0.500000 3.350001
vt 0.600000 1.400000
vt 0.656250 1.625000
vt 1.250000 0.200000
vt 2.000000 0.100000
vt 0.627246 0.955874
vt 0.598370 0.975876
vt 0.639400 0.907612
vt 0.611103 0.866441
vt 0.563722 0.906791
vt 0.500000 3.600001
vt 0.590011 0.976156
vt 1.000000 3.825001
vt 1.279166 0.116667
vt 1.268750 0.075000
vt 1.145312 0.125000
vt 1.200000 0.400000
vt 1.037500 0.050000
vt 1.250000 0.200000
vt 1.312500 0.350000
vt 1.253125 0.200000
vt 1.212500 0.200000
vt 1.300000 0.200000
vt 1.300000 0.200000
vt 1.400000 0.200000
vt 0.625000 3.650001
vt 0.887500 3.803126
vt 0.793750 3.771875
vt 0.762500 3.834375
vt 0.525000 3.575001
vt 0.500000 3.600001
vt 0.968750 0.025000
vt 1.100000 0.300000
vt 0.675000 3.856251
vt 0.900000 0.000000
vt 0.631250 2.834375
vt 0.575000 2.637500
vt 0.682813 2.621094
vt 0.737500 2.618750
vt 0.765625 2.842188
vt 0.675000 2.400000
vt 0.600000 2.400000
vt 0.637386 0.877267
vt 0.825000 0.700000
vt 1.000000 0.800000
vt 0.950000 0.100000
vt 1.000000 0.200000
vt 1.062500 0.450000
vt 1.712500 0.750000
vt 0.950000 1.950000
vt 1.125000 1.287500
vt 1.600000 0.600000
vt 0.603125 2.958594
vt 0.900000 2.850000
vt 0.626563 2.929297
vt 0.925000 3.325001
vt 1.600000 0.200000
vt 1.000000 3.400001
vt 0.600000 1.000000
vt 0.700000 1.000000
vt 0.625000 1.050000
vt 0.650000 1.100000
vt 1.125000 0.850000
vt 0.850000 1.000000
vt 1.486719 0.559375
vt 1.500000 0.400000
vt 1.518750 0.325000
vt 1.450000 0.500000
vt 1.450000 0.400000
vt 0.568750 3.200001
vt 0.650000 2.900001
vt 0.600000 3.200001
vt 0.762500 1.650000
vt 0.646875 1.837500
vt 0.704688 1.743750
vt 1.200000 0.550000
vt 1.568750 0.325000
vt 1.582422 0.570312
vt 1.564844 0.540625
vt 1.537500 0.250000
vt 0.775000 2.025000
vt 0.600000 2.100000
vt 1.547266 0.510938
vt 1.553125 0.287500
vt 1.584375 0.362500
vt 1.700000 0.300000
vt 1.512500 0.850000
vt 1.518750 0.875000
vt 1.550000 0.200000
vt 1.587500 0.200000
vt 1.500000 0.800000
vt 1.406250 0.837500
vt 1.350000 0.625000
vt 1.300000 0.650000
vt 1.162500 0.825000
vt 1.281250 0.712500
vt 1.000000 1.600000
vt 1.250000 1.125000
vt 1.700000 0.100000
vt 1.556250 0.250000
vt 0.800000 1.400000
vt 0.543750 3.300001
vt 0.584375 3.200001
vt 0.825000 2.400000
vt 0.725000 1.600000
vt 0.840625 1.350000
vt 0.784375 1.400000
vt 0.768750 1.400000
vt 0.768750 1.400000
vt 1.200000 0.700000
vt 0.925000 0.500000
vt 0.677734 1.337500
vt 1.250000 0.900000
vt 0.592188 1.400000
vt 0.589063 1.400000
vt 0.637500 1.400000
vt 0.618750 1.400000
vt 0.700000 1.600000
vt 1.200000 0.200000
vt 1.300000 0.200000
vt 1.000000 1.000000
vt 1.400000 0.600000
vt 0.575600 0.888548
vt 0.590242 0.854142
vt 0.551226 0.876854
vt 0.625685 0.956698
vt 0.536044 0.958965
vt 0.570635 0.975844
vt 0.535243 0.952764
vt 0.532560 0.859109
vt 0.762500 3.262501
vt 0.625000 3.450001
vt 0.850000 3.250000
vt 0.663867 1.218750
vt 1.137500 0.000000
vt 1.100000 0.000000
vt 0.754688 1.400000
vt 0.731250 1.400000
vt 0.721875 1.400000
vt 0.712500 1.400000
vt 0.693750 1.400000
vt 1.300000 1.800000
vt 0.654297 1.604688
vt 0.650000 1.500000
vt 0.650000 1.400000
vt 0.625000 1.400000
vt 0.656250 1.400000
vt 1.600000 0.100000
vt 1.800000 0.000000
vt 0.654688 1.400000
vt 0.592480 1.346875
vt 1.200000 1.000000
vt 1.000000 1.200000
vt 0.700000 3.600001
vt 0.550000 3.550001
vt 0.700000 3.525001
vt 0.881250 1.300000
vt 1.550000 0.050000
vt 1.537500 0.200000
vt 1.550000 0.000000
vt 1.550000 0.200000
vt 1.000000 3.450001
vt 1.550000 0.000000
vt 1.600000 0.200000
vt 1.575000 0.200000
vt 1.575000 0.200000
vt 1.600000 0.000000
vt 1.600000 0.000000
vt 1.490625 0.100000
vt 1.000000 3.600001
vt 1.000000 3.525001
vt 0.607031 1.400000
vt 0.595313 1.400000
vt 0.667188 1.618750
vt 0.601563 1.731250
vt 0.600000 1.600000
vt 0.684375 1.637500
vt 0.740625 1.400000
vt 0.175564 0.000000
vt 0.900000 3.200001
vt 0.500000 3.550001
vt 1.400000 0.000000
vt 1.165625 0.000000
vt 1.300000 0.200000
vt 1.100000 0.000000
vt 1.900000 0.400000
vt 0.500000 3.500000
vt 1.000000 1.100000
vt 1.600000 1.000000
vt 1.000000 3.750000
vt 0.656250 1.625000
vt 2.000000 0.100000
vt 0.627246 0.955874
vt 0.598370 0.975876
vt 0.639400 0.907612
vt 0.611103 0.866441
vt 0.563722 0.906791
vt 0.590011 0.976156
vt 1.562500 0.750000
vt 1.531250 0.656250
vt 1.451172 0.746094
vt 1.500000 0.812500
vt 1.451172 0.746094
vt 1.531250 0.656250
vt 1.562500 0.750000
vt 1.500000 0.812500
vt 0.750000 0.500000
vt 0.937500 0.062500
vt 0.750000 0.250000
vt 0.500000 0.250000
vt 0.500000 0.500000
vt 0.625000 0.500000
vt 1.125000 0.437500
vt 0.500000 0.750000
vt 0.625000 0.750000
vt 0.875000 0.750000
vt 0.625000 1.000000
vt 0.750000 1.000000
vt 1.083333 1.083333
vt 0.500000 1.000000
vt 0.500000 1.250000
vt 0.750000 1.312500
vt 0.500000 1.375000
vt 0.500000 1.625000
vt 0.750000 1.625000
vt 1.000000 2.000000
vt 0.875000 2.000000
vt 1.000000 1.875000
vt 0.500000 2.000000
vt 0.500000 2.250000
vt 0.750000 2.250000
vt 1.000000 2.250000
vt 0.500000 2.500000
vt 0.875000 2.500000
vt 0.875000 2.250000
vt 0.500000 3.000000
vt 0.750000 2.500000
vt 0.500000 3.500000
vt 0.687500 3.305664
vt 0.500000 3.250000
vt 1.000000 3.500000
vt 1.000000 2.937500
vt 0.750000 3.500000
vt 0.562500 3.625000
vt 0.750000 3.750000
vt 0.500000 4.000000
vt 0.687500 4.000000
vt 0.500000 3.750000
vt 0.875000 4.000000
vt 1.000000 3.750000
vt 1.875000 0.125000
vt 1.750000 0.500000
vt 2.000000 0.500000
vt 1.531250 0.125000
vt 1.500000 0.562500
vt 1.312500 0.125000
vt 1.429688 0.609375
vt 1.750000 0.750000
vt 2.000000 0.750000
vt 2.000000 1.000000
vt 1.490234 0.992187
vt 1.375000 0.750000
vt 1.250000 0.750000
vt 0.750000 1.437500
vt 1.000000 1.375000
vt 1.000000 1.500000
vt 1.578125 0.687500
vt 1.609375 0.562500
vt 1.000000 1.625000
vt 1.000000 1.750000
vt 1.578125 0.984375
vt 1.593750 0.875000
vt 1.500000 1.000000
vt 1.625000 1.000000
vt 1.500000 1.000000
vt 1.500000 0.937500
vt 1.625000 0.750000
vt 1.625000 0.937500
vt 1.671875 0.765625
vt 1.617188 0.949219
vt 1.750000 1.000000
vt 1.875000 1.000000
vt 0.750000 3.078125
vt 0.750000 2.000000
vt 1.000000 2.500000
vt 1.500000 1.000000
vt 0.500000 0.000000
vt 0.718750 0.031250
vt 0.718750 0.031250
vt 0.937500 0.062500
vt 0.750000 0.250000
vt 0.750000 0.500000
vt 0.625000 0.500000
vt 1.125000 0.437500
vt 0.625000 0.750000
vt 0.875000 0.750000
vt 0.625000 1.000000
vt 0.750000 1.000000
vt 1.083333 1.083333
vt 0.750000 1.312500
vt 0.750000 1.625000
vt 1.000000 2.000000
vt 0.875000 2.000000
vt 1.000000 1.875000
vt 0.750000 2.250000
vt 1.000000 2.250000
vt 0.875000 2.500000
vt 0.875000 2.250000
vt 0.750000 2.500000
vt 0.687500 3.305664
vt 1.000000 2.937500
vt 1.000000 3.500000
vt 0.750000 3.500000
vt 0.750000 3.750000
vt 0.687500 4.000000
vt 1.000000 3.750000
vt 0.875000 4.000000
vt 1.875000 0.125000
vt 2.000000 0.500000
vt 1.750000 0.500000
vt 1.531250 0.125000
vt 1.500000 0.562500
vt 1.429688 0.609375
vt 1.312500 0.125000
vt 1.750000 0.750000
vt 2.000000 0.750000
vt 2.000000 1.000000
vt 1.490234 0.992187
vt 1.250000 0.750000
vt 1.375000 0.750000
vt 0.750000 1.437500
vt 1.000000 1.375000
vt 1.000000 1.500000
vt 1.578125 0.687500
vt 1.609375 0.562500
vt 1.000000 1.625000
vt 1.000000 1.750000
vt 1.625000 1.000000
vt 1.593750 0.875000
vt 1.500000 1.000000
vt 1.500000 1.000000
vt 1.500000 0.937500
vt 1.625000 0.750000
vt 1.671875 0.765625
vt 1.625000 0.937500
vt 1.578125 0.984375
vt 1.617188 0.949219
vt 1.750000 1.000000
vt 1.875000 1.000000
vt 0.750000 3.078125
vt 0.750000 2.000000
vt 1.000000 2.500000
vt 1.500000 1.000000

vn -0.176218 -0.917141 0.357490
vn -0.066080 -0.952180 -0.298307
vn -0.893979 -0.424541 -0.143410
vn -0.949512 -0.261805 0.172876
vn -0.933744 -0.284479 -0.217240
vn -0.226895 -0.756846 -0.612946
vn -0.261227 -0.576065 -0.774539
vn -0.963657 -0.229974 -0.135929
vn 0.196274 0.660126 -0.725058
vn 0.518334 0.464714 -0.717893
vn 0.433670 0.263166 -0.861785
vn 0.034486 0.500525 -0.865035
vn -0.679365 0.732597 -0.042015
vn -0.601649 0.793050 0.095346
vn -0.008920 0.884901 -0.465694
vn -0.200330 0.757103 -0.621822
vn 0.792379 0.304820 -0.528414
vn 0.747660 0.069844 -0.660399
vn -0.541354 0.677007 0.498595
vn -0.782841 0.400325 0.476340
vn -0.531123 0.243428 0.811573
vn -0.243247 0.561542 0.790886
vn -0.428382 0.832240 0.351945
vn 0.299245 0.929213 -0.216833
vn -0.742988 0.637817 -0.202876
vn -0.389712 0.626097 -0.675372
vn 0.006685 0.829750 0.558095
vn 0.566996 0.814066 0.125746
vn 0.121138 0.902071 -0.414239
vn 0.121138 0.902071 -0.414239
vn 0.711863 0.665288 0.225041
vn 0.711863 0.665288 0.225041
vn -0.756385 0.179614 -0.628984
vn -0.756385 0.179614 -0.628984
vn 0.121138 0.902071 -0.414239
vn -0.370332 -0.867488 0.332142
vn -0.434898 -0.640201 -0.633251
vn -0.903886 -0.301613 -0.303346
vn -0.499912 -0.642117 0.581183
vn -0.966738 -0.065199 -0.247319
vn -0.966738 -0.065199 -0.247319
vn -0.756385 0.179614 -0.628984
vn -0.950696 -0.139983 0.276734
vn -0.950696 -0.139983 0.276734
vn -0.559324 0.073288 0.825703
vn -0.559324 0.073288 0.825703
vn -0.950696 -0.139983 0.276734
vn 0.165883 0.469759 0.867069
vn 0.165883 0.469759 0.867069
vn -0.559324 0.073288 0.825703
vn 0.604757 0.681233 0.412543
vn 0.165883 0.469759 0.867069
vn 0.604757 0.681233 0.412543
vn 0.604757 0.681233 0.412543
vn 0.711863 0.665288 0.225041
vn 0.114591 -0.893966 -0.433236
vn -0.114041 -0.852306 -0.510459
vn -0.232722 -0.877466 0.419397
vn -0.260925 -0.824409 0.502263
vn 0.883681 -0.117493 -0.453105
vn 0.933031 0.113928 -0.341283
vn 0.999798 -0.019565 0.004666
vn 0.959181 -0.281663 -0.025268
vn 0.920405 0.098795 0.378279
vn 0.332023 0.003267 0.943266
vn 0.373448 -0.157964 0.914103
vn 0.906216 -0.178912 0.383096
vn 0.677720 0.129005 -0.723916
vn 0.749350 0.341218 -0.567490
vn -0.240475 -0.058456 0.968894
vn -0.020761 0.236644 0.971375
vn 0.837520 0.473892 0.272004
vn 0.211505 0.290966 0.933062
vn 0.411810 -0.339014 0.845861
vn 0.816979 -0.394629 0.420491
vn 0.566996 0.814066 0.125746
vn 0.154978 0.704310 0.692769
vn 0.408476 -0.805732 0.428887
vn -0.072196 -0.821883 0.565063
vn -0.072196 -0.821883 0.565063
vn 0.408476 -0.805732 0.428887
vn -0.493290 -0.526897 0.692131
vn -0.493290 -0.526897 0.692131
vn -0.660533 0.158903 0.733789
vn -0.660533 0.158903 0.733789
vn -0.493290 -0.526897 0.692131
vn -0.271829 0.840014 0.469558
vn -0.271829 0.840014 0.469558
vn -0.660533 0.158903 0.733789
vn -0.271829 0.840014 0.469558
vn 0.287340 0.949732 0.124277
vn 0.287340 0.949732 0.124277
vn 0.287340 0.949732 0.124277
vn 0.433565 0.900697 -0.027694
vn 0.433565 0.900697 -0.027694
vn 0.922711 0.224027 0.313715
vn 0.922711 0.224027 0.313715
vn 0.433565 0.900697 -0.027694
vn 0.408476 -0.805732 0.428887
vn 0.922711 0.224027 0.313715
vn 0.558305 0.037318 -0.828796
vn 0.505626 0.508096 -0.697267
vn 0.677252 0.468568 -0.567251
vn 0.195005 0.525413 -0.828200
vn 0.366083 0.059282 -0.928692
vn 0.344438 0.700964 -0.624509
vn 0.607658 0.659509 -0.442492
vn -0.401714 0.864431 0.302300
vn -0.347903 0.931016 0.110331
vn -0.517706 0.787100 0.335342
vn -0.956936 -0.013015 0.290007
vn -0.756234 -0.240879 0.608349
vn -0.902802 0.107077 0.416514
vn -0.942905 0.238123 0.232868
vn 0.050561 0.792284 -0.608054
vn -0.073029 0.887084 -0.455794
vn 0.255117 0.879515 -0.401707
vn -0.046474 0.625567 -0.778785
vn 0.310318 -0.544951 -0.778929
vn 0.062328 0.032385 -0.997530
vn 0.093727 -0.627643 -0.772839
vn 0.277076 -0.750517 0.599961
vn 0.389166 -0.870951 0.299991
vn 0.166701 -0.954543 -0.247102
vn -0.132536 0.925761 0.354120
vn 0.214400 0.956847 0.196153
vn -0.006310 0.997107 0.075747
vn 0.098643 0.780024 0.617925
vn 0.635070 0.772197 0.019955
vn 0.718161 0.677235 -0.159990
vn 0.527232 0.845181 -0.087719
vn 0.015451 0.969101 -0.246180
vn 0.385342 0.909908 -0.153555
vn -0.608629 0.693168 -0.386120
vn -0.912994 0.237421 -0.331774
vn -0.631790 0.187739 -0.752061
vn -0.502707 0.363696 -0.784226
vn -0.423084 0.660825 -0.619927
vn -0.202176 -0.939272 0.277296
vn -0.456250 -0.871768 0.178484
vn -0.233239 -0.472531 -0.849891
vn 0.215635 0.633270 -0.743283
vn 0.685508 0.470960 -0.555226
vn 0.442420 0.699779 -0.560869
vn -0.933599 0.345288 0.095758
vn -0.995178 0.093827 -0.028584
vn -0.996437 0.048294 0.069151
vn -0.672371 0.453814 -0.584782
vn -0.559380 0.745439 -0.362512
vn -0.353770 0.735286 -0.578101
vn -0.851747 0.502878 -0.147109
vn 0.490327 0.798345 -0.349606
vn 0.656811 0.709751 -0.254660
vn -0.756234 -0.240879 0.608349
vn -0.778665 -0.423115 0.463309
vn -0.650386 0.739907 -0.171858
vn -0.816009 0.405299 -0.412144
vn -0.215454 0.178514 -0.960058
vn -0.536066 0.279615 -0.796523
vn -0.251451 0.934615 -0.251528
vn -0.073029 0.887084 -0.455794
vn -0.848506 0.356085 -0.391461
vn -0.718473 -0.226213 -0.657742
vn -0.373815 0.926334 -0.046550
vn -0.232404 0.966878 -0.105523
vn -0.563273 0.290528 -0.773510
vn -0.872339 0.389465 -0.295535
vn -0.572665 0.663477 -0.481511
vn -0.812265 0.565512 -0.142904
vn -0.511905 0.843382 -0.163281
vn -0.301342 0.847887 -0.436211
vn 0.450880 -0.716853 -0.531817
vn 0.439206 -0.854910 -0.276093
vn -0.097171 0.829927 -0.549344
vn -0.251451 0.934615 -0.251528
vn -0.758700 -0.343989 -0.553214
vn -0.846193 -0.136523 -0.515091
vn -0.453203 0.823383 -0.341538
vn -0.359282 -0.452647 0.816105
vn -0.296669 -0.907476 0.297446
vn 0.050561 0.792284 -0.608054
vn 0.477556 0.672048 -0.565943
vn -0.624133 0.780515 -0.035414
vn -0.640941 0.386308 0.663296
vn -0.797703 0.586554 -0.140089
vn -0.710011 0.251174 0.657872
vn 0.517453 -0.849809 -0.100331
vn 0.459532 -0.338373 -0.821178
vn -0.807689 0.512133 0.292161
vn -0.715830 0.692187 0.092007
vn -0.963657 -0.229974 -0.135929
vn -0.682210 -0.021874 0.730829
vn 0.213772 0.908403 -0.359313
vn 0.084866 0.989084 0.120457
vn -0.667826 0.716040 0.203211
vn -0.326174 0.874062 0.360036
vn -0.564105 0.194628 0.802437
vn -0.849456 0.436245 0.296840
vn -0.870459 0.488912 0.057154
vn -0.550686 0.214926 0.806568
vn 0.785308 0.589166 -0.190198
vn -0.679778 -0.716662 0.155876
vn -0.911280 -0.295168 0.287131
vn -0.847120 -0.011789 -0.531271
vn 0.392261 -0.616344 -0.682826
vn 0.382209 -0.427633 -0.819174
vn 0.460521 0.832569 -0.307814
vn -0.133310 0.890101 -0.435831
vn -0.392136 0.796796 0.459723
vn -0.351732 0.846978 0.398639
vn -0.353171 0.752477 0.555921
vn -0.089079 0.678023 0.729623
vn -0.243490 0.946802 0.210424
vn -0.323256 0.753233 0.572840
vn -0.206314 0.839370 0.502884
vn -0.323256 0.753233 0.572840
vn -0.353171 0.752477 0.555921
vn 0.056731 -0.698648 -0.713213
vn -0.028236 -0.547829 0.836114
vn -0.071188 -0.966055 0.248336
vn -0.434100 -0.807673 0.399026
vn 0.592972 0.753686 -0.283446
vn 0.363905 0.846772 0.388007
vn 0.359670 -0.931048 0.061538
vn -0.018749 -0.762167 0.647109
vn 0.358796 -0.452395 -0.816458
vn 0.710453 0.090633 -0.697884
vn -0.323576 -0.843280 -0.429159
vn -0.393954 0.638972 0.660693
vn -0.723688 0.207953 0.658051
vn -0.742528 0.156309 0.651321
vn -0.778138 0.109793 0.618422
vn -0.822981 0.205654 0.529537
vn -0.574858 -0.813226 0.090560
vn 0.951379 0.244971 0.186728
vn 0.705455 0.534415 0.465547
vn -0.190898 0.577982 0.793407
vn -0.005513 0.365241 0.930897
vn 0.479389 0.839906 0.254448
vn -0.903089 0.280810 0.324926
vn -0.574858 -0.813226 0.090560
vn -0.566975 -0.380921 -0.730369
vn 0.057896 0.952677 0.298421
vn 0.292883 0.952971 0.077889
vn -0.401714 0.864431 0.302300
vn -0.624133 0.780515 -0.035414
vn -0.933744 -0.284479 -0.217240
vn -0.893979 -0.424541 -0.143410
vn -0.949512 -0.261805 0.172876
vn 0.388110 -0.920508 0.045115
vn -0.208645 -0.977835 0.017475
vn 0.280923 -0.943058 0.178110
vn 0.506105 -0.834509 0.217836
vn -0.401714 0.864431 0.302300
vn -0.488879 -0.445282 0.750147
vn -0.637730 -0.738826 0.217799
vn -0.982387 0.114389 0.147756
vn -0.988068 0.100708 -0.116535
vn -0.637730 -0.738826 0.217799
vn -0.782986 -0.535376 0.316710
vn 0.467355 -0.781181 -0.413927
vn -0.424131 -0.610670 -0.668726
vn -0.363285 -0.176081 -0.914888
vn 0.205019 -0.910229 0.359791
vn 0.389166 -0.870951 0.299991
vn -0.849438 -0.421075 -0.318043
vn -0.253970 -0.807125 -0.532962
vn -0.849438 -0.421075 -0.318043
vn -0.539064 0.150978 -0.828623
vn 0.105912 -0.263386 -0.958859
vn 0.269690 -0.422314 -0.865401
vn -0.320988 -0.106993 -0.941020
vn -0.834145 0.549142 -0.051429
vn -0.802426 0.592327 0.072535
vn -0.585191 0.161368 0.794677
vn 0.980561 0.096201 -0.171011
vn 0.832874 0.360665 -0.419812
vn 0.992267 -0.017280 0.122913
vn 0.910427 -0.056900 -0.409738
vn 0.771938 0.327853 -0.544632
vn -0.575032 0.177610 0.798619
vn -0.066183 0.823847 0.562935
vn -0.870459 0.488912 0.057154
vn -0.585191 0.161368 0.794677
vn -0.566975 -0.380921 -0.730369
vn -0.417136 0.388811 0.821477
vn 0.465136 0.842296 0.272369
vn -0.282561 -0.837047 -0.468520
vn -0.460444 -0.842978 -0.278172
vn 0.057896 -0.997878 -0.029797
vn 0.280923 -0.943058 0.178110
vn -0.253970 -0.807125 -0.532962
vn -0.975732 0.108459 -0.190218
vn 0.702436 -0.686733 -0.187033
vn 0.031028 -0.627593 -0.777923
vn 0.506105 -0.834509 0.217836
vn 0.702436 -0.686733 -0.187033
vn 0.195005 0.525413 -0.828200
vn 0.718161 0.677235 -0.159990
vn -0.387764 -0.847517 -0.362429
vn -0.071188 -0.966055 0.248336
vn -0.549333 -0.820303 -0.159171
vn 0.213772 0.908403 -0.359313
vn 0.758629 0.581610 -0.293619
vn 0.778679 0.428761 -0.458064
vn -0.097171 0.829927 -0.549344
vn 0.269690 -0.422314 -0.865401
vn -0.778412 -0.446659 0.441101
vn -0.417136 0.388811 0.821477
vn 0.979867 -0.140878 -0.141474
vn -0.929738 0.233020 -0.285113
vn 0.062328 0.032385 -0.997530
vn -0.243490 0.946802 0.210424
vn -0.187348 0.929553 0.317541
vn -0.401714 0.864431 0.302300
vn -0.351732 0.846978 0.398639
vn -0.392136 0.796796 0.459723
vn 0.517453 -0.849809 -0.100331
vn -0.187348 0.929553 0.317541
vn -0.174225 0.054825 -0.983178
vn 0.394874 -0.528205 -0.751714
vn 0.532705 -0.624406 -0.571264
vn -0.499912 -0.642117 0.581183
vn -0.128733 -0.639088 0.758284
vn -0.370332 -0.867488 0.332142
vn 0.161306 -0.689880 0.705724
vn 0.285154 -0.589645 0.755649
vn 0.000715 -0.717508 0.696550
vn -0.595692 -0.562121 0.573734
vn 0.578368 -0.794246 0.186181
vn 0.626752 -0.716100 0.307218
vn 0.533311 -0.829635 -0.165181
vn -0.384167 -0.087139 -0.919142
vn -0.603882 0.104417 -0.790205
vn -0.278534 -0.247782 -0.927913
vn -0.001263 -0.334389 -0.942434
vn -0.630949 -0.415192 -0.655377
vn -0.384167 -0.087139 -0.919142
vn -0.232722 -0.877466 0.419397
vn -0.229205 -0.600697 0.765917
vn 0.161180 -0.420875 -0.892684
vn -0.260925 -0.824409 0.502263
vn 0.736190 -0.113153 -0.667249
vn 0.861686 0.312558 -0.399756
vn 0.944471 0.136882 -0.298726
vn 0.983558 -0.141615 -0.112070
vn 0.781361 -0.291997 -0.551555
vn 0.986614 0.157755 -0.041312
vn 0.884845 0.425040 -0.190763
vn 0.274110 0.292763 0.916053
vn 0.174315 0.201730 0.963805
vn 0.467160 0.241566 0.850534
vn -0.419549 -0.467584 0.778038
vn -0.418510 -0.302579 0.856327
vn -0.208458 -0.383137 0.899862
vn 0.973163 0.011865 0.229813
vn 0.927223 0.310989 0.208670
vn 0.901145 0.063041 0.428909
vn 0.963568 -0.228816 0.138492
vn 0.260012 -0.502397 -0.824616
vn 0.748064 -0.547672 -0.374774
vn 0.154520 -0.679067 -0.717629
vn -0.869876 0.219677 -0.441653
vn -0.423573 -0.455235 -0.783165
vn -0.711763 0.060311 -0.699826
vn 0.335154 0.530148 0.778855
vn 0.608553 0.477002 0.634139
vn 0.542592 0.679233 0.494203
vn 0.737729 0.667124 0.103444
vn 0.824710 0.284558 0.488753
vn 0.797731 0.561073 0.220959
vn 0.608270 -0.336193 0.719015
vn 0.528387 -0.793642 0.301562
vn 0.201159 -0.705028 0.680051
vn 0.793366 -0.368157 0.484801
vn 0.696024 -0.650296 0.304410
vn -0.866806 -0.377069 -0.326292
vn 0.243374 -0.875692 -0.417052
vn -0.805235 -0.576566 -0.138450
vn 0.999061 -0.029419 -0.031809
vn 0.856437 0.326373 -0.399995
vn 0.961160 0.260983 -0.089771
vn -0.037074 -0.413072 0.909944
vn 0.577352 -0.603313 0.550162
vn 0.827791 -0.264184 0.494943
vn 0.636676 -0.266291 0.723694
vn 0.258938 -0.436638 0.861567
vn 0.885939 0.463701 0.009670
vn 0.794459 0.593317 -0.129655
vn 0.477316 -0.214005 0.852274
vn 0.391054 -0.615743 0.684060
vn 0.641725 -0.716664 0.273096
vn 0.759511 -0.646199 -0.074638
vn 0.748801 0.088514 0.656857
vn 0.901145 0.063041 0.428909
vn 0.336579 -0.646365 0.684782
vn 0.166829 -0.975079 0.146250
vn 0.570701 0.127379 0.811218
vn 0.669944 0.203592 0.713951
vn 0.664349 -0.382900 0.641894
vn 0.306043 -0.380452 0.872694
vn 0.569550 -0.071408 0.818849
vn 0.812481 -0.094283 0.575314
vn 0.924834 -0.034576 0.378796
vn 0.748801 0.088514 0.656857
vn 0.005099 -0.990077 0.140435
vn 0.097401 -0.934697 0.341840
vn 0.696171 -0.148860 0.702273
vn -0.961388 0.056667 0.269298
vn -0.880135 -0.413929 -0.232433
vn 0.973163 0.011865 0.229813
vn 0.953793 0.269204 -0.133445
vn 0.412388 -0.096265 0.905908
vn 0.321140 -0.359863 0.875995
vn -0.353304 0.143000 0.924515
vn -0.454113 0.034713 0.890267
vn 0.242953 -0.118837 0.962731
vn -0.039610 -0.137577 0.989699
vn 0.590635 0.561260 0.579774
vn 0.907357 0.321706 0.270569
vn 0.189535 -0.009192 0.981831
vn 0.255310 0.382191 0.888114
vn -0.102376 -0.195700 0.975305
vn 0.099608 -0.331655 0.938127
vn 0.695388 0.665229 -0.271856
vn -0.733316 -0.671375 0.107255
vn 0.191841 -0.890636 0.412268
vn 0.872510 0.484072 0.066336
vn 0.876061 0.036286 0.480833
vn 0.118548 0.364817 0.923501
vn 0.204234 0.376696 0.903542
vn 0.028536 0.429597 0.902570
vn 0.428313 0.378534 0.820524
vn 0.023304 0.460081 0.887571
vn 0.155559 0.533265 0.831523
vn 0.023304 0.460081 0.887571
vn 0.028536 0.429597 0.902570
vn -0.968676 0.247679 -0.017954
vn -0.836077 -0.319043 -0.446304
vn -0.915527 -0.400439 -0.038188
vn 0.830722 0.552576 -0.067532
vn -0.587564 -0.129790 -0.798701
vn -0.974264 0.046093 -0.220649
vn -0.130645 0.416241 0.899820
vn -0.485935 0.006840 0.873968
vn -0.519523 -0.032328 0.853845
vn -0.534552 -0.096254 0.839636
vn -0.416697 -0.138021 0.898507
vn -0.728607 -0.683172 -0.049067
vn 0.231978 0.853505 -0.466600
vn 0.173081 0.984744 -0.017931
vn -0.222969 0.605108 0.764283
vn -0.423525 0.718832 0.551278
vn -0.237382 -0.282304 0.929491
vn -0.728607 -0.683172 -0.049067
vn 0.147945 -0.985664 -0.081110
vn 0.433407 0.635036 0.639443
vn 0.641261 0.658281 0.394272
vn 0.274110 0.292763 0.916053
vn 0.412388 -0.096265 0.905908
vn -0.562754 -0.116182 -0.818419
vn -0.695661 -0.116977 -0.708782
vn -0.708091 -0.555359 -0.436100
vn 0.274110 0.292763 0.916053
vn -0.936887 -0.066318 0.343285
vn -0.238404 -0.514938 0.823409
vn -0.783407 -0.615600 0.085498
vn -0.059756 -0.684541 0.726521
vn -0.783407 -0.615600 0.085498
vn -0.749532 -0.563674 0.347093
vn -0.124892 -0.280206 -0.951781
vn 0.459620 -0.872165 -0.167562
vn -0.018760 -0.953571 -0.300583
vn -0.819845 -0.043306 -0.570946
vn -0.711763 0.060311 -0.699826
vn -0.233688 -0.941931 0.241154
vn -0.210473 -0.843919 -0.493460
vn -0.233688 -0.941931 0.241154
vn 0.225080 -0.346845 0.910515
vn 0.171953 -0.231889 0.957424
vn 0.394892 0.591612 -0.702891
vn 0.717504 0.458256 -0.524585
vn 0.111649 0.727625 -0.676828
vn 0.448704 0.333667 -0.829054
vn 0.132088 0.656131 0.742997
vn 0.099608 -0.331655 0.938127
vn 0.147945 -0.985664 -0.081110
vn -0.695661 -0.116977 -0.708782
vn -0.210473 -0.843919 -0.493460
vn -0.174225 0.054825 -0.983178
vn 0.144853 -0.723874 -0.674554
vn -0.603882 0.104417 -0.790205
vn 0.983558 -0.141615 -0.112070
vn -0.836077 -0.319043 -0.446304
vn 0.907357 0.321706 0.270569
vn 0.924834 -0.034576 0.378796
vn 0.394874 -0.528205 -0.751714
vn 0.215735 0.505493 -0.835425
vn 0.748064 -0.547672 -0.374774
vn 0.428313 0.378534 0.820524
vn 0.352177 0.473176 0.807512
vn 0.274110 0.292763 0.916053
vn 0.204234 0.376696 0.903542
vn 0.118548 0.364817 0.923501
vn 0.352177 0.473176 0.807512
vn -0.205642 0.502025 -0.840049
vn -0.118226 0.325479 -0.938129
vn -0.896754 -0.240694 -0.371346
vn -0.849888 0.224706 -0.476653
vn -0.130845 -0.938310 0.320085
vn 0.826706 -0.543149 -0.146787
vn 0.958057 -0.275709 0.078179
vn 0.234967 -0.736410 0.634421
vn -0.869481 -0.238674 -0.432479
vn -0.692989 -0.348551 -0.631094
vn -0.630934 -0.588799 -0.505211
vn -0.474760 -0.840736 -0.260318
vn -0.644899 -0.764266 -0.001744
vn -0.849174 -0.475348 -0.230105
vn -0.887580 -0.045399 -0.458410
vn -0.656036 0.033912 0.753968
vn -0.943014 0.215419 0.253613
vn -0.667570 0.678521 0.306528
vn 0.306775 0.719129 0.623492
vn 0.495801 0.574347 0.651389
vn 0.433023 0.642467 0.632240
vn 0.301845 0.840301 0.450315
vn 0.491284 0.837529 0.239135
vn 0.689108 0.344510 0.637529
vn -0.114753 0.660738 0.741793
vn -0.617207 0.107189 0.779465
vn -0.115443 -0.061418 0.991414
vn -0.245986 0.254078 0.935380
vn -0.288136 0.362714 0.886237
vn -0.123564 0.135300 0.983070
vn -0.212419 0.587337 0.780969
vn 0.569950 0.811592 0.128356
vn 0.403200 0.915059 0.009807
vn -0.369511 0.928282 0.041888
vn 0.772850 0.335059 -0.538923
vn 0.118851 0.528277 -0.840713
vn 0.055469 0.997675 -0.039590
vn 0.647606 -0.050663 -0.760289
vn 0.488540 0.426108 -0.761420
vn 0.202399 -0.595443 -0.777485
vn 0.013086 -0.290373 -0.956824
vn 0.433549 -0.369740 -0.821783
vn -0.468375 -0.021839 -0.883260
vn -0.168988 0.098921 -0.980641
vn -0.284106 -0.421631 -0.861110
vn -0.068493 -0.766526 -0.638550
vn -0.474323 -0.542482 -0.693348
vn -0.336144 -0.844658 -0.416606
vn -0.518451 -0.623784 -0.584895
vn -0.263280 -0.833241 -0.486203
vn -0.692989 -0.348551 -0.631094
vn -0.624482 -0.252341 -0.739152
vn -0.168988 0.098921 -0.980641
vn -0.537508 0.433942 -0.723035
vn -0.320093 0.589463 -0.741670
vn -0.468375 -0.021839 -0.883260
vn -0.495969 0.042493 -0.867300
vn -0.624482 -0.252341 -0.739152
vn -0.769919 -0.273728 -0.576453
vn -0.648849 0.756227 0.084351
vn -0.369511 0.928282 0.041888
vn -0.245986 0.254078 0.935380
vn -0.559150 0.454337 0.693491
vn -0.973210 -0.149374 -0.174783
vn -0.676047 0.720017 0.156640
vn 0.374600 0.116144 0.919883
vn -0.559150 0.454337 0.693491
vn 0.439468 0.567490 0.696292
vn -0.014931 0.786627 -0.617248
vn -0.625551 0.507362 -0.592680
vn 0.321912 0.538001 0.779056
vn 0.096058 0.246699 0.964320
vn 0.538818 0.291316 0.790449
vn 0.773469 0.630091 -0.068778
vn 0.469187 0.315827 0.824692
vn -0.172292 0.863425 -0.474145
vn -0.837136 0.473821 0.273307
vn -0.737679 -0.019284 0.674876
vn 0.346447 0.751158 0.561904
vn 0.321912 0.538001 0.779056
vn -0.463501 0.773525 0.432233
vn 0.296410 0.643550 0.705680
vn 0.096058 0.246699 0.964320
vn -0.123564 0.135300 0.983070
vn 0.296154 0.023553 -0.954850
vn -0.319338 0.340613 0.884311
vn -0.320093 0.589463 -0.741670
vn 0.439468 0.567490 0.696292
vn -0.336144 -0.844658 -0.416606
vn -0.518451 -0.623784 -0.584895
vn -0.107492 -0.971410 -0.211679
vn 0.071719 -0.995409 0.063381
vn -0.165089 -0.982851 -0.082151
vn -0.034652 -0.944846 0.325676
vn -0.332652 -0.912267 0.238979
vn 0.108757 -0.888189 0.446421
vn -0.238434 -0.380576 0.893483
vn 0.090732 0.037082 0.995185
vn 0.098373 0.895415 0.434228
vn 0.022206 0.974955 0.221291
vn 0.069665 0.951266 0.300400
vn -0.078320 0.995090 -0.060515
vn -0.774323 0.495921 0.393047
vn -0.551908 0.512854 0.657555
vn -0.453383 0.502498 0.736165
vn -0.639074 0.571364 0.514905
vn 0.688155 0.674019 0.268591
vn 0.509681 0.184584 0.840330
vn 0.978215 -0.198649 -0.060275
vn 0.704539 0.448634 0.549866
vn 0.932105 0.050902 -0.358594
vn 0.493536 -0.696779 -0.520501
vn 0.731103 -0.662456 -0.163218
vn 0.517376 -0.855675 0.011957
vn 0.274476 -0.894129 -0.353831
vn 0.033584 -0.972115 -0.232088
vn -0.107492 -0.971410 -0.211679
vn 0.227627 -0.973130 0.034696
vn 0.071719 -0.995409 0.063381
vn 0.731103 -0.662456 -0.163218
vn 0.854791 -0.404358 0.325309
vn 0.691652 -0.605791 0.393235
vn 0.517376 -0.855675 0.011957
vn 0.542880 -0.836478 0.074736
vn 0.065650 -0.981102 0.182014
vn 0.227627 -0.973130 0.034696
vn 0.305321 -0.050896 0.950888
vn 0.509681 0.184584 0.840330
vn -0.551908 0.512854 0.657555
vn -0.313009 0.246103 0.917310
vn 0.223189 -0.041281 0.973901
vn -0.182372 -0.818914 0.544169
vn -0.501465 0.856021 0.125539
vn -0.313009 0.246103 0.917310
vn -0.026618 0.961440 0.273724
vn 0.971097 0.025477 0.237321
vn 0.628619 -0.553527 0.546302
vn -0.131926 0.920288 0.368329
vn -0.504768 0.754931 0.418674
vn 0.851385 0.178197 0.493346
vn 0.557895 0.804258 -0.204748
vn -0.278598 0.949070 0.147136
vn -0.115443 -0.061418 0.991414
vn -0.708800 -0.037279 0.704424
vn 0.171686 0.899288 0.402250
vn 0.107525 0.290502 0.950814
vn -0.131926 0.920288 0.368329
vn -0.257154 0.964015 0.067431
vn -0.014108 0.905740 0.423599
vn -0.504768 0.754931 0.418674
vn -0.639074 0.571364 0.514905
vn 0.761396 -0.369991 -0.532337
vn -0.473363 0.470902 0.744432
vn 0.854791 -0.404358 0.325309
vn -0.026618 0.961440 0.273724

g polygon18
s 1
usemtl mat13
f 1739/1739/1739 1740/1740/1740 1741/1741/1741
f 1742/1742/1742 1739/1739/1739 1741/1741/1741
f 1743/1743/1743 1744/1744/1744 1745/1745/1745
f 1746/1746/1746 1743/1743/1743 1745/1745/1745
f 1747/1747/1747 1748/1748/1748 1749/1749/1749
f 1750/1750/1750 1747/1747/1747 1749/1749/1749
f 1751/1751/1751 1752/1752/1752 1753/1753/1753
f 1754/1754/1754 1751/1751/1751 1753/1753/1753
f 1748/1748/1748 1755/1755/1755 1756/1756/1756
f 1749/1749/1749 1748/1748/1748 1756/1756/1756
f 1757/1757/1757 1758/1758/1758 1759/1759/1759
f 1760/1760/1760 1757/1757/1757 1759/1759/1759
f 1752/1752/1752 1761/1761/1761 1762/1762/1762
f 1753/1753/1753 1752/1752/1752 1762/1762/1762
f 1763/1763/1763 1751/1751/1751 1754/1754/1754
f 1764/1764/1764 1763/1763/1763 1754/1754/1754
f 1761/1761/1761 1765/1765/1765 1766/1766/1766
f 1762/1762/1762 1761/1761/1761 1766/1766/1766
f 1740/1740/1740 1744/1744/1744 1743/1743/1743
f 1741/1741/1741 1740/1740/1740 1743/1743/1743
f 1767/1767/1767 1768/1768/1768 1769/1769/1769
f 1770/1770/1770 1767/1767/1767 1769/1769/1769
f 1771/1771/1771 1772/1772/1772 1768/1768/1768
f 1773/1773/1773 1771/1771/1771 1768/1768/1768
f 1774/1774/1774 1775/1775/1775 1776/1776/1776
f 1777/1777/1777 1774/1774/1774 1776/1776/1776
f 1778/1778/1778 1779/1779/1779 1772/1772/1772
f 1780/1780/1780 1778/1778/1778 1772/1772/1772
f 1781/1781/1781 1779/1779/1779 1778/1778/1778
f 1782/1782/1782 1781/1781/1781 1778/1778/1778
f 1783/1783/1783 1784/1784/1784 1781/1781/1781
f 1785/1785/1785 1783/1783/1783 1781/1781/1781
f 1786/1786/1786 1787/1787/1787 1784/1784/1784
f 1788/1788/1788 1786/1786/1786 1784/1784/1784
f 1789/1789/1789 1787/1787/1787 1790/1790/1790
f 1791/1791/1791 1789/1789/1789 1790/1790/1790
f 1769/1769/1769 1789/1789/1789 1792/1792/1792
f 1793/1793/1793 1769/1769/1769 1792/1792/1792
f 1794/1794/1794 1795/1795/1795 1796/1796/1796
f 1797/1797/1797 1794/1794/1794 1796/1796/1796
f 1798/1798/1798 1799/1799/1799 1800/1800/1800
f 1801/1801/1801 1798/1798/1798 1800/1800/1800
f 1802/1802/1802 1803/1803/1803 1804/1804/1804
f 1805/1805/1805 1802/1802/1802 1804/1804/1804
f 1806/1806/1806 1807/1807/1807 1799/1799/1799
f 1798/1798/1798 1806/1806/1806 1799/1799/1799
f 1759/1759/1759 1808/1808/1808 1809/1809/1809
f 1760/1760/1760 1759/1759/1759 1809/1809/1809
f 1810/1810/1810 1811/1811/1811 1803/1803/1803
f 1802/1802/1802 1810/1810/1810 1803/1803/1803
f 1805/1805/1805 1804/1804/1804 1812/1812/1812
f 1813/1813/1813 1805/1805/1805 1812/1812/1812
f 1814/1814/1814 1815/1815/1815 1811/1811/1811
f 1810/1810/1810 1814/1814/1814 1811/1811/1811
f 1796/1796/1796 1795/1795/1795 1775/1775/1775
f 1774/1774/1774 1796/1796/1796 1775/1775/1775
f 1816/1816/1816 1817/1817/1817 1818/1818/1818
f 1819/1819/1819 1816/1816/1816 1818/1818/1818
f 1818/1818/1818 1817/1817/1817 1820/1820/1820
f 1821/1821/1821 1818/1818/1818 1820/1820/1820
f 1820/1820/1820 1822/1822/1822 1823/1823/1823
f 1824/1824/1824 1820/1820/1820 1823/1823/1823
f 1822/1822/1822 1825/1825/1825 1826/1826/1826
f 1827/1827/1827 1822/1822/1822 1826/1826/1826
f 1828/1828/1828 1825/1825/1825 1829/1829/1829
f 1830/1830/1830 1828/1828/1828 1829/1829/1829
f 1831/1831/1831 1829/1829/1829 1832/1832/1832
f 1833/1833/1833 1831/1831/1831 1832/1832/1832
f 1832/1832/1832 1834/1834/1834 1835/1835/1835
f 1836/1836/1836 1832/1832/1832 1835/1835/1835
f 1834/1834/1834 1816/1816/1816 1837/1837/1837
f 1838/1838/1838 1834/1834/1834 1837/1837/1837
f 1839/1839/1839 1840/1840/1840 1841/1841/1841
f 1842/1842/1842 1840/1840/1840 1843/1843/1843
f 1844/1844/1844 1845/1845/1845 1840/1840/1840
f 1844/1844/1844 1840/1840/1840 1842/1842/1842
f 1846/1846/1846 1847/1847/1847 1848/1848/1848
f 1849/1849/1849 1850/1850/1850 1851/1851/1851
f 1852/1852/1852 1849/1849/1849 1851/1851/1851
f 1853/1853/1853 1854/1854/1854 1855/1855/1855
f 1842/1842/1842 1856/1856/1856 1844/1844/1844
f 1843/1843/1843 1839/1839/1839 1857/1857/1857
f 1858/1858/1858 1843/1843/1843 1859/1859/1859
f 1860/1860/1860 1861/1861/1861 1862/1862/1862
f 1863/1863/1863 1864/1864/1864 1865/1865/1865
f 1864/1864/1864 1863/1863/1863 1866/1866/1866
f 1867/1867/1867 1868/1868/1868 1869/1869/1869
f 1870/1870/1870 1865/1865/1865 1871/1871/1871
f 1864/1864/1864 1871/1871/1871 1865/1865/1865
f 1872/1872/1872 1873/1873/1873 1874/1874/1874
f 1874/1874/1874 1875/1875/1875 1876/1876/1876
f 1877/1877/1877 1859/1859/1859 1857/1857/1857
f 1859/1859/1859 1878/1878/1878 1879/1879/1879
f 1880/1880/1880 1750/1750/1750 1749/1749/1749
f 1881/1881/1881 1882/1882/1882 1749/1749/1749
f 1883/1883/1883 1884/1884/1884 1885/1885/1885
f 1886/1886/1886 1887/1887/1887 1888/1888/1888
f 1872/1872/1872 1889/1889/1889 1873/1873/1873
f 1882/1882/1882 1881/1881/1881 1890/1890/1890
f 1855/1855/1855 1882/1882/1882 1890/1890/1890
f 1855/1855/1855 1890/1890/1890 1844/1844/1844
f 1890/1890/1890 1891/1891/1891 1845/1845/1845
f 1892/1892/1892 1849/1849/1849 1893/1893/1893
f 1894/1894/1894 1887/1887/1887 1895/1895/1895
f 1856/1856/1856 1896/1896/1896 1897/1897/1897
f 1853/1853/1853 1856/1856/1856 1888/1888/1888
f 1898/1898/1898 1899/1899/1899 1888/1888/1888
f 1900/1900/1900 1895/1895/1895 1901/1901/1901
f 1889/1889/1889 1894/1894/1894 1895/1895/1895
f 1902/1902/1902 1894/1894/1894 1903/1903/1903
f 1904/1904/1904 1905/1905/1905 1875/1875/1875
f 1906/1906/1906 1905/1905/1905 1907/1907/1907
f 1906/1906/1906 1876/1876/1876 1875/1875/1875
f 1908/1908/1908 1909/1909/1909 1906/1906/1906
f 1744/1744/1744 1740/1740/1740 1910/1910/1910
f 1911/1911/1911 1910/1910/1910 1740/1740/1740
f 1907/1907/1907 1908/1908/1908 1906/1906/1906
f 1909/1909/1909 1908/1908/1908 1870/1870/1870
f 1912/1912/1912 1854/1854/1854 1913/1913/1913
f 1914/1914/1914 1915/1915/1915 1897/1897/1897
f 1886/1886/1886 1888/1888/1888 1897/1897/1897
f 1887/1887/1887 1898/1898/1898 1888/1888/1888
f 1912/1912/1912 1913/1913/1913 1916/1916/1916
f 1917/1917/1917 1878/1878/1878 1918/1918/1918
f 1859/1859/1859 1918/1918/1918 1878/1878/1878
f 1879/1879/1879 1858/1858/1858 1859/1859/1859
f 1843/1843/1843 1858/1858/1858 1842/1842/1842
f 1919/1919/1919 1855/1855/1855 1844/1844/1844
f 1855/1855/1855 1880/1880/1880 1882/1882/1882
f 1880/1880/1880 1749/1749/1749 1882/1882/1882
f 1748/1748/1748 1747/1747/1747 1920/1920/1920
f 1921/1921/1921 1922/1922/1922 1923/1923/1923
f 1923/1923/1923 1922/1922/1922 1924/1924/1924
f 1925/1925/1925 1926/1926/1926 1910/1910/1910
f 1883/1883/1883 1927/1927/1927 1928/1928/1928
f 1893/1893/1893 1849/1849/1849 1929/1929/1929
f 1852/1852/1852 1851/1851/1851 1758/1758/1758
f 1883/1883/1883 1852/1852/1852 1927/1927/1927
f 1928/1928/1928 1907/1907/1907 1883/1883/1883
f 1758/1758/1758 1851/1851/1851 1930/1930/1930
f 1903/1903/1903 1931/1931/1931 1932/1932/1932
f 1933/1933/1933 1934/1934/1934 1935/1935/1935
f 1936/1936/1936 1937/1937/1937 1938/1938/1938
f 1902/1902/1902 1898/1898/1898 1887/1887/1887
f 1901/1901/1901 1895/1895/1895 1915/1915/1915
f 1895/1895/1895 1886/1886/1886 1915/1915/1915
f 1887/1887/1887 1886/1886/1886 1895/1895/1895
f 1887/1887/1887 1894/1894/1894 1902/1902/1902
f 1902/1902/1902 1916/1916/1916 1913/1913/1913
f 1884/1884/1884 1883/1883/1883 1907/1907/1907
f 1908/1908/1908 1907/1907/1907 1928/1928/1928
f 1908/1908/1908 1847/1847/1847 1870/1870/1870
f 1870/1870/1870 1847/1847/1847 1865/1865/1865
f 1939/1939/1939 1920/1920/1920 1762/1762/1762
f 1940/1940/1940 1941/1941/1941 1942/1942/1942
f 1745/1745/1745 1943/1943/1943 1944/1944/1944
f 1929/1929/1929 1849/1849/1849 1885/1885/1885
f 1945/1945/1945 1931/1931/1931 1870/1870/1870
f 1946/1946/1946 1909/1909/1909 1870/1870/1870
f 1870/1870/1870 1931/1931/1931 1946/1946/1946
f 1947/1947/1947 1948/1948/1948 1848/1848/1848
f 1928/1928/1928 1848/1848/1848 1847/1847/1847
f 1758/1758/1758 1757/1757/1757 1927/1927/1927
f 1949/1949/1949 1757/1757/1757 1760/1760/1760
f 1949/1949/1949 1760/1760/1760 1950/1950/1950
f 1863/1863/1863 1865/1865/1865 1951/1951/1951
f 1952/1952/1952 1950/1950/1950 1953/1953/1953
f 1954/1954/1954 1955/1955/1955 1950/1950/1950
f 1926/1926/1926 1925/1925/1925 1956/1956/1956
f 1957/1957/1957 1917/1917/1917 1958/1958/1958
f 1860/1860/1860 1959/1959/1959 1957/1957/1957
f 1960/1960/1960 1869/1869/1869 1868/1868/1868
f 1869/1869/1869 1960/1960/1960 1871/1871/1871
f 1960/1960/1960 1868/1868/1868 1961/1961/1961
f 1962/1962/1962 1963/1963/1963 1940/1940/1940
f 1839/1839/1839 1964/1964/1964 1857/1857/1857
f 1839/1839/1839 1965/1965/1965 1964/1964/1964
f 1857/1857/1857 1964/1964/1964 1966/1966/1966
f 1941/1941/1941 1963/1963/1963 1742/1742/1742
f 1921/1921/1921 1967/1967/1967 1922/1922/1922
f 1923/1923/1923 1924/1924/1924 1763/1763/1763
f 1751/1751/1751 1763/1763/1763 1968/1968/1968
f 1752/1752/1752 1751/1751/1751 1969/1969/1969
f 1761/1761/1761 1752/1752/1752 1970/1970/1970
f 1761/1761/1761 1971/1971/1971 1765/1765/1765
f 1901/1901/1901 1915/1915/1915 1972/1972/1972
f 1915/1915/1915 1914/1914/1914 1972/1972/1972
f 1973/1973/1973 1939/1939/1939 1974/1974/1974
f 1975/1975/1975 1974/1974/1974 1765/1765/1765
f 1974/1974/1974 1976/1976/1976 1977/1977/1977
f 1971/1971/1971 1978/1978/1978 1975/1975/1975
f 1958/1958/1958 1861/1861/1861 1860/1860/1860
f 1860/1860/1860 1972/1972/1972 1959/1959/1959
f 1862/1862/1862 1901/1901/1901 1979/1979/1979
f 1914/1914/1914 1980/1980/1980 1959/1959/1959
f 1981/1981/1981 1932/1932/1932 1982/1982/1982
f 1983/1983/1983 1984/1984/1984 1902/1902/1902
f 1903/1903/1903 1872/1872/1872 1946/1946/1946
f 1985/1985/1985 1884/1884/1884 1986/1986/1986
f 1905/1905/1905 1987/1987/1987 1884/1884/1884
f 1988/1988/1988 1989/1989/1989 1990/1990/1990
f 1876/1876/1876 1946/1946/1946 1872/1872/1872
f 1872/1872/1872 1894/1894/1894 1889/1889/1889
f 1911/1911/1911 1740/1740/1740 1991/1991/1991
f 1902/1902/1902 1984/1984/1984 1916/1916/1916
f 1903/1903/1903 1983/1983/1983 1902/1902/1902
f 1992/1992/1992 1967/1967/1967 1921/1921/1921
f 1900/1900/1900 1889/1889/1889 1895/1895/1895
f 1993/1993/1993 1994/1994/1994 1995/1995/1995
f 1995/1995/1995 1900/1900/1900 1996/1996/1996
f 1989/1989/1989 1997/1997/1997 1861/1861/1861
f 1998/1998/1998 1993/1993/1993 1996/1996/1996
f 1999/1999/1999 2000/2000/2000 2001/2001/2001
f 2002/2002/2002 1999/1999/1999 2003/2003/2003
f 1993/1993/1993 2002/2002/2002 2003/2003/2003
f 2001/2001/2001 1996/1996/1996 1900/1900/1900
f 2003/2003/2003 1999/1999/1999 1862/1862/1862
f 1862/1862/1862 1999/1999/1999 2001/2001/2001
f 1903/1903/1903 1946/1946/1946 1931/1931/1931
f 1903/1903/1903 1894/1894/1894 1872/1872/1872
f 1905/1905/1905 1884/1884/1884 1907/1907/1907
f 2004/2004/2004 1873/1873/1873 1995/1995/1995
f 1900/1900/1900 1995/1995/1995 1889/1889/1889
f 2005/2005/2005 2006/2006/2006 1989/1989/1989
f 1925/1925/1925 1991/1991/1991 1988/1988/1988
f 1942/1942/1942 2007/2007/2007 2008/2008/2008
f 2007/2007/2007 2009/2009/2009 2008/2008/2008
f 1874/1874/1874 2004/2004/2004 2010/2010/2010
f 1764/1764/1764 1912/1912/1912 1916/1916/1916
f 1920/1920/1920 1747/1747/1747 1753/1753/1753
f 1747/1747/1747 1754/1754/1754 1753/1753/1753
f 1976/1976/1976 1975/1975/1975 1978/1978/1978
f 2011/2011/2011 2012/2012/2012 2013/2013/2013
f 1973/1973/1973 2014/2014/2014 1939/1939/1939
f 2015/2015/2015 1881/1881/1881 1756/1756/1756
f 1973/1973/1973 2016/2016/2016 2014/2014/2014
f 2017/2017/2017 1756/1756/1756 1755/1755/1755
f 2014/2014/2014 2017/2017/2017 1755/1755/1755
f 2017/2017/2017 2018/2018/2018 2015/2015/2015
f 1747/1747/1747 1750/1750/1750 1754/1754/1754
f 1751/1751/1751 1968/1968/1968 1969/1969/1969
f 2019/2019/2019 1933/1933/1933 1935/1935/1935
f 1974/1974/1974 1975/1975/1975 1976/1976/1976
f 1976/1976/1976 1978/1978/1978 1936/1936/1936
f 1992/1992/1992 2020/2020/2020 1967/1967/1967
f 1932/1932/1932 1981/1981/1981 2020/2020/2020
f 2021/2021/2021 2022/2022/2022 1938/1938/1938
f 2023/2023/2023 1896/1896/1896 1879/1879/1879
f 2012/2012/2012 1933/1933/1933 2019/2019/2019
f 1971/1971/1971 1975/1975/1975 1765/1765/1765
f 2024/2024/2024 1936/1936/1936 1938/1938/1938
f 1945/1945/1945 1871/1871/1871 1960/1960/1960
f 1905/1905/1905 1906/1906/1906 1875/1875/1875
f 2025/2025/2025 1864/1864/1864 1866/1866/1866
f 2026/2026/2026 1746/1746/1746 1745/1745/1745
f 1901/1901/1901 1862/1862/1862 2001/2001/2001
f 1897/1897/1897 1915/1915/1915 1886/1886/1886
f 1995/1995/1995 1873/1873/1873 1889/1889/1889
f 1993/1993/1993 1995/1995/1995 1996/1996/1996
f 2000/2000/2000 1996/1996/1996 2001/2001/2001
f 1901/1901/1901 2001/2001/2001 1900/1900/1900
f 1993/1993/1993 1998/1998/1998 2002/2002/2002
f 2002/2002/2002 2000/2000/2000 1999/1999/1999
f 2000/2000/2000 1998/1998/1998 1996/1996/1996
f 2027/2027/2027 2028/2028/2028 2029/2029/2029
f 1925/1925/1925 1988/1988/1988 1990/1990/1990
f 1988/1988/1988 2005/2005/2005 1989/1989/1989
f 2030/2030/2030 2010/2010/2010 2004/2004/2004
f 2010/2010/2010 1904/1904/1904 1875/1875/1875
f 1979/1979/1979 1860/1860/1860 1862/1862/1862
f 1994/1994/1994 1993/1993/1993 2003/2003/2003
f 1989/1989/1989 2006/2006/2006 1997/1997/1997
f 1874/1874/1874 1873/1873/1873 2004/2004/2004
f 2004/2004/2004 1995/1995/1995 1994/1994/1994
f 2009/2009/2009 2007/2007/2007 2010/2010/2010
f 1942/1942/1942 1941/1941/1941 2031/2031/2031
f 1963/1963/1963 1739/1739/1739 1742/1742/1742
f 1963/1963/1963 1962/1962/1962 2032/2032/2032
f 1962/1962/1962 2033/2033/2033 2032/2032/2032
f 2032/2032/2032 2033/2033/2033 2008/2008/2008
f 2033/2033/2033 1942/1942/1942 2008/2008/2008
f 2033/2033/2033 1940/1940/1940 1942/1942/1942
f 1963/1963/1963 1941/1941/1941 1940/1940/1940
f 2034/2034/2034 1963/1963/1963 2032/2032/2032
f 2030/2030/2030 2009/2009/2009 2010/2010/2010
f 1963/1963/1963 2034/2034/2034 1739/1739/1739
f 2031/2031/2031 2007/2007/2007 1942/1942/1942
f 1988/1988/1988 2035/2035/2035 2009/2009/2009
f 2010/2010/2010 1875/1875/1875 1874/1874/1874
f 1962/1962/1962 1940/1940/1940 2033/2033/2033
f 1856/1856/1856 2036/2036/2036 1896/1896/1896
f 2015/2015/2015 2037/2037/2037 1891/1891/1891
f 2015/2015/2015 1756/1756/1756 2017/2017/2017
f 1973/1973/1973 1974/1974/1974 1977/1977/1977
f 2027/2027/2027 2038/2038/2038 2028/2028/2028
f 2039/2039/2039 2040/2040/2040 2027/2027/2027
f 1957/1957/1957 1878/1878/1878 1917/1917/1917
f 1957/1957/1957 1959/1959/1959 1878/1878/1878
f 1877/1877/1877 1917/1917/1917 1918/1918/1918
f 1932/1932/1932 2041/2041/2041 1945/1945/1945
f 2023/2023/2023 1879/1879/1879 1878/1878/1878
f 1756/1756/1756 1881/1881/1881 1749/1749/1749
f 1755/1755/1755 1920/1920/1920 1939/1939/1939
f 1980/1980/1980 1897/1897/1897 1896/1896/1896
f 1859/1859/1859 1843/1843/1843 1857/1857/1857
f 1841/1841/1841 2042/2042/2042 2043/2043/2043
f 2044/2044/2044 1880/1880/1880 1855/1855/1855
f 1891/1891/1891 1881/1881/1881 2015/2015/2015
f 1881/1881/1881 1891/1891/1891 1890/1890/1890
f 1891/1891/1891 2042/2042/2042 1845/1845/1845
f 1927/1927/1927 1852/1852/1852 1758/1758/1758
f 2025/2025/2025 1869/1869/1869 1864/1864/1864
f 2025/2025/2025 1867/1867/1867 1869/1869/1869
f 1912/1912/1912 1750/1750/1750 1880/1880/1880
f 1750/1750/1750 1764/1764/1764 1754/1754/1754
f 1988/1988/1988 2045/2045/2045 2005/2005/2005
f 1897/1897/1897 1980/1980/1980 1914/1914/1914
f 2046/2046/2046 1877/1877/1877 1966/1966/1966
f 2046/2046/2046 1917/1917/1917 1877/1877/1877
f 2042/2042/2042 1841/1841/1841 1845/1845/1845
f 1965/1965/1965 1839/1839/1839 1841/1841/1841
f 1857/1857/1857 1966/1966/1966 1877/1877/1877
f 1877/1877/1877 1918/1918/1918 1859/1859/1859
f 1992/1992/1992 1932/1932/1932 2020/2020/2020
f 2026/2026/2026 1893/1893/1893 1746/1746/1746
f 1850/1850/1850 1930/1930/1930 1851/1851/1851
f 1946/1946/1946 1876/1876/1876 1909/1909/1909
f 1945/1945/1945 1960/1960/1960 1982/1982/1982
f 1869/1869/1869 1871/1871/1871 1864/1864/1864
f 2015/2015/2015 2018/2018/2018 2037/2037/2037
f 1960/1960/1960 1961/1961/1961 1982/1982/1982
f 1934/1934/1934 1961/1961/1961 1935/1935/1935
f 1934/1934/1934 1981/1981/1981 1982/1982/1982
f 1937/1937/1937 2011/2011/2011 2013/2013/2013
f 2012/2012/2012 2019/2019/2019 2013/2013/2013
f 1921/1921/1921 1923/1923/1923 1916/1916/1916
f 1916/1916/1916 1923/1923/1923 1763/1763/1763
f 1763/1763/1763 1924/1924/1924 1968/1968/1968
f 1761/1761/1761 1970/1970/1970 1971/1971/1971
f 2047/2047/2047 1976/1976/1976 1936/1936/1936
f 1961/1961/1961 1934/1934/1934 1982/1982/1982
f 1755/1755/1755 1748/1748/1748 1920/1920/1920
f 1920/1920/1920 1753/1753/1753 1762/1762/1762
f 1861/1861/1861 1958/1958/1958 1990/1990/1990
f 1750/1750/1750 1912/1912/1912 1764/1764/1764
f 2017/2017/2017 2048/2048/2048 2018/2018/2018
f 2014/2014/2014 2016/2016/2016 2048/2048/2048
f 1939/1939/1939 2014/2014/2014 1755/1755/1755
f 2047/2047/2047 1977/1977/1977 1976/1976/1976
f 2016/2016/2016 1973/1973/1973 1977/1977/1977
f 2048/2048/2048 2017/2017/2017 2014/2014/2014
f 1763/1763/1763 1764/1764/1764 1916/1916/1916
f 1974/1974/1974 1766/1766/1766 1765/1765/1765
f 1939/1939/1939 1762/1762/1762 1766/1766/1766
f 1752/1752/1752 1969/1969/1969 1970/1970/1970
f 1847/1847/1847 1908/1908/1908 1928/1928/1928
f 1848/1848/1848 1928/1928/1928 1927/1927/1927
f 1899/1899/1899 1853/1853/1853 1888/1888/1888
f 1856/1856/1856 1853/1853/1853 1844/1844/1844
f 1852/1852/1852 1883/1883/1883 1885/1885/1885
f 1876/1876/1876 1906/1906/1906 1909/1909/1909
f 1888/1888/1888 1856/1856/1856 1897/1897/1897
f 1904/1904/1904 2049/2049/2049 1905/1905/1905
f 1872/1872/1872 1874/1874/1874 1876/1876/1876
f 1858/1858/1858 1896/1896/1896 2036/2036/2036
f 2034/2034/2034 1740/1740/1740 1739/1739/1739
f 1998/1998/1998 2000/2000/2000 2002/2002/2002
f 1944/1944/1944 2026/2026/2026 1745/1745/1745
f 2035/2035/2035 1988/1988/1988 1991/1991/1991
f 1861/1861/1861 1990/1990/1990 1989/1989/1989
f 1914/1914/1914 1959/1959/1959 1972/1972/1972
f 1878/1878/1878 1959/1959/1959 2023/2023/2023
f 1957/1957/1957 1958/1958/1958 1860/1860/1860
f 1896/1896/1896 2050/2050/2050 1879/1879/1879
f 1839/1839/1839 1843/1843/1843 1840/1840/1840
f 1965/1965/1965 1841/1841/1841 2043/2043/2043
f 1841/1841/1841 1840/1840/1840 1845/1845/1845
f 1844/1844/1844 1890/1890/1890 1845/1845/1845
f 1891/1891/1891 2037/2037/2037 2042/2042/2042
f 1939/1939/1939 1766/1766/1766 1974/1974/1974
f 1854/1854/1854 1912/1912/1912 1855/1855/1855
f 1992/1992/1992 1903/1903/1903 1932/1932/1932
f 1932/1932/1932 1945/1945/1945 1982/1982/1982
f 1945/1945/1945 1870/1870/1870 1871/1871/1871
f 2051/2051/2051 1865/1865/1865 1847/1847/1847
f 1848/1848/1848 1927/1927/1927 1757/1757/1757
f 1852/1852/1852 1885/1885/1885 1849/1849/1849
f 1758/1758/1758 1930/1930/1930 1759/1759/1759
f 2039/2039/2039 2027/2027/2027 2029/2029/2029
f 1943/1943/1943 1926/1926/1926 1944/1944/1944
f 2046/2046/2046 2040/2040/2040 2039/2039/2039
f 1863/1863/1863 1951/1951/1951 2052/2052/2052
f 2053/2053/2053 2051/2051/2051 1847/1847/1847
f 1846/1846/1846 1848/1848/1848 2054/2054/2054
f 1949/1949/1949 2055/2055/2055 1757/1757/1757
f 2028/2028/2028 2056/2056/2056 2029/2029/2029
f 1757/1757/1757 1947/1947/1947 1848/1848/1848
f 1863/1863/1863 2057/2057/2057 1953/1953/1953
f 1950/1950/1950 1866/1866/1866 1863/1863/1863
f 1950/1950/1950 1863/1863/1863 1953/1953/1953
f 1917/1917/1917 2046/2046/2046 1958/1958/1958
f 2035/2035/2035 2008/2008/2008 2009/2009/2009
f 1987/1987/1987 1986/1986/1986 1884/1884/1884
f 2049/2049/2049 1987/1987/1987 1905/1905/1905
f 2049/2049/2049 2031/2031/2031 1987/1987/1987
f 1742/1742/1742 2031/2031/2031 1941/1941/1941
f 2049/2049/2049 2007/2007/2007 2031/2031/2031
f 2049/2049/2049 1904/1904/1904 2007/2007/2007
f 1904/1904/1904 2010/2010/2010 2007/2007/2007
f 1925/1925/1925 1911/1911/1911 1991/1991/1991
f 2058/2058/2058 2059/2059/2059 2060/2060/2060
f 2061/2061/2061 2062/2062/2062 2063/2063/2063
f 2064/2064/2064 2065/2065/2065 2061/2061/2061
f 2064/2064/2064 2061/2061/2061 2066/2066/2066
f 1777/1777/1777 2067/2067/2067 2066/2066/2066
f 2064/2064/2064 2066/2066/2066 2068/2068/2068
f 2064/2064/2064 2068/2068/2068 2069/2069/2069
f 2069/2069/2069 2068/2068/2068 2070/2070/2070
f 2071/2071/2071 2072/2072/2072 2073/2073/2073
f 2071/2071/2071 2073/2073/2073 2074/2074/2074
f 2038/2038/2038 2075/2075/2075 1956/1956/1956
f 1956/1956/1956 2075/2075/2075 2076/2076/2076
f 2077/2077/2077 2062/2062/2062 2078/2078/2078
f 1926/1926/1926 2074/2074/2074 2079/2079/2079
f 1795/1795/1795 2079/2079/2079 2074/2074/2074
f 1794/1794/1794 2079/2079/2079 1795/1795/1795
f 2080/2080/2080 2077/2077/2077 2078/2078/2078
f 2081/2081/2081 2082/2082/2082 2083/2083/2083
f 2084/2084/2084 2085/2085/2085 2083/2083/2083
f 2086/2086/2086 2083/2083/2083 2087/2087/2087
f 2086/2086/2086 2084/2084/2084 2083/2083/2083
f 2088/2088/2088 2089/2089/2089 2090/2090/2090
f 2091/2091/2091 2092/2092/2092 1850/1850/1850
f 2093/2093/2093 2092/2092/2092 2091/2091/2091
f 2094/2094/2094 2095/2095/2095 2096/2096/2096
f 2084/2084/2084 2086/2086/2086 2097/2097/2097
f 2085/2085/2085 2098/2098/2098 2081/2081/2081
f 2099/2099/2099 2100/2100/2100 2085/2085/2085
f 2101/2101/2101 2102/2102/2102 2103/2103/2103
f 2104/2104/2104 2105/2105/2105 2106/2106/2106
f 2106/2106/2106 1866/1866/1866 2104/2104/2104
f 1867/1867/1867 2107/2107/2107 1868/1868/1868
f 2108/2108/2108 2109/2109/2109 2105/2105/2105
f 2106/2106/2106 2105/2105/2105 2109/2109/2109
f 2110/2110/2110 2111/2111/2111 2112/2112/2112
f 2111/2111/2111 2113/2113/2113 2114/2114/2114
f 2115/2115/2115 2098/2098/2098 2100/2100/2100
f 2100/2100/2100 2116/2116/2116 2117/2117/2117
f 2118/2118/2118 1798/1798/1798 1801/1801/1801
f 2119/2119/2119 1798/1798/1798 2120/2120/2120
f 2121/2121/2121 2078/2078/2078 2062/2062/2062
f 2122/2122/2122 2123/2123/2123 2124/2124/2124
f 2110/2110/2110 2112/2112/2112 2125/2125/2125
f 2120/2120/2120 2126/2126/2126 2119/2119/2119
f 2095/2095/2095 2126/2126/2126 2120/2120/2120
f 2095/2095/2095 2086/2086/2086 2126/2126/2126
f 2126/2126/2126 2087/2087/2087 2127/2127/2127
f 1892/1892/1892 1893/1893/1893 2091/2091/2091
f 2128/2128/2128 2129/2129/2129 2124/2124/2124
f 2097/2097/2097 2130/2130/2130 2131/2131/2131
f 2094/2094/2094 2123/2123/2123 2097/2097/2097
f 2132/2132/2132 2123/2123/2123 2133/2133/2133
f 2134/2134/2134 2135/2135/2135 2129/2129/2129
f 2125/2125/2125 2129/2129/2129 2128/2128/2128
f 2136/2136/2136 2137/2137/2137 2128/2128/2128
f 2069/2069/2069 2114/2114/2114 2065/2065/2065
f 2138/2138/2138 2139/2139/2139 2065/2065/2065
f 2138/2138/2138 2114/2114/2114 2113/2113/2113
f 2140/2140/2140 2138/2138/2138 2141/2141/2141
f 1795/1795/1795 2074/2074/2074 1775/1775/1775
f 2073/2073/2073 1775/1775/1775 2074/2074/2074
f 2139/2139/2139 2138/2138/2138 2140/2140/2140
f 2141/2141/2141 2108/2108/2108 2140/2140/2140
f 2142/2142/2142 2143/2143/2143 2096/2096/2096
f 2144/2144/2144 2130/2130/2130 2145/2145/2145
f 2122/2122/2122 2130/2130/2130 2123/2123/2123
f 2124/2124/2124 2123/2123/2123 2132/2132/2132
f 2142/2142/2142 2146/2146/2146 2143/2143/2143
f 2147/2147/2147 2148/2148/2148 2117/2117/2117
f 2100/2100/2100 2117/2117/2117 2148/2148/2148
f 2116/2116/2116 2100/2100/2100 2099/2099/2099
f 2085/2085/2085 2084/2084/2084 2099/2099/2099
f 2149/2149/2149 2086/2086/2086 2095/2095/2095
f 2095/2095/2095 2120/2120/2120 2118/2118/2118
f 2118/2118/2118 2120/2120/2120 1798/1798/1798
f 1799/1799/1799 2150/2150/2150 1800/1800/1800
f 2151/2151/2151 2152/2152/2152 2153/2153/2153
f 2152/2152/2152 2154/2154/2154 2153/2153/2153
f 2071/2071/2071 2074/2074/2074 1926/1926/1926
f 2121/2121/2121 2155/2155/2155 2156/2156/2156
f 1893/1893/1893 2080/2080/2080 2091/2091/2091
f 2093/2093/2093 1808/1808/1808 2092/2092/2092
f 2121/2121/2121 2156/2156/2156 2093/2093/2093
f 2155/2155/2155 2121/2121/2121 2139/2139/2139
f 1808/1808/1808 1930/1930/1930 2092/2092/2092
f 2137/2137/2137 2157/2157/2157 2158/2158/2158
f 2159/2159/2159 1935/1935/1935 2160/2160/2160
f 2161/2161/2161 1938/1938/1938 2162/2162/2162
f 2136/2136/2136 2124/2124/2124 2132/2132/2132
f 2135/2135/2135 2145/2145/2145 2129/2129/2129
f 2129/2129/2129 2145/2145/2145 2122/2122/2122
f 2124/2124/2124 2129/2129/2129 2122/2122/2122
f 2124/2124/2124 2136/2136/2136 2128/2128/2128
f 2136/2136/2136 2143/2143/2143 2146/2146/2146
f 2062/2062/2062 2139/2139/2139 2121/2121/2121
f 2140/2140/2140 2155/2155/2155 2139/2139/2139
f 2140/2140/2140 2108/2108/2108 2090/2090/2090
f 2108/2108/2108 2105/2105/2105 2090/2090/2090
f 2163/2163/2163 1810/1810/1810 2150/2150/2150
f 2164/2164/2164 2165/2165/2165 2067/2067/2067
f 1794/1794/1794 1944/1944/1944 2079/2079/2079
f 2080/2080/2080 2078/2078/2078 2091/2091/2091
f 2166/2166/2166 2108/2108/2108 2158/2158/2158
f 2167/2167/2167 2108/2108/2108 2141/2141/2141
f 2108/2108/2108 2167/2167/2167 2158/2158/2158
f 2168/2168/2168 2089/2089/2089 2169/2169/2169
f 2155/2155/2155 2090/2090/2090 2089/2089/2089
f 1808/1808/1808 2156/2156/2156 1809/1809/1809
f 2170/2170/2170 1760/1760/1760 1809/1809/1809
f 2170/2170/2170 1950/1950/1950 1760/1760/1760
f 2104/2104/2104 2171/2171/2171 2105/2105/2105
f 2172/2172/2172 2173/2173/2173 1950/1950/1950
f 2174/2174/2174 1950/1950/1950 2175/2175/2175
f 1926/1926/1926 1956/1956/1956 2071/2071/2071
f 2176/2176/2176 2177/2177/2177 2147/2147/2147
f 2101/2101/2101 2176/2176/2176 2178/2178/2178
f 2179/2179/2179 1868/1868/1868 2107/2107/2107
f 2107/2107/2107 2109/2109/2109 2179/2179/2179
f 2179/2179/2179 1961/1961/1961 1868/1868/1868
f 2180/2180/2180 2164/2164/2164 2181/2181/2181
f 2081/2081/2081 2098/2098/2098 1964/1964/1964
f 2081/2081/2081 1964/1964/1964 1965/1965/1965
f 2098/2098/2098 1966/1966/1966 1964/1964/1964
f 2067/2067/2067 1777/1777/1777 2181/2181/2181
f 2151/2151/2151 2153/2153/2153 2182/2182/2182
f 2152/2152/2152 1812/1812/1812 2154/2154/2154
f 1804/1804/1804 2183/2183/2183 1812/1812/1812
f 1803/1803/1803 2184/2184/2184 1804/1804/1804
f 1811/1811/1811 2185/2185/2185 1803/1803/1803
f 1811/1811/1811 1815/1815/1815 2186/2186/2186
f 2135/2135/2135 2187/2187/2187 2145/2145/2145
f 2145/2145/2145 2187/2187/2187 2144/2144/2144
f 2188/2188/2188 2189/2189/2189 2163/2163/2163
f 2190/2190/2190 1815/1815/1815 2189/2189/2189
f 2189/2189/2189 1977/1977/1977 2191/2191/2191
f 2186/2186/2186 2190/2190/2190 2192/2192/2192
f 2177/2177/2177 2101/2101/2101 2103/2103/2103
f 2101/2101/2101 2178/2178/2178 2187/2187/2187
f 2102/2102/2102 2193/2193/2193 2135/2135/2135
f 2144/2144/2144 2178/2178/2178 2194/2194/2194
f 2195/2195/2195 2196/2196/2196 2157/2157/2157
f 2197/2197/2197 2136/2136/2136 2198/2198/2198
f 2137/2137/2137 2167/2167/2167 2110/2110/2110
f 2077/2077/2077 2063/2063/2063 2062/2062/2062
f 2065/2065/2065 2062/2062/2062 2061/2061/2061
f 2199/2199/2199 2200/2200/2200 2201/2201/2201
f 2113/2113/2113 2110/2110/2110 2167/2167/2167
f 2110/2110/2110 2125/2125/2125 2128/2128/2128
f 2073/2073/2073 2072/2072/2072 1775/1775/1775
f 2136/2136/2136 2146/2146/2146 2198/2198/2198
f 2137/2137/2137 2136/2136/2136 2197/2197/2197
f 2202/2202/2202 2151/2151/2151 2182/2182/2182
f 2134/2134/2134 2129/2129/2129 2125/2125/2125
f 2203/2203/2203 2204/2204/2204 2205/2205/2205
f 2204/2204/2204 2206/2206/2206 2134/2134/2134
f 2201/2201/2201 2103/2103/2103 2207/2207/2207
f 2208/2208/2208 2206/2206/2206 2203/2203/2203
f 2209/2209/2209 2210/2210/2210 2211/2211/2211
f 2212/2212/2212 2213/2213/2213 2209/2209/2209
f 2203/2203/2203 2213/2213/2213 2212/2212/2212
f 2210/2210/2210 2134/2134/2134 2206/2206/2206
f 2213/2213/2213 2102/2102/2102 2209/2209/2209
f 2102/2102/2102 2210/2210/2210 2209/2209/2209
f 2137/2137/2137 2158/2158/2158 2167/2167/2167
f 2137/2137/2137 2110/2110/2110 2128/2128/2128
f 2065/2065/2065 2139/2139/2139 2062/2062/2062
f 2214/2214/2214 2204/2204/2204 2112/2112/2112
f 2134/2134/2134 2125/2125/2125 2204/2204/2204
f 2215/2215/2215 2201/2201/2201 2216/2216/2216
f 2071/2071/2071 2199/2199/2199 2072/2072/2072
f 2165/2165/2165 2060/2060/2060 2068/2068/2068
f 2068/2068/2068 2060/2060/2060 2059/2059/2059
f 2111/2111/2111 2070/2070/2070 2214/2214/2214
f 1813/1813/1813 2146/2146/2146 2142/2142/2142
f 2150/2150/2150 1802/1802/1802 1800/1800/1800
f 1800/1800/1800 1802/1802/1802 1805/1805/1805
f 2191/2191/2191 2192/2192/2192 2190/2190/2190
f 2217/2217/2217 2013/2013/2013 2218/2218/2218
f 2188/2188/2188 2163/2163/2163 2219/2219/2219
f 2220/2220/2220 1806/1806/1806 2119/2119/2119
f 2188/2188/2188 2219/2219/2219 2221/2221/2221
f 2222/2222/2222 1807/1807/1807 1806/1806/1806
f 2219/2219/2219 1807/1807/1807 2222/2222/2222
f 2222/2222/2222 2220/2220/2220 2018/2018/2018
f 1800/1800/1800 1805/1805/1805 1801/1801/1801
f 1804/1804/1804 2184/2184/2184 2183/2183/2183
f 2019/2019/2019 1935/1935/1935 2159/2159/2159
f 2189/2189/2189 2191/2191/2191 2190/2190/2190
f 2191/2191/2191 2161/2161/2161 2192/2192/2192
f 2202/2202/2202 2182/2182/2182 2223/2223/2223
f 2157/2157/2157 2223/2223/2223 2195/2195/2195
f 2224/2224/2224 1938/1938/1938 2022/2022/2022
f 2225/2225/2225 2116/2116/2116 2131/2131/2131
f 2218/2218/2218 2019/2019/2019 2159/2159/2159
f 2186/2186/2186 1815/1815/1815 2190/2190/2190
f 2024/2024/2024 1938/1938/1938 2161/2161/2161
f 2166/2166/2166 2179/2179/2179 2109/2109/2109
f 2065/2065/2065 2114/2114/2114 2138/2138/2138
f 2025/2025/2025 1866/1866/1866 2106/2106/2106
f 2026/2026/2026 1794/1794/1794 1797/1797/1797
f 2135/2135/2135 2210/2210/2210 2102/2102/2102
f 2130/2130/2130 2122/2122/2122 2145/2145/2145
f 2204/2204/2204 2125/2125/2125 2112/2112/2112
f 2203/2203/2203 2206/2206/2206 2204/2204/2204
f 2211/2211/2211 2210/2210/2210 2206/2206/2206
f 2135/2135/2135 2134/2134/2134 2210/2210/2210
f 2203/2203/2203 2212/2212/2212 2208/2208/2208
f 2212/2212/2212 2209/2209/2209 2211/2211/2211
f 2211/2211/2211 2206/2206/2206 2208/2208/2208
f 2027/2027/2027 2226/2226/2226 2075/2075/2075
f 2071/2071/2071 2200/2200/2200 2199/2199/2199
f 2199/2199/2199 2201/2201/2201 2215/2215/2215
f 2227/2227/2227 2214/2214/2214 2070/2070/2070
f 2070/2070/2070 2114/2114/2114 2069/2069/2069
f 2193/2193/2193 2102/2102/2102 2101/2101/2101
f 2205/2205/2205 2213/2213/2213 2203/2203/2203
f 2201/2201/2201 2207/2207/2207 2216/2216/2216
f 2111/2111/2111 2214/2214/2214 2112/2112/2112
f 2214/2214/2214 2205/2205/2205 2204/2204/2204
f 2059/2059/2059 2070/2070/2070 2068/2068/2068
f 2165/2165/2165 2066/2066/2066 2067/2067/2067
f 2181/2181/2181 1777/1777/1777 1776/1776/1776
f 2181/2181/2181 2228/2228/2228 2180/2180/2180
f 2180/2180/2180 2228/2228/2228 2229/2229/2229
f 2228/2228/2228 2060/2060/2060 2229/2229/2229
f 2229/2229/2229 2060/2060/2060 2165/2165/2165
f 2229/2229/2229 2165/2165/2165 2164/2164/2164
f 2181/2181/2181 2164/2164/2164 2067/2067/2067
f 2230/2230/2230 2228/2228/2228 2181/2181/2181
f 2227/2227/2227 2070/2070/2070 2059/2059/2059
f 2181/2181/2181 1776/1776/1776 2230/2230/2230
f 2066/2066/2066 2165/2165/2165 2068/2068/2068
f 2199/2199/2199 2059/2059/2059 2058/2058/2058
f 2070/2070/2070 2111/2111/2111 2114/2114/2114
f 2180/2180/2180 2229/2229/2229 2164/2164/2164
f 2097/2097/2097 2131/2131/2131 2231/2231/2231
f 2220/2220/2220 2127/2127/2127 2037/2037/2037
f 2220/2220/2220 2222/2222/2222 1806/1806/1806
f 2188/2188/2188 1977/1977/1977 2189/2189/2189
f 2027/2027/2027 2075/2075/2075 2038/2038/2038
f 2232/2232/2232 2027/2027/2027 2040/2040/2040
f 2176/2176/2176 2147/2147/2147 2117/2117/2117
f 2176/2176/2176 2117/2117/2117 2178/2178/2178
f 2115/2115/2115 2148/2148/2148 2147/2147/2147
f 2157/2157/2157 2166/2166/2166 2233/2233/2233
f 2225/2225/2225 2117/2117/2117 2116/2116/2116
f 1806/1806/1806 1798/1798/1798 2119/2119/2119
f 1807/1807/1807 2163/2163/2163 2150/2150/2150
f 2194/2194/2194 2131/2131/2131 2130/2130/2130
f 2100/2100/2100 2098/2098/2098 2085/2085/2085
f 2082/2082/2082 2043/2043/2043 2042/2042/2042
f 2234/2234/2234 2095/2095/2095 2118/2118/2118
f 2127/2127/2127 2220/2220/2220 2119/2119/2119
f 2119/2119/2119 2126/2126/2126 2127/2127/2127
f 2127/2127/2127 2087/2087/2087 2042/2042/2042
f 2156/2156/2156 1808/1808/1808 2093/2093/2093
f 2025/2025/2025 2106/2106/2106 2107/2107/2107
f 2025/2025/2025 2107/2107/2107 1867/1867/1867
f 2142/2142/2142 2118/2118/2118 1801/1801/1801
f 1801/1801/1801 1805/1805/1805 1813/1813/1813
f 2199/2199/2199 2215/2215/2215 2235/2235/2235
f 2130/2130/2130 2144/2144/2144 2194/2194/2194
f 2046/2046/2046 1966/1966/1966 2115/2115/2115
f 2147/2147/2147 2177/2177/2177 2046/2046/2046
f 2046/2046/2046 2115/2115/2115 2147/2147/2147
f 2042/2042/2042 2087/2087/2087 2082/2082/2082
f 1965/1965/1965 2082/2082/2082 2081/2081/2081
f 2098/2098/2098 2115/2115/2115 1966/1966/1966
f 2115/2115/2115 2100/2100/2100 2148/2148/2148
f 2202/2202/2202 2223/2223/2223 2157/2157/2157
f 2026/2026/2026 1797/1797/1797 1893/1893/1893
f 1850/1850/1850 2092/2092/2092 1930/1930/1930
f 2167/2167/2167 2141/2141/2141 2113/2113/2113
f 2166/2166/2166 2196/2196/2196 2179/2179/2179
f 2107/2107/2107 2106/2106/2106 2109/2109/2109
f 2220/2220/2220 2037/2037/2037 2018/2018/2018
f 2179/2179/2179 2196/2196/2196 1961/1961/1961
f 2160/2160/2160 1935/1935/1935 1961/1961/1961
f 2160/2160/2160 2196/2196/2196 2195/2195/2195
f 2162/2162/2162 2013/2013/2013 2217/2217/2217
f 2218/2218/2218 2013/2013/2013 2019/2019/2019
f 2151/2151/2151 2146/2146/2146 2152/2152/2152
f 2146/2146/2146 1812/1812/1812 2152/2152/2152
f 1812/1812/1812 2183/2183/2183 2154/2154/2154
f 1811/1811/1811 2186/2186/2186 2185/2185/2185
f 2047/2047/2047 2161/2161/2161 2191/2191/2191
f 1961/1961/1961 2196/2196/2196 2160/2160/2160
f 1807/1807/1807 2150/2150/2150 1799/1799/1799
f 2150/2150/2150 1810/1810/1810 1802/1802/1802
f 2103/2103/2103 2200/2200/2200 2177/2177/2177
f 1801/1801/1801 1813/1813/1813 2142/2142/2142
f 2222/2222/2222 2018/2018/2018 2236/2236/2236
f 2219/2219/2219 2236/2236/2236 2221/2221/2221
f 2163/2163/2163 1807/1807/1807 2219/2219/2219
f 2047/2047/2047 2191/2191/2191 1977/1977/1977
f 2221/2221/2221 1977/1977/1977 2188/2188/2188
f 2236/2236/2236 2219/2219/2219 2222/2222/2222
f 1812/1812/1812 2146/2146/2146 1813/1813/1813
f 2189/2189/2189 1815/1815/1815 1814/1814/1814
f 2163/2163/2163 1814/1814/1814 1810/1810/1810
f 1803/1803/1803 2185/2185/2185 2184/2184/2184
f 2090/2090/2090 2155/2155/2155 2140/2140/2140
f 2089/2089/2089 2156/2156/2156 2155/2155/2155
f 2133/2133/2133 2123/2123/2123 2094/2094/2094
f 2097/2097/2097 2086/2086/2086 2094/2094/2094
f 2093/2093/2093 2078/2078/2078 2121/2121/2121
f 2113/2113/2113 2141/2141/2141 2138/2138/2138
f 2123/2123/2123 2130/2130/2130 2097/2097/2097
f 2069/2069/2069 2065/2065/2065 2064/2064/2064
f 2110/2110/2110 2113/2113/2113 2111/2111/2111
f 2099/2099/2099 2231/2231/2231 2131/2131/2131
f 2230/2230/2230 1776/1776/1776 1775/1775/1775
f 2208/2208/2208 2212/2212/2212 2211/2211/2211
f 1944/1944/1944 1794/1794/1794 2026/2026/2026
f 2058/2058/2058 2072/2072/2072 2199/2199/2199
f 2103/2103/2103 2201/2201/2201 2200/2200/2200
f 2144/2144/2144 2187/2187/2187 2178/2178/2178
f 2117/2117/2117 2225/2225/2225 2178/2178/2178
f 2176/2176/2176 2101/2101/2101 2177/2177/2177
f 2131/2131/2131 2116/2116/2116 2237/2237/2237
f 2081/2081/2081 2083/2083/2083 2085/2085/2085
f 1965/1965/1965 2043/2043/2043 2082/2082/2082
f 2082/2082/2082 2087/2087/2087 2083/2083/2083
f 2086/2086/2086 2087/2087/2087 2126/2126/2126
f 2127/2127/2127 2042/2042/2042 2037/2037/2037
f 2163/2163/2163 2189/2189/2189 1814/1814/1814
f 2096/2096/2096 2095/2095/2095 2142/2142/2142
f 2202/2202/2202 2157/2157/2157 2137/2137/2137
f 2157/2157/2157 2196/2196/2196 2166/2166/2166
f 2166/2166/2166 2109/2109/2109 2108/2108/2108
f 2238/2238/2238 2090/2090/2090 2105/2105/2105
f 2089/2089/2089 1809/1809/1809 2156/2156/2156
f 2093/2093/2093 2091/2091/2091 2078/2078/2078
f 1808/1808/1808 1759/1759/1759 1930/1930/1930
f 2232/2232/2232 2226/2226/2226 2027/2027/2027
f 2079/2079/2079 1944/1944/1944 1926/1926/1926
f 2046/2046/2046 2232/2232/2232 2040/2040/2040
f 2104/2104/2104 2239/2239/2239 2171/2171/2171
f 2240/2240/2240 2090/2090/2090 2238/2238/2238
f 2088/2088/2088 2241/2241/2241 2089/2089/2089
f 2170/2170/2170 1809/1809/1809 2242/2242/2242
f 2075/2075/2075 2226/2226/2226 2076/2076/2076
f 1809/1809/1809 2089/2089/2089 2168/2168/2168
f 2104/2104/2104 2173/2173/2173 2243/2243/2243
f 1925/1925/1925 1910/1910/1910 1911/1911/1911
f 2038/2038/2038 1956/1956/1956 2028/2028/2028
f 1956/1956/1956 2056/2056/2056 2028/2028/2028
f 1985/1985/1985 1885/1885/1885 1884/1884/1884
f 1926/1926/1926 1943/1943/1943 1910/1910/1910
f 1744/1744/1744 1910/1910/1910 1943/1943/1943
f 1745/1745/1745 1744/1744/1744 1943/1943/1943
f 1929/1929/1929 1885/1885/1885 1985/1985/1985
f 1950/1950/1950 2104/2104/2104 1866/1866/1866
f 1950/1950/1950 2173/2173/2173 2104/2104/2104
f 2244/2244/2244 2245/2245/2245 2246/2246/2246
f 2247/2247/2247 2244/2244/2244 2246/2246/2246
f 2248/2248/2248 2249/2249/2249 2250/2250/2250
f 2251/2251/2251 2248/2248/2248 2250/2250/2250
f 2252/2252/2252 2253/2253/2253 2254/2254/2254
f 2255/2255/2255 2256/2256/2256 2257/2257/2257
f 2252/2252/2252 2258/2258/2258 2253/2253/2253
f 2259/2259/2259 2260/2260/2260 2257/2257/2257
f 2258/2258/2258 2252/2252/2252 2261/2261/2261
f 2262/2262/2262 2260/2260/2260 2259/2259/2259
f 2263/2263/2263 2264/2264/2264 2261/2261/2261
f 2265/2265/2265 2266/2266/2266 2262/2262/2262
f 2263/2263/2263 2267/2267/2267 2264/2264/2264
f 2268/2268/2268 2269/2269/2269 2270/2270/2270
f 2271/2271/2271 2270/2270/2270 2272/2272/2272
f 2270/2270/2270 2271/2271/2271 2273/2273/2273
f 2274/2274/2274 2275/2275/2275 2276/2276/2276
f 2271/2271/2271 2272/2272/2272 2277/2277/2277
f 2275/2275/2275 2278/2278/2278 2276/2276/2276
f 2279/2279/2279 2277/2277/2277 2280/2280/2280
f 2278/2278/2278 2281/2281/2281 2282/2282/2282
f 2283/2283/2283 2284/2284/2284 2285/2285/2285
f 2284/2284/2284 2286/2286/2286 2287/2287/2287
f 2288/2288/2288 2289/2289/2289 2290/2290/2290
f 2291/2291/2291 2292/2292/2292 2293/2293/2293
f 2290/2290/2290 2294/2294/2294 2295/2295/2295
f 2296/2296/2296 2297/2297/2297 2298/2298/2298
f 2299/2299/2299 2297/2297/2297 2296/2296/2296
f 2300/2300/2300 2301/2301/2301 2302/2302/2302
f 2303/2303/2303 2304/2304/2304 2298/2298/2298
f 2303/2303/2303 2305/2305/2305 2304/2304/2304
f 2257/2257/2257 2252/2252/2252 2254/2254/2254
f 2260/2260/2260 2261/2261/2261 2252/2252/2252
f 2262/2262/2262 2263/2263/2263 2261/2261/2261
f 2267/2267/2267 2262/2262/2262 2266/2266/2266
f 2306/2306/2306 2307/2307/2307 2308/2308/2308
f 2307/2307/2307 2302/2302/2302 2258/2258/2258
f 2253/2253/2253 2258/2258/2258 2302/2302/2302
f 2268/2268/2268 2309/2309/2309 2267/2267/2267
f 2266/2266/2266 2268/2268/2268 2267/2267/2267
f 2310/2310/2310 2308/2308/2308 2311/2311/2311
f 2312/2312/2312 2313/2313/2313 2300/2300/2300
f 2314/2314/2314 2309/2309/2309 2315/2315/2315
f 2309/2309/2309 2311/2311/2311 2267/2267/2267
f 2268/2268/2268 2270/2270/2270 2309/2309/2309
f 2316/2316/2316 2317/2317/2317 2318/2318/2318
f 2319/2319/2319 2320/2320/2320 2318/2318/2318
f 2320/2320/2320 2321/2321/2321 2318/2318/2318
f 2312/2312/2312 2244/2244/2244 2317/2317/2317
f 2322/2322/2322 2323/2323/2323 2324/2324/2324
f 2318/2318/2318 2317/2317/2317 2319/2319/2319
f 2322/2322/2322 2312/2312/2312 2317/2317/2317
f 2322/2322/2322 2325/2325/2325 2323/2323/2323
f 2319/2319/2319 2317/2317/2317 2244/2244/2244
f 2319/2319/2319 2247/2247/2247 2320/2320/2320
f 2316/2316/2316 2318/2318/2318 2321/2321/2321
f 2326/2326/2326 2327/2327/2327 2324/2324/2324
f 2309/2309/2309 2314/2314/2314 2311/2311/2311
f 2320/2320/2320 2247/2247/2247 2321/2321/2321
f 2322/2322/2322 2317/2317/2317 2316/2316/2316
f 2267/2267/2267 2263/2263/2263 2262/2262/2262
f 2261/2261/2261 2264/2264/2264 2308/2308/2308
f 2262/2262/2262 2261/2261/2261 2260/2260/2260
f 2265/2265/2265 2262/2262/2262 2259/2259/2259
f 2308/2308/2308 2307/2307/2307 2258/2258/2258
f 2261/2261/2261 2308/2308/2308 2258/2258/2258
f 2260/2260/2260 2252/2252/2252 2257/2257/2257
f 2256/2256/2256 2259/2259/2259 2257/2257/2257
f 2281/2281/2281 2285/2285/2285 2328/2328/2328
f 2287/2287/2287 2328/2328/2328 2284/2284/2284
f 2295/2295/2295 2286/2286/2286 2288/2288/2288
f 2288/2288/2288 2290/2290/2290 2295/2295/2295
f 2303/2303/2303 2297/2297/2297 2313/2313/2313
f 2322/2322/2322 2324/2324/2324 2312/2312/2312
f 2313/2313/2313 2324/2324/2324 2303/2303/2303
f 2324/2324/2324 2313/2313/2313 2312/2312/2312
f 2316/2316/2316 2321/2321/2321 2306/2306/2306
f 2325/2325/2325 2316/2316/2316 2306/2306/2306
f 2255/2255/2255 2257/2257/2257 2254/2254/2254
f 2329/2329/2329 2270/2270/2270 2269/2269/2269
f 2269/2269/2269 2274/2274/2274 2329/2329/2329
f 2300/2300/2300 2299/2299/2299 2301/2301/2301
f 2301/2301/2301 2253/2253/2253 2302/2302/2302
f 2299/2299/2299 2300/2300/2300 2313/2313/2313
f 2299/2299/2299 2313/2313/2313 2297/2297/2297
f 2323/2323/2323 2326/2326/2326 2324/2324/2324
f 2273/2273/2273 2315/2315/2315 2309/2309/2309
f 2324/2324/2324 2327/2327/2327 2303/2303/2303
f 2264/2264/2264 2267/2267/2267 2311/2311/2311
f 2322/2322/2322 2316/2316/2316 2325/2325/2325
f 2319/2319/2319 2244/2244/2244 2247/2247/2247
f 2297/2297/2297 2303/2303/2303 2298/2298/2298
f 2330/2330/2330 2279/2279/2279 2287/2287/2287
f 2281/2281/2281 2328/2328/2328 2282/2282/2282
f 2278/2278/2278 2282/2282/2282 2276/2276/2276
f 2331/2331/2331 2323/2323/2323 2325/2325/2325
f 2308/2308/2308 2264/2264/2264 2311/2311/2311
f 2306/2306/2306 2331/2331/2331 2325/2325/2325
f 2270/2270/2270 2273/2273/2273 2309/2309/2309
f 2332/2332/2332 2255/2255/2255 2254/2254/2254
f 2292/2292/2292 2294/2294/2294 2290/2290/2290
f 2284/2284/2284 2288/2288/2288 2286/2286/2286
f 2279/2279/2279 2328/2328/2328 2287/2287/2287
f 2274/2274/2274 2276/2276/2276 2329/2329/2329
f 2303/2303/2303 2327/2327/2327 2305/2305/2305
f 2290/2290/2290 2289/2289/2289 2293/2293/2293
f 2283/2283/2283 2288/2288/2288 2284/2284/2284
f 2288/2288/2288 2283/2283/2283 2289/2289/2289
f 2328/2328/2328 2285/2285/2285 2284/2284/2284
f 2332/2332/2332 2254/2254/2254 2333/2333/2333
f 2292/2292/2292 2290/2290/2290 2293/2293/2293
f 2282/2282/2282 2328/2328/2328 2279/2279/2279
f 2282/2282/2282 2280/2280/2280 2276/2276/2276
f 2272/2272/2272 2329/2329/2329 2280/2280/2280
f 2270/2270/2270 2329/2329/2329 2272/2272/2272
f 2272/2272/2272 2280/2280/2280 2277/2277/2277
f 2329/2329/2329 2276/2276/2276 2280/2280/2280
f 2279/2279/2279 2330/2330/2330 2277/2277/2277
f 2282/2282/2282 2279/2279/2279 2280/2280/2280
f 2246/2246/2246 2321/2321/2321 2247/2247/2247
f 2307/2307/2307 2306/2306/2306 2246/2246/2246
f 2307/2307/2307 2246/2246/2246 2302/2302/2302
f 2246/2246/2246 2300/2300/2300 2302/2302/2302
f 2312/2312/2312 2300/2300/2300 2245/2245/2245
f 2312/2312/2312 2245/2245/2245 2244/2244/2244
f 2246/2246/2246 2306/2306/2306 2321/2321/2321
f 2334/2334/2334 2335/2335/2335 2336/2336/2336
f 2337/2337/2337 2336/2336/2336 2335/2335/2335
f 2255/2255/2255 2338/2338/2338 2256/2256/2256
f 2337/2337/2337 2335/2335/2335 2339/2339/2339
f 2259/2259/2259 2338/2338/2338 2340/2340/2340
f 2339/2339/2339 2341/2341/2341 2337/2337/2337
f 2342/2342/2342 2259/2259/2259 2340/2340/2340
f 2343/2343/2343 2341/2341/2341 2344/2344/2344
f 2265/2265/2265 2342/2342/2342 2266/2266/2266
f 2343/2343/2343 2344/2344/2344 2345/2345/2345
f 2268/2268/2268 2346/2346/2346 2269/2269/2269
f 2347/2347/2347 2348/2348/2348 2346/2346/2346
f 2346/2346/2346 2349/2349/2349 2347/2347/2347
f 2274/2274/2274 2350/2350/2350 2275/2275/2275
f 2347/2347/2347 2351/2351/2351 2348/2348/2348
f 2275/2275/2275 2350/2350/2350 2278/2278/2278
f 2352/2352/2352 2353/2353/2353 2351/2351/2351
f 2278/2278/2278 2354/2354/2354 2281/2281/2281
f 2283/2283/2283 2285/2285/2285 2355/2355/2355
f 2355/2355/2355 2356/2356/2356 2357/2357/2357
f 2358/2358/2358 2359/2359/2359 2289/2289/2289
f 2291/2291/2291 2293/2293/2293 2360/2360/2360
f 2359/2359/2359 2361/2361/2361 2362/2362/2362
f 2363/2363/2363 2364/2364/2364 2365/2365/2365
f 2366/2366/2366 2363/2363/2363 2365/2365/2365
f 2367/2367/2367 2368/2368/2368 2369/2369/2369
f 2370/2370/2370 2364/2364/2364 2371/2371/2371
f 2370/2370/2370 2371/2371/2371 2372/2372/2372
f 2338/2338/2338 2336/2336/2336 2337/2337/2337
f 2340/2340/2340 2337/2337/2337 2341/2341/2341
f 2342/2342/2342 2341/2341/2341 2343/2343/2343
f 2345/2345/2345 2266/2266/2266 2342/2342/2342
f 2373/2373/2373 2374/2374/2374 2375/2375/2375
f 2375/2375/2375 2339/2339/2339 2368/2368/2368
f 2335/2335/2335 2368/2368/2368 2339/2339/2339
f 2268/2268/2268 2345/2345/2345 2376/2376/2376
f 2266/2266/2266 2345/2345/2345 2268/2268/2268
f 2377/2377/2377 2378/2378/2378 2374/2374/2374
f 2379/2379/2379 2367/2367/2367 2380/2380/2380
f 2381/2381/2381 2382/2382/2382 2376/2376/2376
f 2376/2376/2376 2345/2345/2345 2378/2378/2378
f 2268/2268/2268 2376/2376/2376 2346/2346/2346
f 2383/2383/2383 2384/2384/2384 2385/2385/2385
f 2383/2383/2383 2385/2385/2385 2386/2386/2386
f 2386/2386/2386 2385/2385/2385 2387/2387/2387
f 2379/2379/2379 2384/2384/2384 2250/2250/2250
f 2388/2388/2388 2389/2389/2389 2390/2390/2390
f 2384/2384/2384 2391/2391/2391 2385/2385/2385
f 2388/2388/2388 2384/2384/2384 2379/2379/2379
f 2388/2388/2388 2390/2390/2390 2392/2392/2392
f 2383/2383/2383 2250/2250/2250 2384/2384/2384
f 2251/2251/2251 2250/2250/2250 2383/2383/2383
f 2391/2391/2391 2387/2387/2387 2385/2385/2385
f 2393/2393/2393 2389/2389/2389 2394/2394/2394
f 2376/2376/2376 2378/2378/2378 2381/2381/2381
f 2386/2386/2386 2387/2387/2387 2251/2251/2251
f 2388/2388/2388 2391/2391/2391 2384/2384/2384
f 2345/2345/2345 2342/2342/2342 2343/2343/2343
f 2341/2341/2341 2374/2374/2374 2344/2344/2344
f 2342/2342/2342 2340/2340/2340 2341/2341/2341
f 2265/2265/2265 2259/2259/2259 2342/2342/2342
f 2374/2374/2374 2339/2339/2339 2375/2375/2375
f 2341/2341/2341 2339/2339/2339 2374/2374/2374
f 2340/2340/2340 2338/2338/2338 2337/2337/2337
f 2256/2256/2256 2338/2338/2338 2259/2259/2259
f 2281/2281/2281 2395/2395/2395 2285/2285/2285
f 2356/2356/2356 2355/2355/2355 2395/2395/2395
f 2361/2361/2361 2358/2358/2358 2357/2357/2357
f 2358/2358/2358 2361/2361/2361 2359/2359/2359
f 2370/2370/2370 2380/2380/2380 2365/2365/2365
f 2388/2388/2388 2379/2379/2379 2389/2389/2389
f 2380/2380/2380 2370/2370/2370 2389/2389/2389
f 2389/2389/2389 2379/2379/2379 2380/2380/2380
f 2391/2391/2391 2373/2373/2373 2387/2387/2387
f 2392/2392/2392 2373/2373/2373 2391/2391/2391
f 2255/2255/2255 2336/2336/2336 2338/2338/2338
f 2396/2396/2396 2269/2269/2269 2346/2346/2346
f 2269/2269/2269 2396/2396/2396 2274/2274/2274
f 2367/2367/2367 2369/2369/2369 2366/2366/2366
f 2369/2369/2369 2368/2368/2368 2335/2335/2335
f 2366/2366/2366 2380/2380/2380 2367/2367/2367
f 2366/2366/2366 2365/2365/2365 2380/2380/2380
f 2390/2390/2390 2389/2389/2389 2393/2393/2393
f 2349/2349/2349 2376/2376/2376 2382/2382/2382
f 2389/2389/2389 2370/2370/2370 2394/2394/2394
f 2344/2344/2344 2378/2378/2378 2345/2345/2345
f 2388/2388/2388 2392/2392/2392 2391/2391/2391
f 2251/2251/2251 2383/2383/2383 2386/2386/2386
f 2365/2365/2365 2364/2364/2364 2370/2370/2370
f 2397/2397/2397 2356/2356/2356 2352/2352/2352
f 2281/2281/2281 2354/2354/2354 2395/2395/2395
f 2278/2278/2278 2350/2350/2350 2354/2354/2354
f 2398/2398/2398 2392/2392/2392 2390/2390/2390
f 2374/2374/2374 2378/2378/2378 2344/2344/2344
f 2373/2373/2373 2392/2392/2392 2398/2398/2398
f 2346/2346/2346 2376/2376/2376 2349/2349/2349
f 2332/2332/2332 2336/2336/2336 2255/2255/2255
f 2360/2360/2360 2359/2359/2359 2362/2362/2362
f 2333/2333/2333 2254/2254/2254 2253/2253/2253
f 2355/2355/2355 2357/2357/2357 2358/2358/2358
f 2352/2352/2352 2356/2356/2356 2395/2395/2395
f 2274/2274/2274 2396/2396/2396 2350/2350/2350
f 2370/2370/2370 2372/2372/2372 2394/2394/2394
f 2359/2359/2359 2293/2293/2293 2289/2289/2289
f 2283/2283/2283 2355/2355/2355 2358/2358/2358
f 2358/2358/2358 2289/2289/2289 2283/2283/2283
f 2395/2395/2395 2355/2355/2355 2285/2285/2285
f 2332/2332/2332 2334/2334/2334 2336/2336/2336
f 2360/2360/2360 2293/2293/2293 2359/2359/2359
f 2354/2354/2354 2352/2352/2352 2395/2395/2395
f 2354/2354/2354 2350/2350/2350 2353/2353/2353
f 2348/2348/2348 2353/2353/2353 2396/2396/2396
f 2346/2346/2346 2348/2348/2348 2396/2396/2396
f 2348/2348/2348 2351/2351/2351 2353/2353/2353
f 2396/2396/2396 2353/2353/2353 2350/2350/2350
f 2352/2352/2352 2351/2351/2351 2397/2397/2397
f 2354/2354/2354 2353/2353/2353 2352/2352/2352
f 2248/2248/2248 2251/2251/2251 2387/2387/2387
f 2375/2375/2375 2248/2248/2248 2373/2373/2373
f 2375/2375/2375 2368/2368/2368 2248/2248/2248
f 2249/2249/2249 2248/2248/2248 2367/2367/2367
f 2379/2379/2379 2249/2249/2249 2367/2367/2367
f 2379/2379/2379 2250/2250/2250 2249/2249/2249
f 2248/2248/2248 2387/2387/2387 2373/2373/2373
f 2367/2367/2367 2248/2248/2248 2368/2368/2368
f 2245/2245/2245 2300/2300/2300 2246/2246/2246

v 1.462475 13.812173 1.256536
v 1.288546 13.938039 1.202532
v 1.051512 13.584673 1.111783
v 1.231300 13.445302 1.186055
v 0.398382 13.613791 0.387834
v 0.643710 14.013350 0.452308
v 0.734025 14.035958 0.137234
v 0.466235 13.673188 0.035106
v 0.937767 14.350409 0.624907
v 1.002385 14.411478 0.341429
v 1.237478 14.587753 0.810966
v 1.294311 14.669250 0.592345
v 1.451294 14.556968 1.059447
v 1.685779 14.719693 1.074212
v 1.524382 14.770271 0.822445
v 1.468843 14.321280 1.217635
v 1.728069 14.477057 1.261296
v 1.638029 14.178324 1.294861
v 1.565128 13.150210 1.578226
v 1.785991 13.517256 1.654290
v 1.700544 13.610792 1.472741
v 1.457444 13.254010 1.391429
v 0.487651 13.116392 0.702043
v 0.328044 13.286103 0.472016
v 0.197552 13.070718 0.324200
v 0.353279 12.889091 0.555075
v 2.494961 12.546402 1.736439
v 2.235415 12.666945 1.897826
v 1.963238 12.290097 1.808970
v 2.269430 12.147887 1.672690
v 2.399021 13.114349 1.951955
v 2.656124 13.012598 1.843284
v 2.487799 13.530120 1.946454
v 2.710477 13.471331 1.878445
v 2.662166 13.807833 1.855730
v 2.482793 14.045508 1.798026
v 2.335106 13.809361 1.862088
v 2.196431 14.080875 1.686641
v 2.068769 13.813808 1.762463
v 1.954329 13.910769 1.582112
v 1.604347 11.880727 1.601790
v 1.669854 12.151082 1.690589
v 1.426303 12.322396 1.554487
v 1.351429 12.044765 1.461553
v 0.832273 13.870689 0.864332
v 0.217391 13.303184 0.131368
v 0.761952 13.222138 0.944205
v 1.014466 13.143258 1.075492
v 0.817950 12.960101 0.976568
v 0.580422 12.877129 0.802961
v 1.289223 12.910843 1.325015
v 1.901261 11.878819 1.660585
v 1.381922 12.697714 1.507235
v 1.214533 12.340741 1.378834
v 1.885910 12.979431 1.821200
v 1.196180 12.640160 1.320059

vt 0.270057 0.749054
vt 0.332767 0.748053
vt 0.337542 0.584241
vt 0.266535 0.583407
vt 0.647997 0.437563
vt 0.655926 0.597698
vt 0.719793 0.606997
vt 0.732273 0.435031
vt 0.617401 0.771696
vt 0.678092 0.789071
vt 0.555108 0.913536
vt 0.612118 0.942393
vt 0.446869 0.965384
vt 0.435126 1.065937
vt 0.535762 1.033880
vt 0.363032 0.905004
vt 0.338068 1.010202
vt 0.293160 0.900978
vt 0.119817 0.601430
vt 0.115041 0.765242
vt 0.052332 0.766243
vt 0.048810 0.600596
vt 0.474583 0.315924
vt 0.582126 0.339876
vt 0.615207 0.211827
vt 0.494526 0.193806
vt 0.502067 0.624186
vt 0.438200 0.614887
vt 0.430271 0.454752
vt 0.514547 0.452219
vt 0.399675 0.788885
vt 0.460366 0.806260
vt 0.337382 0.930725
vt 0.394392 0.959582
vt 0.318037 1.051069
vt 0.217400 1.083126
vt 0.229144 0.982573
vt 0.120342 1.027391
vt 0.145306 0.922193
vt 0.075435 0.918167
vt 0.397482 0.229015
vt 0.364401 0.357065
vt 0.256858 0.333113
vt 0.276800 0.210995
vt 0.497023 0.612611
vt 0.697034 0.283709
vt 0.368951 0.402381
vt 0.280892 0.438613
vt 0.311450 0.335332
vt 0.387017 0.252657
vt 0.063166 0.455802
vt 0.479308 0.300898
vt 0.151226 0.419570
vt 0.169291 0.269846
vt 0.279297 0.629800
vt 0.093724 0.352521

vn -0.836788 0.409487 0.363463
vn -0.469304 0.138143 0.872164
vn -0.498166 0.061180 0.864921
vn -0.821236 0.442090 0.360734
vn -0.864338 0.440415 0.242804
vn -0.819545 0.536773 0.200552
vn -0.652784 0.152943 0.741944
vn -0.577752 0.353775 0.735558
vn -0.759835 0.593150 0.266128
vn -0.666434 0.106879 0.737863
vn -0.639079 0.658411 0.397585
vn -0.684498 0.096544 0.722594
vn -0.564008 0.516249 0.644501
vn -0.880602 0.073495 0.468123
vn -0.772920 0.056221 0.632008
vn -0.459675 0.290332 0.839289
vn -0.909517 0.195486 0.366831
vn -0.868624 0.332796 0.367068
vn -0.683631 0.218062 0.696490
vn -0.631416 0.275270 0.724941
vn -0.165138 -0.158654 0.973426
vn -0.138167 -0.135711 0.981067
vn -0.728347 0.096792 0.678338
vn -0.836955 0.240743 0.491477
vn -0.385579 0.647177 0.657640
vn -0.350872 0.736231 0.578664
vn -0.567474 0.080781 0.819419
vn 0.039781 -0.190120 0.980955
vn -0.064129 -0.236473 0.969519
vn -0.413200 0.214581 0.884998
vn 0.043138 -0.086076 0.995354
vn -0.590761 0.055326 0.804947
vn 0.018291 0.102348 0.994580
vn -0.597943 0.023329 0.801199
vn -0.578835 -0.107953 0.808267
vn -0.473055 -0.271245 0.838239
vn -0.236965 0.239607 0.941507
vn -0.325536 -0.298497 0.897177
vn -0.504506 0.328255 0.798575
vn -0.225562 -0.211163 0.951069
vn -0.121217 0.423553 0.897725
vn -0.369086 -0.155022 0.916375
vn -0.575462 -0.032532 0.817181
vn 0.001943 0.437789 0.899076
vn -0.698208 0.307946 0.646278
vn -0.615083 0.499131 0.610361
vn -0.590761 0.055326 0.804947
vn -0.737074 0.394329 0.548841
vn -0.642891 0.636514 0.426075
vn -0.568426 0.576582 0.586895
vn -0.286574 0.013255 0.957966
vn -0.234819 0.177468 0.955701
vn -0.664343 0.117567 0.738124
vn -0.156537 0.228169 0.960955
vn -0.405504 0.060352 0.912099
vn -0.017472 0.107480 0.994054

g polygon19
s 1
usemtl mat6
f 2399/2399/2399 2400/2400/2400 2401/2401/2401
f 2402/2402/2402 2399/2399/2399 2401/2401/2401
f 2403/2403/2403 2404/2404/2404 2405/2405/2405
f 2406/2406/2406 2403/2403/2403 2405/2405/2405
f 2405/2405/2405 2404/2404/2404 2407/2407/2407
f 2408/2408/2408 2405/2405/2405 2407/2407/2407
f 2408/2408/2408 2407/2407/2407 2409/2409/2409
f 2410/2410/2410 2408/2408/2408 2409/2409/2409
f 2411/2411/2411 2412/2412/2412 2413/2413/2413
f 2409/2409/2409 2411/2411/2411 2413/2413/2413
f 2411/2411/2411 2414/2414/2414 2415/2415/2415
f 2412/2412/2412 2411/2411/2411 2415/2415/2415
f 2399/2399/2399 2416/2416/2416 2414/2414/2414
f 2400/2400/2400 2399/2399/2399 2414/2414/2414
f 2417/2417/2417 2418/2418/2418 2419/2419/2419
f 2420/2420/2420 2417/2417/2417 2419/2419/2419
f 2421/2421/2421 2422/2422/2422 2423/2423/2423
f 2424/2424/2424 2421/2421/2421 2423/2423/2423
f 2425/2425/2425 2426/2426/2426 2427/2427/2427
f 2428/2428/2428 2425/2425/2425 2427/2427/2427
f 2429/2429/2429 2426/2426/2426 2425/2425/2425
f 2430/2430/2430 2429/2429/2429 2425/2425/2425
f 2431/2431/2431 2429/2429/2429 2430/2430/2430
f 2432/2432/2432 2431/2431/2431 2430/2430/2430
f 2433/2433/2433 2434/2434/2434 2435/2435/2435
f 2431/2431/2431 2433/2433/2433 2435/2435/2435
f 2436/2436/2436 2437/2437/2437 2435/2435/2435
f 2434/2434/2434 2436/2436/2436 2435/2435/2435
f 2437/2437/2437 2438/2438/2438 2419/2419/2419
f 2418/2418/2418 2437/2437/2437 2419/2419/2419
f 2439/2439/2439 2440/2440/2440 2441/2441/2441
f 2442/2442/2442 2439/2439/2439 2441/2441/2441
f 2416/2416/2416 2415/2415/2415 2414/2414/2414
f 2443/2443/2443 2403/2403/2403 2422/2422/2422
f 2444/2444/2444 2403/2403/2403 2406/2406/2406
f 2411/2411/2411 2443/2443/2443 2414/2414/2414
f 2414/2414/2414 2443/2443/2443 2400/2400/2400
f 2401/2401/2401 2443/2443/2443 2445/2445/2445
f 2443/2443/2443 2421/2421/2421 2445/2445/2445
f 2421/2421/2421 2443/2443/2443 2422/2422/2422
f 2403/2403/2403 2443/2443/2443 2404/2404/2404
f 2409/2409/2409 2443/2443/2443 2411/2411/2411
f 2401/2401/2401 2445/2445/2445 2446/2446/2446
f 2447/2447/2447 2445/2445/2445 2448/2448/2448
f 2421/2421/2421 2424/2424/2424 2448/2448/2448
f 2422/2422/2422 2403/2403/2403 2444/2444/2444
f 2404/2404/2404 2443/2443/2443 2407/2407/2407
f 2402/2402/2402 2401/2401/2401 2446/2446/2446
f 2423/2423/2423 2422/2422/2422 2444/2444/2444
f 2445/2445/2445 2421/2421/2421 2448/2448/2448
f 2443/2443/2443 2409/2409/2409 2407/2407/2407
f 2410/2410/2410 2409/2409/2409 2413/2413/2413
f 2446/2446/2446 2445/2445/2445 2447/2447/2447
f 2420/2420/2420 2449/2449/2449 2417/2417/2417
f 2439/2439/2439 2450/2450/2450 2440/2440/2440
f 2451/2451/2451 2452/2452/2452 2441/2441/2441
f 2453/2453/2453 2429/2429/2429 2431/2431/2431
f 2432/2432/2432 2433/2433/2433 2431/2431/2431
f 2449/2449/2449 2454/2454/2454 2451/2451/2451
f 2453/2453/2453 2418/2418/2418 2417/2417/2417
f 2438/2438/2438 2437/2437/2437 2436/2436/2436
f 2453/2453/2453 2440/2440/2440 2427/2427/2427
f 2450/2450/2450 2428/2428/2428 2427/2427/2427
f 2435/2435/2435 2437/2437/2437 2453/2453/2453
f 2437/2437/2437 2418/2418/2418 2453/2453/2453
f 2417/2417/2417 2451/2451/2451 2453/2453/2453
f 2453/2453/2453 2451/2451/2451 2441/2441/2441
f 2441/2441/2441 2440/2440/2440 2453/2453/2453
f 2427/2427/2427 2426/2426/2426 2453/2453/2453
f 2426/2426/2426 2429/2429/2429 2453/2453/2453
f 2431/2431/2431 2435/2435/2435 2453/2453/2453
f 2417/2417/2417 2449/2449/2449 2451/2451/2451
f 2454/2454/2454 2452/2452/2452 2451/2451/2451
f 2441/2441/2441 2452/2452/2452 2442/2442/2442
f 2443/2443/2443 2401/2401/2401 2400/2400/2400
f 2440/2440/2440 2450/2450/2450 2427/2427/2427

v 1.294311 14.669250 0.592345
v 1.114266 14.789815 0.666134
v 0.829057 14.549893 0.453016
v 1.002385 14.411478 0.341429
v 0.817950 12.960101 0.976568
v 0.686210 12.956562 1.140601
v 0.872843 13.140558 1.272465
v 1.014466 13.143258 1.075492
v 1.640556 14.574873 1.433879
v 1.728069 14.477057 1.261296
v 1.638029 14.178324 1.294861
v 1.553116 14.298545 1.522735
v -0.011060 13.342727 0.142129
v 0.007785 13.101278 0.351279
v 0.197552 13.070718 0.324200
v 0.217391 13.303184 0.131368
v 0.580422 12.877129 0.802961
v 0.461790 12.886605 0.951389
v 0.353279 12.889091 0.555075
v 0.189634 12.967599 0.640916
v 0.197310 13.743878 0.099379
v 0.466235 13.673188 0.035106
v 0.734025 14.035958 0.137234
v 0.501359 14.162480 0.229039
v 1.524382 14.770271 0.822445
v 1.394623 14.942974 0.945104
v 1.685779 14.719693 1.074212
v 1.607606 14.862609 1.197660
v 1.462475 13.812173 1.256536
v 1.345692 13.883795 1.501206
v 1.231300 13.445302 1.186055
v 1.091328 13.473728 1.418027
v 2.631658 13.025094 2.090060
v 2.699719 13.448697 2.105974
v 2.710477 13.471331 1.878445
v 2.656124 13.012598 1.843284
v 1.116467 12.934479 1.493713
v 1.048519 12.650088 1.469635
v 1.196180 12.640160 1.320059
v 1.289223 12.910843 1.325015
v 1.954329 13.910769 1.582112
v 2.196431 14.080875 1.686641
v 2.119563 14.169687 1.868892
v 1.853403 14.044535 1.795443
v 1.604347 11.880727 1.601790
v 1.564976 11.784065 1.765453
v 1.871313 11.750448 1.851618
v 1.901261 11.878819 1.660585
v 1.089486 12.355644 1.521436
v 1.214533 12.340741 1.378834
v 1.351429 12.044765 1.461553
v 1.307534 12.021980 1.656144
v 2.213356 12.038527 1.930265
v 2.269430 12.147887 1.672690
v 2.464097 12.502224 2.011512
v 2.494961 12.546402 1.736439
v 2.662166 13.807833 1.855730
v 2.661882 13.871014 2.095975
v 2.473079 14.130513 1.983646
v 2.482793 14.045508 1.798026
v 1.700544 13.610792 1.472741
v 1.548465 13.712271 1.685356
v 1.280744 13.313504 1.590046
v 1.457444 13.254010 1.391429

vt 0.706250 1.400000
vt 0.721875 1.400000
vt 0.731250 1.400000
vt 0.712500 1.400000
vt 0.671359 1.529871
vt 0.649484 1.529871
vt 0.652609 1.529871
vt 0.679171 1.529871
vt 0.656250 1.400000
vt 0.662500 1.400000
vt 0.707296 1.529871
vt 0.694796 1.529871
vt 0.754688 1.400000
vt 0.740625 1.400000
vt 0.718750 1.400000
vt 0.728125 1.400000
vt 0.663546 1.529871
vt 0.646359 1.529871
vt 0.713546 1.529871
vt 0.711984 1.529871
vt 0.768750 1.400000
vt 0.737500 1.400000
vt 0.737500 1.400000
vt 0.768750 1.400000
vt 0.700000 1.400000
vt 0.712500 1.400000
vt 0.687500 1.400000
vt 0.693750 1.400000
vt 0.694796 1.529871
vt 0.676046 1.529871
vt 0.686984 1.529871
vt 0.664328 1.529871
vt 0.731250 1.400000
vt 0.721875 1.400000
vt 0.706250 1.400000
vt 0.712500 1.400000
vt 0.595313 1.400000
vt 0.592188 1.400000
vt 0.614063 1.400000
vt 0.621875 1.400000
vt 0.650000 1.400000
vt 0.662500 1.400000
vt 0.656250 1.400000
vt 0.637500 1.400000
vt 0.718750 1.400000
vt 0.740625 1.400000
vt 0.754688 1.400000
vt 0.728125 1.400000
vt 0.589063 1.400000
vt 0.606250 1.400000
vt 0.656250 1.400000
vt 0.654688 1.400000
vt 0.768750 1.400000
vt 0.737500 1.400000
vt 0.768750 1.400000
vt 0.737500 1.400000
vt 0.700000 1.400000
vt 0.712500 1.400000
vt 0.693750 1.400000
vt 0.687500 1.400000
vt 0.637500 1.400000
vt 0.618750 1.400000
vt 0.607031 1.400000
vt 0.629688 1.400000

vn -0.684498 0.096544 0.722594
vn -0.742528 0.156309 0.651321
vn -0.723688 0.207953 0.658051
vn -0.666434 0.106879 0.737863
vn -0.642891 0.636514 0.426075
vn -0.667826 0.716040 0.203211
vn -0.802426 0.592327 0.072535
vn -0.737074 0.394329 0.548841
vn -0.903089 0.280810 0.324926
vn -0.909517 0.195486 0.366831
vn -0.868624 0.332796 0.367068
vn -0.849456 0.436245 0.296840
vn -0.385579 0.647177 0.657640
vn -0.066183 0.823847 0.562935
vn -0.385579 0.647177 0.657640
vn -0.615083 0.499131 0.610361
vn -0.568426 0.576582 0.586895
vn -0.326174 0.874062 0.360036
vn -0.350872 0.736231 0.578664
vn 0.057896 0.952677 0.298421
vn -0.640941 0.386308 0.663296
vn -0.577752 0.353775 0.735558
vn -0.652784 0.152943 0.741944
vn -0.710011 0.251174 0.657872
vn -0.772920 0.056221 0.632008
vn -0.778138 0.109793 0.618422
vn -0.880602 0.073495 0.468123
vn -0.822981 0.205654 0.529537
vn -0.836788 0.409487 0.363463
vn -0.870459 0.488912 0.057154
vn -0.821236 0.442090 0.360734
vn -0.834145 0.549142 -0.051429
vn -0.485935 0.006840 0.873968
vn -0.519523 -0.032328 0.853845
vn -0.597943 0.023329 0.801199
vn -0.598137 0.049108 0.799888
vn 0.171953 -0.231889 0.957424
vn 0.189535 -0.009192 0.981831
vn -0.017472 0.107480 0.994054
vn -0.286574 0.013255 0.957966
vn -0.225562 -0.211163 0.951069
vn -0.325536 -0.298497 0.897177
vn -0.237382 -0.282304 0.929491
vn -0.102376 -0.195700 0.975305
vn -0.130645 0.416241 0.899820
vn 0.132088 0.656131 0.742997
vn -0.130645 0.416241 0.899820
vn -0.234819 0.177468 0.955701
vn 0.255310 0.382191 0.888114
vn -0.156537 0.228169 0.960955
vn 0.001943 0.437789 0.899076
vn 0.433407 0.635036 0.639443
vn -0.353304 0.143000 0.924515
vn -0.413200 0.214581 0.884998
vn -0.454113 0.034713 0.890267
vn -0.567474 0.080781 0.819419
vn -0.578835 -0.107953 0.808267
vn -0.534552 -0.096254 0.839636
vn -0.416697 -0.138021 0.898507
vn -0.473055 -0.271245 0.838239
vn -0.165138 -0.158654 0.973426
vn 0.099608 -0.331655 0.938127
vn 0.225080 -0.346845 0.910515
vn -0.138167 -0.135711 0.981067

g polygon20
s 1
usemtl mat11
f 2455/2455/2455 2456/2456/2456 2457/2457/2457
f 2458/2458/2458 2455/2455/2455 2457/2457/2457
f 2459/2459/2459 2460/2460/2460 2461/2461/2461
f 2462/2462/2462 2459/2459/2459 2461/2461/2461
f 2463/2463/2463 2464/2464/2464 2465/2465/2465
f 2466/2466/2466 2463/2463/2463 2465/2465/2465
f 2467/2467/2467 2468/2468/2468 2469/2469/2469
f 2470/2470/2470 2467/2467/2467 2469/2469/2469
f 2471/2471/2471 2472/2472/2472 2460/2460/2460
f 2459/2459/2459 2471/2471/2471 2460/2460/2460
f 2472/2472/2472 2471/2471/2471 2473/2473/2473
f 2474/2474/2474 2472/2472/2472 2473/2473/2473
f 2473/2473/2473 2469/2469/2469 2468/2468/2468
f 2474/2474/2474 2473/2473/2473 2468/2468/2468
f 2475/2475/2475 2467/2467/2467 2470/2470/2470
f 2476/2476/2476 2475/2475/2475 2470/2470/2470
f 2476/2476/2476 2477/2477/2477 2478/2478/2478
f 2475/2475/2475 2476/2476/2476 2478/2478/2478
f 2478/2478/2478 2477/2477/2477 2458/2458/2458
f 2457/2457/2457 2478/2478/2478 2458/2458/2458
f 2456/2456/2456 2455/2455/2455 2479/2479/2479
f 2480/2480/2480 2456/2456/2456 2479/2479/2479
f 2479/2479/2479 2481/2481/2481 2482/2482/2482
f 2480/2480/2480 2479/2479/2479 2482/2482/2482
f 2482/2482/2482 2481/2481/2481 2464/2464/2464
f 2463/2463/2463 2482/2482/2482 2464/2464/2464
f 2466/2466/2466 2465/2465/2465 2483/2483/2483
f 2484/2484/2484 2466/2466/2466 2483/2483/2483
f 2483/2483/2483 2485/2485/2485 2486/2486/2486
f 2484/2484/2484 2483/2483/2483 2486/2486/2486
f 2486/2486/2486 2485/2485/2485 2462/2462/2462
f 2461/2461/2461 2486/2486/2486 2462/2462/2462
f 2487/2487/2487 2488/2488/2488 2489/2489/2489
f 2490/2490/2490 2487/2487/2487 2489/2489/2489
f 2491/2491/2491 2492/2492/2492 2493/2493/2493
f 2494/2494/2494 2491/2491/2491 2493/2493/2493
f 2495/2495/2495 2496/2496/2496 2497/2497/2497
f 2498/2498/2498 2495/2495/2495 2497/2497/2497
f 2499/2499/2499 2500/2500/2500 2501/2501/2501
f 2502/2502/2502 2499/2499/2499 2501/2501/2501
f 2492/2492/2492 2503/2503/2503 2504/2504/2504
f 2493/2493/2493 2492/2492/2492 2504/2504/2504
f 2505/2505/2505 2504/2504/2504 2503/2503/2503
f 2506/2506/2506 2505/2505/2505 2503/2503/2503
f 2500/2500/2500 2499/2499/2499 2505/2505/2505
f 2506/2506/2506 2500/2500/2500 2505/2505/2505
f 2502/2502/2502 2501/2501/2501 2507/2507/2507
f 2508/2508/2508 2502/2502/2502 2507/2507/2507
f 2509/2509/2509 2510/2510/2510 2508/2508/2508
f 2507/2507/2507 2509/2509/2509 2508/2508/2508
f 2490/2490/2490 2510/2510/2510 2509/2509/2509
f 2487/2487/2487 2490/2490/2490 2509/2509/2509
f 2511/2511/2511 2489/2489/2489 2488/2488/2488
f 2512/2512/2512 2511/2511/2511 2488/2488/2488
f 2513/2513/2513 2514/2514/2514 2511/2511/2511
f 2512/2512/2512 2513/2513/2513 2511/2511/2511
f 2496/2496/2496 2514/2514/2514 2513/2513/2513
f 2497/2497/2497 2496/2496/2496 2513/2513/2513
f 2515/2515/2515 2495/2495/2495 2498/2498/2498
f 2516/2516/2516 2515/2515/2515 2498/2498/2498
f 2517/2517/2517 2518/2518/2518 2515/2515/2515
f 2516/2516/2516 2517/2517/2517 2515/2515/2515
f 2494/2494/2494 2518/2518/2518 2517/2517/2517
f 2491/2491/2491 2494/2494/2494 2517/2517/2517

v -1.031192 13.153927 2.683890
v -1.040401 13.224715 2.530534
v -1.270971 13.158743 2.393148
v -1.335210 13.048347 2.540931
v -1.099710 13.037936 2.800627
v -1.031192 13.153927 2.683890
v -1.335210 13.048347 2.540931
v -1.311118 12.976704 2.693434
v -0.128673 12.192484 3.430532
v -0.133930 12.457942 3.353752
v -0.288764 12.525916 3.358130
v -0.321521 12.190881 3.461518
v -0.321521 12.190881 3.461518
v -0.288764 12.525916 3.358130
v -0.464052 12.500241 3.377904
v -0.473152 12.267879 3.454438
v -1.270971 13.158743 2.393148
v -1.040401 13.224715 2.530534
v -1.128914 13.250491 2.396099
v -1.293907 12.883335 2.878527
v -1.099710 13.037936 2.800627
v -1.311118 12.976704 2.693434
v -0.128673 12.192484 3.430532
v -0.039467 12.328939 3.385488
v -0.133930 12.457942 3.353752
v -0.664016 12.350519 3.450566
v -0.473152 12.267879 3.454438
v -0.464052 12.500241 3.377904

vt 0.040904 0.979171
vt 0.078976 0.984648
vt 0.127546 0.911938
vt 0.099668 0.882784
vt 0.017833 0.943545
vt 0.040904 0.979171
vt 0.099668 0.882784
vt 0.052356 0.877034
vt 0.127546 0.911938
vt 0.078976 0.984648
vt 0.040904 0.979171
vt 0.099668 0.882784
vt 0.099668 0.882784
vt 0.040904 0.979171
vt 0.017833 0.943545
vt 0.052356 0.877034
vt 0.127546 0.911938
vt 0.078976 0.984648
vt 0.118660 0.959103
vt 0.012717 0.869818
vt 0.017833 0.943545
vt 0.052356 0.877034
vt 0.127546 0.911938
vt 0.118660 0.959103
vt 0.078976 0.984648
vt 0.012717 0.869818
vt 0.052356 0.877034
vt 0.017833 0.943545

vn -0.461620 0.794842 0.393869
vn -0.461620 0.794842 0.393869
vn -0.461620 0.794842 0.393869
vn -0.461620 0.794842 0.393869
vn -0.465832 0.760180 0.452909
vn -0.465832 0.760180 0.452909
vn -0.465832 0.760180 0.452909
vn -0.465832 0.760180 0.452909
vn 0.149554 0.277857 0.948909
vn 0.149554 0.277857 0.948909
vn 0.149554 0.277857 0.948909
vn 0.149554 0.277857 0.948909
vn 0.083364 0.295624 0.951660
vn 0.083364 0.295624 0.951660
vn 0.083364 0.295624 0.951660
vn 0.083364 0.295624 0.951660
vn -0.487655 0.740152 0.462999
vn -0.487655 0.740152 0.462999
vn -0.487655 0.740152 0.462999
vn -0.447156 0.781192 0.435649
vn -0.447156 0.781192 0.435649
vn -0.447156 0.781192 0.435649
vn 0.058171 0.278440 0.958690
vn 0.058171 0.278440 0.958690
vn 0.058171 0.278440 0.958690
vn 0.113669 0.306797 0.944963
vn 0.113669 0.306797 0.944963
vn 0.113669 0.306797 0.944963

g polygon21
s 1
usemtl mat1
f 2519/2519/2519 2520/2520/2520 2521/2521/2521
f 2522/2522/2522 2519/2519/2519 2521/2521/2521
f 2523/2523/2523 2524/2524/2524 2525/2525/2525
f 2526/2526/2526 2523/2523/2523 2525/2525/2525
f 2527/2527/2527 2528/2528/2528 2529/2529/2529
f 2530/2530/2530 2527/2527/2527 2529/2529/2529
f 2531/2531/2531 2532/2532/2532 2533/2533/2533
f 2534/2534/2534 2531/2531/2531 2533/2533/2533
f 2535/2535/2535 2536/2536/2536 2537/2537/2537
f 2538/2538/2538 2539/2539/2539 2540/2540/2540
f 2541/2541/2541 2542/2542/2542 2543/2543/2543
f 2544/2544/2544 2545/2545/2545 2546/2546/2546

v 1.241654 5.902354 -4.308661
v 1.103659 5.865480 -4.479786
v 0.716256 6.699181 -4.254188
v 0.847724 6.678675 -4.080864
v 0.807041 5.728974 -4.595460
v 0.384806 6.657970 -4.362626
v 0.462346 5.578653 -4.466399
v 0.040108 6.507648 -4.233565
v 0.334465 5.535730 -4.094306
v -0.034259 6.325283 -3.880962
v 0.553255 5.564119 -3.780377
v 0.217705 6.248204 -3.570337
v 0.939073 5.676534 -3.753418
v 0.606264 6.334445 -3.535595
v 1.744190 5.212821 -4.354022
v 2.294821 4.757065 -4.098589
v 2.312136 4.634970 -4.273231
v 1.643645 5.176150 -4.530245
v 2.080035 4.323315 -4.361311
v 1.376005 4.961116 -4.634240
v 1.735339 4.172994 -4.232251
v 1.031310 4.810799 -4.505179
v 1.574163 4.242775 -3.897656
v 0.912750 4.795376 -4.151443
v 1.691541 4.506685 -3.629155
v 1.085397 4.960456 -3.845867
v 2.046084 4.729087 -3.606512
v 1.461617 5.132987 -3.818838
v 3.005440 4.375329 -3.488899
v 3.096486 4.233716 -3.588176
v 2.900652 3.857472 -3.619416
v 2.555955 3.707152 -3.490354
v 2.272655 3.885386 -3.275784
v 2.264077 4.257959 -3.137280
v 2.536683 4.544317 -3.179138
v 0.727977 7.402688 -3.736726
v 0.589542 7.487436 -3.903482
v 0.248588 7.505347 -3.985616
v -0.105958 7.416294 -3.829296
v -0.183881 7.256044 -3.466854
v 0.073499 7.145267 -3.171221
v 0.472367 7.167387 -3.165008
v 0.715192 8.282037 -3.404626
v 0.864833 8.117936 -3.272110
v 0.381718 8.374802 -3.418295
v 0.027174 8.285747 -3.261976
v -0.063090 8.008823 -2.993991
v 0.190611 7.820036 -2.776688
v 0.592820 7.830491 -2.795092
v 1.573507 9.229802 -2.228925
v 1.657961 9.018495 -2.226235
v 1.168275 8.668885 -2.822145
v 1.045380 8.897806 -2.874427
v 1.259035 9.430543 -2.089032
v 0.720396 9.039499 -2.819710
v 0.904492 9.341491 -1.932713
v 0.365853 8.950442 -2.663392
v 0.807564 9.011600 -1.775938
v 0.289593 8.671872 -2.426733
v 1.020701 8.679818 -1.772469
v 0.534035 8.390338 -2.319863
v 1.421343 8.615435 -1.877421
v 0.942852 8.360091 -2.383054
v 2.306974 9.007607 -1.452466
v 2.299389 9.192254 -1.382053
v 2.009331 9.402159 -1.152506
v 1.654786 9.313106 -0.996186
v 1.455353 8.969613 -1.013739
v 1.561207 8.630342 -1.191944
v 1.892636 8.550767 -1.396611
v 2.836503 5.264193 -0.262802
v 3.013201 4.573096 -0.885055
v 2.977189 4.727738 -1.041499
v 2.779392 5.371317 -0.444481
v 2.708055 5.085589 0.010910
v 2.885315 4.322392 -0.683090
v 2.363356 4.935266 0.139972
v 2.540619 4.172072 -0.554029
v 2.003964 4.945807 -0.043988
v 2.172174 4.291963 -0.634801
v 1.900509 5.109278 -0.402443
v 2.074864 4.534290 -0.915932
v 2.130890 5.302574 -0.665471
v 2.316544 4.744257 -1.160318
v 3.249997 4.000224 -2.507702
v 3.141191 4.184239 -2.505292
v 3.126331 4.277384 -1.752128
v 3.188711 4.130445 -1.621643
v 3.092660 3.637967 -2.455035
v 3.048173 3.829387 -1.486367
v 2.747964 3.487645 -2.325974
v 2.703479 3.679069 -1.357305
v 2.418263 3.671486 -2.308630
v 2.361887 3.814595 -1.423427
v 2.358022 4.055610 -2.374500
v 2.280164 4.151834 -1.596707
v 2.613942 4.344758 -2.537511
v 2.532298 4.408346 -1.803270
v 2.644417 6.105636 -0.129010
v 2.709789 6.052446 0.087905
v 2.571837 5.932966 0.387920
v 2.217290 5.843912 0.544241
v 1.854342 5.876569 0.370120
v 1.756303 6.006340 -0.003327
v 1.996993 6.135515 -0.294884
v 2.570387 6.963613 -0.061390
v 2.624735 6.989652 0.190106
v 2.459992 6.968220 0.494076
v 2.105448 6.879166 0.650395
v 1.774619 6.765058 0.465512
v 1.712222 6.790206 0.087757
v 1.970290 6.898216 -0.201991
v 2.562899 7.725000 -0.196753
v 2.502844 8.446675 -0.635736
v 2.511366 8.595057 -0.463396
v 2.590447 7.852100 0.034175
v 2.271661 8.745195 -0.182756
v 2.392565 7.907770 0.328163
v 1.917117 8.656142 -0.026437
v 2.038022 7.818714 0.484481
v 1.651663 8.440310 -0.186913
v 1.738732 7.691092 0.301282
v 1.687181 8.228742 -0.517814
v 1.728802 7.581717 -0.070704
v 1.989203 8.231107 -0.808420
v 2.013534 7.635450 -0.367485

vt 0.774794 0.338371
vt 0.806063 0.328176
vt 0.838044 0.434427
vt 0.796098 0.438102
vt 0.862638 0.304405
vt 0.894778 0.432086
vt 0.832778 0.316506
vt 0.866472 0.433455
vt 0.803718 0.326822
vt 0.832184 0.434686
vt 0.766411 0.332519
vt 0.795268 0.434097
vt 0.719481 0.354218
vt 0.742992 0.442597
vt 0.720921 0.245883
vt 0.628860 0.186586
vt 0.643243 0.163144
vt 0.744102 0.228738
vt 0.678615 0.114908
vt 0.791340 0.189732
vt 0.657563 0.141860
vt 0.764964 0.209871
vt 0.640353 0.165273
vt 0.739371 0.229500
vt 0.616340 0.191608
vt 0.709051 0.246235
vt 0.590132 0.238317
vt 0.670466 0.282422
vt 0.499636 0.165922
vt 0.499406 0.142097
vt 0.499406 0.080397
vt 0.499403 0.113779
vt 0.499398 0.145748
vt 0.499377 0.176964
vt 0.499406 0.230282
vt 0.795291 0.559667
vt 0.833305 0.560173
vt 0.895025 0.564155
vt 0.867760 0.563269
vt 0.836922 0.562867
vt 0.794699 0.564254
vt 0.742992 0.554048
vt 0.800495 0.666282
vt 0.768974 0.656401
vt 0.859724 0.681862
vt 0.834057 0.676853
vt 0.803718 0.669823
vt 0.766411 0.664126
vt 0.719481 0.642427
vt 0.638593 0.823223
vt 0.624643 0.803667
vt 0.715501 0.746814
vt 0.737467 0.762866
vt 0.673878 0.874067
vt 0.787968 0.796246
vt 0.655987 0.850671
vt 0.762924 0.782612
vt 0.639179 0.829024
vt 0.739371 0.767144
vt 0.616340 0.805036
vt 0.709051 0.750409
vt 0.590132 0.758327
vt 0.670466 0.714222
vt 0.499215 0.822265
vt 0.499406 0.843908
vt 0.499997 0.908945
vt 0.499403 0.879739
vt 0.499398 0.850896
vt 0.499377 0.819680
vt 0.499406 0.766362
vt 0.838044 0.434427
vt 0.806063 0.328176
vt 0.774794 0.338371
vt 0.796098 0.438102
vt 0.894778 0.432086
vt 0.862638 0.304405
vt 0.866472 0.433455
vt 0.832778 0.316506
vt 0.832184 0.434686
vt 0.803718 0.326822
vt 0.795268 0.434097
vt 0.766411 0.332519
vt 0.742992 0.442597
vt 0.719481 0.354218
vt 0.643243 0.163144
vt 0.628860 0.186586
vt 0.720921 0.245883
vt 0.744102 0.228738
vt 0.678615 0.114908
vt 0.791340 0.189732
vt 0.657563 0.141860
vt 0.764964 0.209871
vt 0.640353 0.165273
vt 0.739371 0.229500
vt 0.616340 0.191608
vt 0.709051 0.246235
vt 0.590132 0.238317
vt 0.670466 0.282422
vt 0.795291 0.559667
vt 0.833305 0.560173
vt 0.895025 0.564155
vt 0.867760 0.563269
vt 0.836922 0.562867
vt 0.794699 0.564254
vt 0.742992 0.554048
vt 0.768974 0.656401
vt 0.800495 0.666282
vt 0.859724 0.681862
vt 0.834057 0.676853
vt 0.803718 0.669823
vt 0.766411 0.664126
vt 0.719481 0.642427
vt 0.715501 0.746814
vt 0.624643 0.803667
vt 0.638593 0.823223
vt 0.737467 0.762866
vt 0.673878 0.874067
vt 0.787968 0.796246
vt 0.655987 0.850671
vt 0.762924 0.782612
vt 0.639179 0.829024
vt 0.739371 0.767144
vt 0.616340 0.805036
vt 0.709051 0.750409
vt 0.590132 0.758327
vt 0.670466 0.714222

vn 0.661512 0.505552 -0.553913
vn 0.467266 0.416188 -0.780032
vn 0.506128 0.425314 -0.750295
vn 0.732208 0.424336 -0.532739
vn -0.053884 0.125296 -0.990655
vn -0.095911 0.302451 -0.948327
vn -0.648864 -0.275879 -0.709130
vn -0.752089 -0.001426 -0.659060
vn -0.834355 -0.539035 0.115292
vn -0.931889 -0.339600 0.127496
vn -0.373041 -0.409416 0.832598
vn -0.408265 -0.431156 0.804627
vn -0.277335 -0.396201 0.875277
vn -0.267969 -0.423083 0.865560
vn 0.660640 0.565053 -0.494237
vn 0.667545 0.627946 -0.400083
vn 0.640826 0.290865 -0.710451
vn 0.514624 0.366690 -0.775048
vn 0.257026 -0.409761 -0.875234
vn 0.051707 -0.114066 -0.992127
vn -0.306993 -0.828147 -0.468965
vn -0.501645 -0.566363 -0.653900
vn -0.670689 -0.672607 0.312692
vn -0.724589 -0.659071 0.201485
vn -0.538995 0.002489 0.842305
vn -0.397045 -0.258398 0.880674
vn -0.525846 -0.020012 0.850344
vn -0.350292 -0.257541 0.900538
vn 0.773479 0.603424 -0.193933
vn 0.894432 0.159890 -0.417644
vn 0.532956 -0.665615 -0.522412
vn -0.162524 -0.952853 -0.256238
vn -0.773262 -0.603780 0.193690
vn -0.815038 0.249839 0.522775
vn -0.828208 0.215379 0.517382
vn 0.787520 0.294863 -0.541172
vn 0.533604 0.404443 -0.742760
vn -0.123248 0.472505 -0.872668
vn -0.797735 0.282530 -0.532724
vn -0.966848 -0.122124 0.224254
vn -0.410245 -0.418839 0.810107
vn -0.267969 -0.423083 0.865560
vn 0.500264 0.404390 -0.765640
vn 0.754094 0.203340 -0.624496
vn -0.134484 0.626687 -0.767579
vn -0.776825 0.520131 -0.354973
vn -0.927254 0.038867 0.372409
vn -0.367527 -0.443712 0.817339
vn -0.267403 -0.457984 0.847789
vn 0.556393 0.581191 -0.593838
vn 0.711270 0.256679 -0.654378
vn 0.700161 0.207437 -0.683187
vn 0.482394 0.479682 -0.732940
vn 0.036220 0.963812 -0.264111
vn -0.096408 0.807317 -0.582189
vn -0.566407 0.785604 0.249017
vn -0.705682 0.702893 -0.089188
vn -0.782518 0.023053 0.622201
vn -0.843584 0.081168 0.530828
vn -0.417126 -0.755627 0.505009
vn -0.345225 -0.580761 0.737249
vn -0.409505 -0.743746 0.528344
vn -0.297899 -0.583465 0.755529
vn 0.893173 0.201700 -0.401943
vn 0.805305 0.545766 -0.231569
vn 0.274522 0.942042 0.192857
vn -0.435936 0.747979 0.500486
vn -0.876587 0.038978 0.479662
vn -0.653877 -0.752700 0.076732
vn -0.676174 -0.730381 0.096600
vn 0.983611 0.102151 0.148573
vn 0.980202 0.069032 0.185575
vn 0.950759 0.309789 -0.009401
vn 0.955271 0.273366 -0.112821
vn 0.738109 -0.262017 0.621725
vn 0.747252 -0.416915 0.517491
vn 0.044332 -0.540446 0.840210
vn 0.069698 -0.762205 0.643572
vn -0.747145 -0.464635 0.475277
vn -0.733395 -0.607365 0.305350
vn -0.967356 -0.052762 -0.247867
vn -0.961387 -0.011222 -0.274970
vn -0.926838 0.022841 -0.374767
vn -0.932499 0.047216 -0.358074
vn 0.998075 0.049078 -0.037926
vn 0.871712 0.489766 -0.015738
vn 0.921419 0.388556 -0.003318
vn 0.991478 0.043954 0.122633
vn 0.702169 -0.711035 -0.037247
vn 0.746954 -0.584612 0.316683
vn -0.055356 -0.998455 0.004742
vn 0.037869 -0.931508 0.361743
vn -0.819904 -0.571618 0.031794
vn -0.764881 -0.631801 0.125634
vn -0.956823 0.285276 0.055740
vn -0.971113 0.130133 -0.200014
vn -0.961072 0.274551 0.031028
vn -0.957774 0.153605 -0.243053
vn 0.959777 0.178279 -0.216898
vn 0.988782 0.096378 0.114116
vn 0.710773 -0.091963 0.697384
vn -0.001314 -0.256490 0.966546
vn -0.782105 -0.247159 0.572035
vn -0.969336 -0.040445 -0.242388
vn -0.926838 0.022841 -0.374767
vn 0.977668 0.052025 -0.203616
vn 0.985980 0.075656 0.148725
vn 0.666652 0.084476 0.740567
vn -0.058262 0.033806 0.997729
vn -0.826294 -0.029463 0.562467
vn -0.955874 -0.045517 -0.290228
vn -0.922567 -0.014568 -0.385563
vn 0.990586 0.010877 -0.136460
vn 0.988894 0.068782 -0.131749
vn 0.938194 0.322787 0.124905
vn 0.971017 0.148980 0.186897
vn 0.481364 0.662538 0.573875
vn 0.598840 0.336771 0.726620
vn -0.314771 0.615296 0.722724
vn -0.166167 0.337748 0.926453
vn -0.931732 0.124042 0.341304
vn -0.883876 0.108438 0.454977
vn -0.834954 -0.472840 -0.281556
vn -0.919292 -0.192230 -0.343438
vn -0.844730 -0.449184 -0.290972
vn -0.905381 -0.172320 -0.388061

g polygon23
s 1
usemtl mat17
f 2547/2547/2547 2548/2548/2548 2549/2549/2549
f 2550/2550/2550 2547/2547/2547 2549/2549/2549
f 2548/2548/2548 2551/2551/2551 2552/2552/2552
f 2549/2549/2549 2548/2548/2548 2552/2552/2552
f 2551/2551/2551 2553/2553/2553 2554/2554/2554
f 2552/2552/2552 2551/2551/2551 2554/2554/2554
f 2553/2553/2553 2555/2555/2555 2556/2556/2556
f 2554/2554/2554 2553/2553/2553 2556/2556/2556
f 2555/2555/2555 2557/2557/2557 2558/2558/2558
f 2556/2556/2556 2555/2555/2555 2558/2558/2558
f 2557/2557/2557 2559/2559/2559 2560/2560/2560
f 2558/2558/2558 2557/2557/2557 2560/2560/2560
f 2561/2561/2561 2562/2562/2562 2563/2563/2563
f 2564/2564/2564 2561/2561/2561 2563/2563/2563
f 2564/2564/2564 2563/2563/2563 2565/2565/2565
f 2566/2566/2566 2564/2564/2564 2565/2565/2565
f 2566/2566/2566 2565/2565/2565 2567/2567/2567
f 2568/2568/2568 2566/2566/2566 2567/2567/2567
f 2568/2568/2568 2567/2567/2567 2569/2569/2569
f 2570/2570/2570 2568/2568/2568 2569/2569/2569
f 2570/2570/2570 2569/2569/2569 2571/2571/2571
f 2572/2572/2572 2570/2570/2570 2571/2571/2571
f 2572/2572/2572 2571/2571/2571 2573/2573/2573
f 2574/2574/2574 2572/2572/2572 2573/2573/2573
f 2563/2563/2563 2562/2562/2562 2575/2575/2575
f 2576/2576/2576 2563/2563/2563 2575/2575/2575
f 2565/2565/2565 2563/2563/2563 2576/2576/2576
f 2577/2577/2577 2565/2565/2565 2576/2576/2576
f 2567/2567/2567 2565/2565/2565 2577/2577/2577
f 2578/2578/2578 2567/2567/2567 2577/2577/2577
f 2569/2569/2569 2567/2567/2567 2578/2578/2578
f 2579/2579/2579 2569/2569/2569 2578/2578/2578
f 2571/2571/2571 2569/2569/2569 2579/2579/2579
f 2580/2580/2580 2571/2571/2571 2579/2579/2579
f 2571/2571/2571 2580/2580/2580 2581/2581/2581
f 2573/2573/2573 2571/2571/2571 2581/2581/2581
f 2547/2547/2547 2561/2561/2561 2564/2564/2564
f 2548/2548/2548 2547/2547/2547 2564/2564/2564
f 2548/2548/2548 2564/2564/2564 2566/2566/2566
f 2551/2551/2551 2548/2548/2548 2566/2566/2566
f 2551/2551/2551 2566/2566/2566 2568/2568/2568
f 2553/2553/2553 2551/2551/2551 2568/2568/2568
f 2553/2553/2553 2568/2568/2568 2570/2570/2570
f 2555/2555/2555 2553/2553/2553 2570/2570/2570
f 2555/2555/2555 2570/2570/2570 2572/2572/2572
f 2557/2557/2557 2555/2555/2555 2572/2572/2572
f 2557/2557/2557 2572/2572/2572 2574/2574/2574
f 2559/2559/2559 2557/2557/2557 2574/2574/2574
f 2582/2582/2582 2550/2550/2550 2549/2549/2549
f 2583/2583/2583 2582/2582/2582 2549/2549/2549
f 2583/2583/2583 2549/2549/2549 2552/2552/2552
f 2584/2584/2584 2583/2583/2583 2552/2552/2552
f 2584/2584/2584 2552/2552/2552 2554/2554/2554
f 2585/2585/2585 2584/2584/2584 2554/2554/2554
f 2585/2585/2585 2554/2554/2554 2556/2556/2556
f 2586/2586/2586 2585/2585/2585 2556/2556/2556
f 2586/2586/2586 2556/2556/2556 2558/2558/2558
f 2587/2587/2587 2586/2586/2586 2558/2558/2558
f 2587/2587/2587 2558/2558/2558 2560/2560/2560
f 2588/2588/2588 2587/2587/2587 2560/2560/2560
f 2583/2583/2583 2589/2589/2589 2590/2590/2590
f 2582/2582/2582 2583/2583/2583 2590/2590/2590
f 2584/2584/2584 2591/2591/2591 2589/2589/2589
f 2583/2583/2583 2584/2584/2584 2589/2589/2589
f 2585/2585/2585 2592/2592/2592 2591/2591/2591
f 2584/2584/2584 2585/2585/2585 2591/2591/2591
f 2586/2586/2586 2593/2593/2593 2592/2592/2592
f 2585/2585/2585 2586/2586/2586 2592/2592/2592
f 2587/2587/2587 2594/2594/2594 2593/2593/2593
f 2586/2586/2586 2587/2587/2587 2593/2593/2593
f 2588/2588/2588 2595/2595/2595 2594/2594/2594
f 2587/2587/2587 2588/2588/2588 2594/2594/2594
f 2596/2596/2596 2597/2597/2597 2598/2598/2598
f 2599/2599/2599 2596/2596/2596 2598/2598/2598
f 2600/2600/2600 2596/2596/2596 2599/2599/2599
f 2601/2601/2601 2600/2600/2600 2599/2599/2599
f 2602/2602/2602 2600/2600/2600 2601/2601/2601
f 2603/2603/2603 2602/2602/2602 2601/2601/2601
f 2604/2604/2604 2602/2602/2602 2603/2603/2603
f 2605/2605/2605 2604/2604/2604 2603/2603/2603
f 2606/2606/2606 2604/2604/2604 2605/2605/2605
f 2607/2607/2607 2606/2606/2606 2605/2605/2605
f 2608/2608/2608 2606/2606/2606 2607/2607/2607
f 2609/2609/2609 2608/2608/2608 2607/2607/2607
f 2610/2610/2610 2597/2597/2597 2596/2596/2596
f 2611/2611/2611 2610/2610/2610 2596/2596/2596
f 2611/2611/2611 2596/2596/2596 2600/2600/2600
f 2612/2612/2612 2611/2611/2611 2600/2600/2600
f 2612/2612/2612 2600/2600/2600 2602/2602/2602
f 2613/2613/2613 2612/2612/2612 2602/2602/2602
f 2613/2613/2613 2602/2602/2602 2604/2604/2604
f 2614/2614/2614 2613/2613/2613 2604/2604/2604
f 2614/2614/2614 2604/2604/2604 2606/2606/2606
f 2615/2615/2615 2614/2614/2614 2606/2606/2606
f 2616/2616/2616 2615/2615/2615 2606/2606/2606
f 2608/2608/2608 2616/2616/2616 2606/2606/2606
f 2599/2599/2599 2598/2598/2598 2590/2590/2590
f 2589/2589/2589 2599/2599/2599 2590/2590/2590
f 2601/2601/2601 2599/2599/2599 2589/2589/2589
f 2591/2591/2591 2601/2601/2601 2589/2589/2589
f 2603/2603/2603 2601/2601/2601 2591/2591/2591
f 2592/2592/2592 2603/2603/2603 2591/2591/2591
f 2605/2605/2605 2603/2603/2603 2592/2592/2592
f 2593/2593/2593 2605/2605/2605 2592/2592/2592
f 2607/2607/2607 2605/2605/2605 2593/2593/2593
f 2594/2594/2594 2607/2607/2607 2593/2593/2593
f 2609/2609/2609 2607/2607/2607 2594/2594/2594
f 2595/2595/2595 2609/2609/2609 2594/2594/2594
f 2617/2617/2617 2618/2618/2618 2619/2619/2619
f 2620/2620/2620 2617/2617/2617 2619/2619/2619
f 2621/2621/2621 2622/2622/2622 2618/2618/2618
f 2617/2617/2617 2621/2621/2621 2618/2618/2618
f 2623/2623/2623 2624/2624/2624 2622/2622/2622
f 2621/2621/2621 2623/2623/2623 2622/2622/2622
f 2625/2625/2625 2626/2626/2626 2624/2624/2624
f 2623/2623/2623 2625/2625/2625 2624/2624/2624
f 2627/2627/2627 2628/2628/2628 2626/2626/2626
f 2625/2625/2625 2627/2627/2627 2626/2626/2626
f 2629/2629/2629 2630/2630/2630 2628/2628/2628
f 2627/2627/2627 2629/2629/2629 2628/2628/2628
f 2631/2631/2631 2632/2632/2632 2633/2633/2633
f 2634/2634/2634 2631/2631/2631 2633/2633/2633
f 2635/2635/2635 2631/2631/2631 2634/2634/2634
f 2636/2636/2636 2635/2635/2635 2634/2634/2634
f 2637/2637/2637 2635/2635/2635 2636/2636/2636
f 2638/2638/2638 2637/2637/2637 2636/2636/2636
f 2639/2639/2639 2637/2637/2637 2638/2638/2638
f 2640/2640/2640 2639/2639/2639 2638/2638/2638
f 2641/2641/2641 2639/2639/2639 2640/2640/2640
f 2642/2642/2642 2641/2641/2641 2640/2640/2640
f 2643/2643/2643 2641/2641/2641 2642/2642/2642
f 2644/2644/2644 2643/2643/2643 2642/2642/2642
f 2575/2575/2575 2632/2632/2632 2631/2631/2631
f 2576/2576/2576 2575/2575/2575 2631/2631/2631
f 2576/2576/2576 2631/2631/2631 2635/2635/2635
f 2577/2577/2577 2576/2576/2576 2635/2635/2635
f 2577/2577/2577 2635/2635/2635 2637/2637/2637
f 2578/2578/2578 2577/2577/2577 2637/2637/2637
f 2578/2578/2578 2637/2637/2637 2639/2639/2639
f 2579/2579/2579 2578/2578/2578 2639/2639/2639
f 2579/2579/2579 2639/2639/2639 2641/2641/2641
f 2580/2580/2580 2579/2579/2579 2641/2641/2641
f 2581/2581/2581 2580/2580/2580 2641/2641/2641
f 2643/2643/2643 2581/2581/2581 2641/2641/2641
f 2634/2634/2634 2633/2633/2633 2619/2619/2619
f 2618/2618/2618 2634/2634/2634 2619/2619/2619
f 2636/2636/2636 2634/2634/2634 2618/2618/2618
f 2622/2622/2622 2636/2636/2636 2618/2618/2618
f 2638/2638/2638 2636/2636/2636 2622/2622/2622
f 2624/2624/2624 2638/2638/2638 2622/2622/2622
f 2640/2640/2640 2638/2638/2638 2624/2624/2624
f 2626/2626/2626 2640/2640/2640 2624/2624/2624
f 2642/2642/2642 2640/2640/2640 2626/2626/2626
f 2628/2628/2628 2642/2642/2642 2626/2626/2626
f 2644/2644/2644 2642/2642/2642 2628/2628/2628
f 2630/2630/2630 2644/2644/2644 2628/2628/2628
f 2617/2617/2617 2620/2620/2620 2645/2645/2645
f 2646/2646/2646 2617/2617/2617 2645/2645/2645
f 2621/2621/2621 2617/2617/2617 2646/2646/2646
f 2647/2647/2647 2621/2621/2621 2646/2646/2646
f 2623/2623/2623 2621/2621/2621 2647/2647/2647
f 2648/2648/2648 2623/2623/2623 2647/2647/2647
f 2625/2625/2625 2623/2623/2623 2648/2648/2648
f 2649/2649/2649 2625/2625/2625 2648/2648/2648
f 2627/2627/2627 2625/2625/2625 2649/2649/2649
f 2650/2650/2650 2627/2627/2627 2649/2649/2649
f 2629/2629/2629 2627/2627/2627 2650/2650/2650
f 2651/2651/2651 2629/2629/2629 2650/2650/2650
f 2652/2652/2652 2653/2653/2653 2646/2646/2646
f 2645/2645/2645 2652/2652/2652 2646/2646/2646
f 2653/2653/2653 2654/2654/2654 2647/2647/2647
f 2646/2646/2646 2653/2653/2653 2647/2647/2647
f 2654/2654/2654 2655/2655/2655 2648/2648/2648
f 2647/2647/2647 2654/2654/2654 2648/2648/2648
f 2655/2655/2655 2656/2656/2656 2649/2649/2649
f 2648/2648/2648 2655/2655/2655 2649/2649/2649
f 2656/2656/2656 2657/2657/2657 2650/2650/2650
f 2649/2649/2649 2656/2656/2656 2650/2650/2650
f 2657/2657/2657 2658/2658/2658 2651/2651/2651
f 2650/2650/2650 2657/2657/2657 2651/2651/2651
f 2659/2659/2659 2660/2660/2660 2661/2661/2661
f 2662/2662/2662 2659/2659/2659 2661/2661/2661
f 2662/2662/2662 2661/2661/2661 2663/2663/2663
f 2664/2664/2664 2662/2662/2662 2663/2663/2663
f 2664/2664/2664 2663/2663/2663 2665/2665/2665
f 2666/2666/2666 2664/2664/2664 2665/2665/2665
f 2666/2666/2666 2665/2665/2665 2667/2667/2667
f 2668/2668/2668 2666/2666/2666 2667/2667/2667
f 2668/2668/2668 2667/2667/2667 2669/2669/2669
f 2670/2670/2670 2668/2668/2668 2669/2669/2669
f 2670/2670/2670 2669/2669/2669 2671/2671/2671
f 2672/2672/2672 2670/2670/2670 2671/2671/2671
f 2661/2661/2661 2660/2660/2660 2610/2610/2610
f 2611/2611/2611 2661/2661/2661 2610/2610/2610
f 2663/2663/2663 2661/2661/2661 2611/2611/2611
f 2612/2612/2612 2663/2663/2663 2611/2611/2611
f 2665/2665/2665 2663/2663/2663 2612/2612/2612
f 2613/2613/2613 2665/2665/2665 2612/2612/2612
f 2667/2667/2667 2665/2665/2665 2613/2613/2613
f 2614/2614/2614 2667/2667/2667 2613/2613/2613
f 2669/2669/2669 2667/2667/2667 2614/2614/2614
f 2615/2615/2615 2669/2669/2669 2614/2614/2614
f 2669/2669/2669 2615/2615/2615 2616/2616/2616
f 2671/2671/2671 2669/2669/2669 2616/2616/2616
f 2652/2652/2652 2659/2659/2659 2662/2662/2662
f 2653/2653/2653 2652/2652/2652 2662/2662/2662
f 2653/2653/2653 2662/2662/2662 2664/2664/2664
f 2654/2654/2654 2653/2653/2653 2664/2664/2664
f 2654/2654/2654 2664/2664/2664 2666/2666/2666
f 2655/2655/2655 2654/2654/2654 2666/2666/2666
f 2655/2655/2655 2666/2666/2666 2668/2668/2668
f 2656/2656/2656 2655/2655/2655 2668/2668/2668
f 2656/2656/2656 2668/2668/2668 2670/2670/2670
f 2657/2657/2657 2656/2656/2656 2670/2670/2670
f 2657/2657/2657 2670/2670/2670 2672/2672/2672
f 2658/2658/2658 2657/2657/2657 2672/2672/2672

v 1.603027 7.021178 -4.342676
v 1.229076 6.673220 -4.426403
v 1.071535 6.652047 -4.160676
v 1.544622 7.097846 -4.050712
v 1.744190 5.212821 -4.354022
v 1.794822 5.446198 -4.357323
v 2.528623 5.627330 -4.263293
v 2.470952 5.406070 -4.256071
v 1.241654 5.902354 -4.308661
v 1.417603 6.027235 -4.367775
v 1.794822 5.446198 -4.357323
v 1.744190 5.212821 -4.354022
v 0.847724 6.678675 -4.080864
v 1.071535 6.652047 -4.160676
v 1.353501 7.171129 -4.003356
v 1.544622 7.097846 -4.050712
v 1.071535 6.652047 -4.160676
v 0.847724 6.678675 -4.080864
v 2.778970 7.437258 -3.932813
v 2.803344 7.235729 -4.021930
v 1.544622 7.097846 -4.050712
v 1.530010 7.305369 -3.982335
v 3.272866 4.329801 -2.628975
v 3.623110 4.829329 -2.356669
v 3.541066 4.681813 -2.241570
v 3.141191 4.184239 -2.505292
v 4.054736 6.133779 -3.414090
v 4.217496 6.359454 -3.419415
v 4.376194 6.206192 -2.702413
v 4.184948 5.967807 -2.607521
v 1.830696 9.012848 -2.219775
v 2.130595 8.709252 -2.800923
v 1.924725 8.742993 -2.805588
v 1.657961 9.018495 -2.226235
v 3.135388 8.029206 -0.909393
v 3.249428 8.330304 -1.016155
v 2.771403 8.688833 -0.906903
v 2.600120 8.492098 -0.771327
v 3.030198 8.447954 -3.123141
v 3.621993 8.311250 -2.401366
v 3.716600 8.171522 -2.501857
v 3.166253 8.284685 -3.213019
v 4.007823 5.930847 -3.462128
v 4.130591 5.700166 -3.610278
v 3.635500 5.961479 -4.076694
v 3.450841 6.214849 -3.975739
v 2.294821 4.757065 -4.098589
v 2.506337 4.848592 -4.071975
v 3.099792 4.516632 -3.488218
v 3.005440 4.375329 -3.488899
v 2.646749 5.490133 -4.194681
v 2.506337 4.848592 -4.071975
v 2.294821 4.757065 -4.098589
v 2.795946 4.877416 -4.153870
v 3.356689 4.558487 -3.609635
v 3.099792 4.516632 -3.488218
v 2.506337 4.848592 -4.071975
v 2.947087 5.370706 -4.265136
v 2.795946 4.877416 -4.153870
v 2.506337 4.848592 -4.071975
v 2.646749 5.490133 -4.194681
v 3.635500 5.961479 -4.076694
v 2.947087 5.370706 -4.265136
v 2.646749 5.490133 -4.194681
v 3.450841 6.214849 -3.975739
v 3.480849 6.444344 -3.932993
v 3.323509 6.350576 -4.047752
v 2.803344 7.235729 -4.021930
v 2.962476 7.376505 -3.890915
v 3.847113 7.895064 -1.585291
v 3.806790 8.243108 -1.597731
v 3.249428 8.330304 -1.016155
v 3.135388 8.029206 -0.909393
v 3.030198 8.447954 -3.123141
v 2.986513 8.321156 -3.266585
v 2.019789 8.652780 -2.949903
v 3.731565 6.642480 -3.915934
v 3.941115 6.904430 -3.711962
v 4.123186 6.795621 -3.530151
v 3.965837 6.506850 -3.684038
v 3.290966 7.452498 -3.886486
v 3.685360 7.452527 -3.715710
v 3.941115 6.904430 -3.711962
v 3.731565 6.642480 -3.915934
v 4.184948 5.967807 -2.607521
v 4.376194 6.206192 -2.702413
v 4.354632 6.384554 -2.468188
v 4.157440 6.163092 -2.349955
v 3.450841 6.214849 -3.975739
v 2.646749 5.490133 -4.194681
v 2.528623 5.627330 -4.263293
v 3.323509 6.350576 -4.047752
v 2.019789 8.652780 -2.949903
v 1.275782 8.579057 -2.976145
v 1.168275 8.668885 -2.822145
v 1.275782 8.579057 -2.976145
v 1.029304 8.110103 -3.322752
v 0.864833 8.117936 -3.272110
v 1.168275 8.668885 -2.822145
v 0.910124 7.520446 -3.708250
v 0.727977 7.402688 -3.736726
v 0.910124 7.520446 -3.708250
v 1.530010 7.305369 -3.982335
v 1.353501 7.171129 -4.003356
v 0.727977 7.402688 -3.736726
v 3.621993 8.311250 -2.401366
v 3.619243 8.618789 -2.289338
v 3.806790 8.243108 -1.597731
v 3.847113 7.895064 -1.585291
v 4.192316 7.690835 -1.957942
v 4.324877 7.625065 -2.282925
v 4.124551 7.954722 -2.796507
v 3.939654 8.112499 -2.641565
v 3.640992 4.874475 -2.169249
v 3.222360 4.480036 -1.669971
v 3.126331 4.277384 -1.752128
v 4.305258 6.686816 -3.348340
v 4.419312 6.580786 -2.811752
v 2.966581 5.369473 -0.593233
v 3.288375 5.917669 -0.768080
v 3.157859 5.949934 -0.606633
v 2.779392 5.371317 -0.444481
v 4.419312 6.580786 -2.811752
v 4.421456 6.719007 -2.631535
v 4.308807 6.763620 -1.970390
v 4.416965 6.957373 -2.338455
v 4.324877 7.625065 -2.282925
v 4.192316 7.690835 -1.957942
v 2.589202 9.105917 -1.567042
v 2.526649 9.111531 -1.645155
v 2.328086 8.977338 -1.602337
v 2.399141 8.972266 -1.514131
v 2.088781 9.150833 -2.191943
v 2.360881 8.931674 -2.688853
v 2.130595 8.709252 -2.800923
v 1.830696 9.012848 -2.219775
v 2.360881 8.931674 -2.688853
v 3.109549 8.715001 -2.910294
v 3.030198 8.447954 -3.123141
v 2.130595 8.709252 -2.800923
v 3.109549 8.715001 -2.910294
v 3.619243 8.618789 -2.289338
v 3.621993 8.311250 -2.401366
v 3.030198 8.447954 -3.123141
v 3.146372 8.964778 -1.913756
v 2.762151 9.070121 -1.899617
v 2.526649 9.111531 -1.645155
v 2.589202 9.105917 -1.567042
v 3.952235 7.752729 -1.733400
v 3.716600 8.171522 -2.501857
v 2.562899 7.725000 -0.196753
v 2.719028 7.602263 -0.259221
v 3.165743 7.877195 -0.792633
v 3.024477 7.998680 -0.735296
v 2.570387 6.963613 -0.061390
v 2.705092 6.975923 -0.168063
v 2.719028 7.602263 -0.259221
v 2.562899 7.725000 -0.196753
v 3.768983 8.001296 -3.329400
v 3.462605 8.184706 -3.331630
v 3.768983 8.001296 -3.329400
v 3.685360 7.452527 -3.715710
v 3.290966 7.452498 -3.886486
v 3.462605 8.184706 -3.331630
v 2.644417 6.105636 -0.129010
v 2.764167 6.265625 -0.217998
v 3.157859 5.949934 -0.606633
v 3.284297 6.118062 -0.679873
v 2.764167 6.265625 -0.217998
v 2.644417 6.105636 -0.129010
v 3.166253 8.284685 -3.213019
v 3.728719 6.317508 -3.734434
v 3.480849 6.444344 -3.932993
v 3.480849 6.444344 -3.932993
v 2.962476 7.376505 -3.890915
v 2.962476 7.376505 -3.890915
v 3.166253 8.284685 -3.213019
v 2.027591 8.635249 -3.276436
v 1.396626 8.575733 -3.276279
v 1.275782 8.579057 -2.976145
v 2.019789 8.652780 -2.949903
v 2.769685 8.379163 -3.474963
v 2.027591 8.635249 -3.276436
v 2.019789 8.652780 -2.949903
v 2.986513 8.321156 -3.266585
v 2.733597 8.186738 -3.626931
v 2.769685 8.379163 -3.474963
v 2.986513 8.321156 -3.266585
v 2.929888 8.055173 -3.451393
v 1.580403 7.555624 -4.085007
v 2.616908 7.691419 -4.053617
v 2.778970 7.437258 -3.932813
v 1.530010 7.305369 -3.982335
v 1.096948 7.722162 -3.866958
v 1.580403 7.555624 -4.085007
v 1.530010 7.305369 -3.982335
v 0.910124 7.520446 -3.708250
v 1.192713 8.197227 -3.550564
v 1.096948 7.722162 -3.866958
v 0.910124 7.520446 -3.708250
v 1.029304 8.110103 -3.322752
v 1.396626 8.575733 -3.276279
v 1.192713 8.197227 -3.550564
v 1.029304 8.110103 -3.322752
v 1.275782 8.579057 -2.976145
v 2.803344 7.235729 -4.021930
v 2.794119 7.155034 -4.345747
v 1.603027 7.021178 -4.342676
v 1.544622 7.097846 -4.050712
v 3.232779 6.449989 -4.360749
v 2.794119 7.155034 -4.345747
v 2.803344 7.235729 -4.021930
v 3.323509 6.350576 -4.047752
v 2.549735 5.805347 -4.539571
v 3.232779 6.449989 -4.360749
v 3.323509 6.350576 -4.047752
v 2.528623 5.627330 -4.263293
v 1.901782 5.682597 -4.584631
v 2.549735 5.805347 -4.539571
v 2.528623 5.627330 -4.263293
v 1.794822 5.446198 -4.357323
v 1.514787 6.176950 -4.560144
v 1.901782 5.682597 -4.584631
v 1.794822 5.446198 -4.357323
v 1.417603 6.027235 -4.367775
v 1.229076 6.673220 -4.426403
v 1.071535 6.652047 -4.160676
v 3.272866 4.329801 -2.628975
v 3.141191 4.184239 -2.505292
v 4.094431 6.610394 -1.759997
v 3.952235 7.752729 -1.733400
v 2.719028 7.602263 -0.259221
v 3.016570 7.479352 -0.226720
v 3.411469 7.698637 -0.671272
v 3.165743 7.877195 -0.792633
v 3.165743 7.877195 -0.792633
v 3.411469 7.698637 -0.671272
v 3.936971 7.589141 -1.277535
v 3.894553 7.706592 -1.557190
v 3.894553 7.706592 -1.557190
v 3.936971 7.589141 -1.277535
v 4.004566 7.204404 -1.274995
v 3.952747 7.234373 -1.564060
v 4.032278 6.589015 -1.573447
v 4.094728 6.691225 -1.271606
v 3.459548 6.283813 -0.547500
v 3.284297 6.118062 -0.679873
v 3.284297 6.118062 -0.679873
v 3.459548 6.283813 -0.547500
v 3.050340 6.400100 -0.189680
v 2.764167 6.265625 -0.217998
v 2.764167 6.265625 -0.217998
v 3.050340 6.400100 -0.189680
v 2.998220 6.975256 -0.151681
v 2.705092 6.975923 -0.168063
v 2.705092 6.975923 -0.168063
v 2.998220 6.975256 -0.151681
v 3.016570 7.479352 -0.226720
v 2.719028 7.602263 -0.259221
v 3.522447 5.722108 -0.729352
v 4.275816 6.152216 -1.556434
v 4.059449 6.385594 -1.657300
v 3.288375 5.917669 -0.768080
v 4.059449 6.385594 -1.657300
v 4.275816 6.152216 -1.556434
v 4.359575 5.687370 -2.239544
v 4.151526 5.790172 -2.489002
v 4.151526 5.790172 -2.489002
v 4.359575 5.687370 -2.239544
v 3.909796 4.884854 -1.979244
v 3.640992 4.874475 -2.169249
v 3.640992 4.874475 -2.169249
v 3.909796 4.884854 -1.979244
v 3.521625 4.586283 -1.535263
v 3.222360 4.480036 -1.669971
v 3.101542 5.015749 -0.916624
v 3.355021 5.039217 -0.842783
v 3.266876 5.294030 -0.590223
v 2.966581 5.369473 -0.593233
v 2.966581 5.369473 -0.593233
v 3.266876 5.294030 -0.590223
v 3.522447 5.722108 -0.729352
v 3.288375 5.917669 -0.768080
v 3.288375 5.917669 -0.768080
v 4.059449 6.385594 -1.657300
v 4.032278 6.589015 -1.573447
v 3.284297 6.118062 -0.679873
v 3.135388 8.029206 -0.909393
v 2.600120 8.492098 -0.771327
v 2.502844 8.446675 -0.635736
v 3.847113 7.895064 -1.585291
v 3.952235 7.752729 -1.733400
v 3.516121 4.389998 -2.798134
v 3.272866 4.329801 -2.628975
v 3.272866 4.329801 -2.628975
v 3.516121 4.389998 -2.798134
v 3.824074 4.777159 -2.614200
v 3.623110 4.829329 -2.356669
v 3.623110 4.829329 -2.356669
v 3.824074 4.777159 -2.614200
v 4.255256 5.542026 -2.909997
v 4.137008 5.750448 -2.684022
v 3.894553 7.706592 -1.557190
v 3.847113 7.895064 -1.585291
v 3.165743 7.877195 -0.792633
v 3.640992 4.874475 -2.169249
v 3.623110 4.829329 -2.356669
v 4.137008 5.750448 -2.684022
v 4.151526 5.790172 -2.489002
v 4.214221 6.741219 -3.439246
v 4.210589 7.061772 -3.322071
v 4.297992 7.327922 -3.113988
v 4.305258 6.686816 -3.348340
v 4.123044 6.413871 -3.518164
v 4.214221 6.741219 -3.439246
v 3.972238 6.177375 -3.505267
v 3.728719 6.317508 -3.734434
v 3.972238 6.177375 -3.505267
v 4.007823 5.930847 -3.462128
v 3.450841 6.214849 -3.975739
v 3.728719 6.317508 -3.734434
v 3.869648 6.587119 -3.518179
v 3.991409 6.517053 -3.403595
v 3.972238 6.177375 -3.505267
v 4.424142 6.840993 -2.688106
v 4.421456 6.719007 -2.631535
v 4.419312 6.580786 -2.811752
v 4.416965 6.957373 -2.338455
v 4.418572 6.763646 -2.571650
v 4.418572 6.763646 -2.571650
v 4.416965 6.957373 -2.338455
v 4.308807 6.763620 -1.970390
v 4.338793 6.515583 -2.296118
v 4.133255 6.334786 -2.123503
v 4.094431 6.610394 -1.759997
v 4.059449 6.385594 -1.657300
v 4.151526 5.790172 -2.489002
v 4.157440 6.163092 -2.349955
v 4.133255 6.334786 -2.123503
v 4.008515 6.781841 -1.570642
v 4.066573 6.851483 -1.272663
v 4.094728 6.691225 -1.271606
v 4.032278 6.589015 -1.573447
v 4.094431 6.610394 -1.759997
v 3.952235 7.752729 -1.733400
v 3.952747 7.234373 -1.564060
v 4.008515 6.781841 -1.570642
v 3.222360 4.480036 -1.669971
v 3.521625 4.586283 -1.535263
v 3.449181 4.777621 -1.192087
v 3.187310 4.717500 -1.277679
v 4.255256 5.542026 -2.909997
v 4.192005 5.627656 -3.282127
v 4.071496 5.847208 -3.095064
v 4.137008 5.750448 -2.684022
v 3.815025 5.064896 -3.671041
v 3.898063 5.193686 -3.590805
v 4.192005 5.627656 -3.282127
v 4.255256 5.542026 -2.909997
v 4.130591 5.700166 -3.610278
v 4.145255 5.686959 -3.544732
v 3.898063 5.193686 -3.590805
v 4.145255 5.686959 -3.544732
v 4.023053 5.914858 -3.386854
v 4.023053 5.914858 -3.386854
v 4.054736 6.133779 -3.414090
v 4.184948 5.967807 -2.607521
v 4.071496 5.847208 -3.095064
v 2.616908 7.691419 -4.053617
v 2.674200 7.949322 -3.836621
v 2.856799 7.768720 -3.682977
v 2.778970 7.437258 -3.932813
v 2.856799 7.768720 -3.682977
v 2.929888 8.055173 -3.451393
v 3.166253 8.284685 -3.213019
v 2.962476 7.376505 -3.890915
v 2.600120 8.492098 -0.771327
v 2.771403 8.688833 -0.906903
v 2.699276 8.875221 -1.191200
v 2.517826 8.708285 -1.102688
v 3.014016 8.953953 -1.721032
v 2.699276 8.875221 -1.191200
v 2.771403 8.688833 -0.906903
v 2.626636 9.037851 -1.455091
v 2.435259 8.900570 -1.396047
v 2.626636 9.037851 -1.455091
v 2.502844 8.446675 -0.635736
v 2.517826 8.708285 -1.102688
v 2.435259 8.900570 -1.396047
v 2.306974 9.007607 -1.452466
v 2.370269 9.125567 -1.840436
v 2.088781 9.150833 -2.191943
v 1.830696 9.012848 -2.219775
v 2.150446 8.990020 -1.822850
v 2.328086 8.977338 -1.602337
v 2.150446 8.990020 -1.822850
v 1.657961 9.018495 -2.226235
v 4.303645 6.631915 -2.498954
v 4.424142 6.840993 -2.688106
v 4.418572 6.763646 -2.571650
v 3.459548 6.283813 -0.547500
v 4.094728 6.691225 -1.271606
v 3.576083 7.015652 -0.572663
v 4.004566 7.204404 -1.274995
v 3.936971 7.589141 -1.277535
v 3.411469 7.698637 -0.671272
v 3.016570 7.479352 -0.226720
v 2.998220 6.975256 -0.151681
v 3.050340 6.400100 -0.189680
v 2.626636 9.037851 -1.455091
v 2.701970 8.810559 -1.471050
v 2.864367 8.869054 -1.626393
v 3.014016 8.953953 -1.721032
v 3.249428 8.330304 -1.016155
v 3.806790 8.243108 -1.597731
v 3.619243 8.618789 -2.289338
v 4.124551 7.954722 -2.796507
v 4.324877 7.625065 -2.282925
v 3.516121 4.389998 -2.798134
v 3.824074 4.777159 -2.614200
v 1.603027 7.021178 -4.342676
v 2.794119 7.155034 -4.345747
v 2.174435 6.515926 -4.537209
v 3.232779 6.449989 -4.360749
v 2.549735 5.805347 -4.539571
v 1.901782 5.682597 -4.584631
v 1.514787 6.176950 -4.560144
v 1.229076 6.673220 -4.426403
v 3.323509 6.350576 -4.047752
v 3.450841 6.214849 -3.975739
v 3.728719 6.317508 -3.734434
v 3.356689 4.558487 -3.609635
v 2.795946 4.877416 -4.153870
v 2.947087 5.370706 -4.265136
v 3.635500 5.961479 -4.076694
v 3.296160 5.033104 -1.206037
v 3.449181 4.777621 -1.192087
v 3.481573 5.123106 -1.232316
v 3.941115 6.904430 -3.711962
v 3.685360 7.452527 -3.715710
v 3.284297 6.118062 -0.679873
v 2.600120 8.492098 -0.771327
v 1.580403 7.555624 -4.085007
v 1.867331 8.172140 -3.789403
v 2.616908 7.691419 -4.053617
v 3.894553 7.706592 -1.557190
v 2.733597 8.186738 -3.626931
v 2.769685 8.379163 -3.474963
v 4.029898 5.705331 -3.317332
v 4.145255 5.686959 -3.544732
v 4.023053 5.914858 -3.386854
v 2.027591 8.635249 -3.276436
v 1.396626 8.575733 -3.276279
v 2.778970 7.437258 -3.932813
v 2.856799 7.768720 -3.682977
v 2.962476 7.376505 -3.890915
v 4.151526 5.790172 -2.489002
v 4.184948 5.967807 -2.607521
v 4.032278 6.589015 -1.573447
v 4.059449 6.385594 -1.657300
v 4.094431 6.610394 -1.759997
v 1.192713 8.197227 -3.550564
v 1.096948 7.722162 -3.866958
v 3.165743 7.877195 -0.792633
v 3.541066 4.681813 -2.241570
v 4.123186 6.795621 -3.530151
v 3.869648 6.587119 -3.518179
v 3.965837 6.506850 -3.684038
v 3.942703 6.888433 -3.235778
v 2.088781 9.150833 -2.191943
v 2.360881 8.931674 -2.688853
v 3.109549 8.715001 -2.910294
v 4.214221 6.741219 -3.439246
v 3.942703 6.888433 -3.235778
v 4.210589 7.061772 -3.322071
v 3.991409 6.517053 -3.403595
v 4.123044 6.413871 -3.518164
v 4.007823 5.930847 -3.462128
v 3.972238 6.177375 -3.505267
v 4.054736 6.133779 -3.414090
v 3.942703 6.888433 -3.235778
v 3.768983 8.001296 -3.329400
v 4.210589 7.061772 -3.322071
v 3.972238 6.177375 -3.505267
v 3.728719 6.317508 -3.734434
v 4.123186 6.795621 -3.530151
v 3.941115 6.904430 -3.711962
v 4.338793 6.515583 -2.296118
v 4.133255 6.334786 -2.123503
v 4.183130 6.463487 -2.386957
v 4.183130 6.463487 -2.386957
v 1.530010 7.305369 -3.982335
v 2.399141 8.972266 -1.514131
v 2.986513 8.321156 -3.266585
v 4.094431 6.610394 -1.759997
v 4.059449 6.385594 -1.657300
v 4.183130 6.463487 -2.386957
v 4.157440 6.163092 -2.349955
v 4.354632 6.384554 -2.468188
v 4.421456 6.719007 -2.631535
v 4.303645 6.631915 -2.498954
v 4.424142 6.840993 -2.688106
v 2.778970 7.437258 -3.932813
v 2.962476 7.376505 -3.890915
v 2.803344 7.235729 -4.021930
v 3.704364 7.004094 -0.949059
v 4.004566 7.204404 -1.274995
v 3.576083 7.015652 -0.572663
v 3.719051 6.987647 -1.218100
v 3.952747 7.234373 -1.564060
v 4.066573 6.851483 -1.272663
v 2.019789 8.652780 -2.949903
v 4.032278 6.589015 -1.573447
v 4.094431 6.610394 -1.759997
v 4.008515 6.781841 -1.570642
v 3.952747 7.234373 -1.564060
v 3.719051 6.987647 -1.218100
v 4.066573 6.851483 -1.272663
v 3.704364 7.004094 -0.949059
v 3.576083 7.015652 -0.572663
v 3.719051 6.987647 -1.218100
v 2.470952 5.406070 -4.256071
v 4.008515 6.781841 -1.570642
v 3.355021 5.039217 -0.842783
v 3.296160 5.033104 -1.206037
v 3.481573 5.123106 -1.232316
v 3.875076 5.364928 -1.335737
v 3.952235 7.752729 -1.733400
v 3.894553 7.706592 -1.557190
v 3.521625 4.586283 -1.535263
v 3.875076 5.364928 -1.335737
v 3.449181 4.777621 -1.192087
v 3.126331 4.277384 -1.752128
v 3.222360 4.480036 -1.669971
v 3.187310 4.717500 -1.277679
v 3.187310 4.717500 -1.277679
v 3.296160 5.033104 -1.206037
v 3.101542 5.015749 -0.916624
v 2.977189 4.727738 -1.041499
v 3.126331 4.277384 -1.752128
v 2.779392 5.371317 -0.444481
v 3.101542 5.015749 -0.916624
v 3.296160 5.033104 -1.206037
v 3.355021 5.039217 -0.842783
v 3.296160 5.033104 -1.206037
v 3.187310 4.717500 -1.277679
v 3.449181 4.777621 -1.192087
v 2.779392 5.371317 -0.444481
v 3.101542 5.015749 -0.916624
v 2.966581 5.369473 -0.593233
v 3.522447 5.722108 -0.729352
v 4.275816 6.152216 -1.556434
v 4.359575 5.687370 -2.239544
v 3.909796 4.884854 -1.979244
v 4.023053 5.914858 -3.386854
v 4.029898 5.705331 -3.317332
v 4.192005 5.627656 -3.282127
v 3.976791 5.477273 -3.448364
v 3.898063 5.193686 -3.590805
v 4.071496 5.847208 -3.095064
v 3.976791 5.477273 -3.448364
v 4.029898 5.705331 -3.317332
v 2.568102 7.925242 -3.547291
v 2.674200 7.949322 -3.836621
v 2.275383 8.045666 -3.663575
v 1.867331 8.172140 -3.789403
v 2.568102 7.925242 -3.547291
v 2.275383 8.045666 -3.663575
v 2.733597 8.186738 -3.626931
v 1.867331 8.172140 -3.789403
v 3.875076 5.364928 -1.335737
v 2.674200 7.949322 -3.836621
v 2.568102 7.925242 -3.547291
v 3.166253 8.284685 -3.213019
v 2.929888 8.055173 -3.451393
v 2.986513 8.321156 -3.266585
v 3.355021 5.039217 -0.842783
v 3.266876 5.294030 -0.590223
v 2.856799 7.768720 -3.682977
v 2.929888 8.055173 -3.451393
v 4.151526 5.790172 -2.489002
v 4.137008 5.750448 -2.684022
v 4.071496 5.847208 -3.095064
v 2.435259 8.900570 -1.396047
v 2.517826 8.708285 -1.102688
v 2.701970 8.810559 -1.471050
v 2.701970 8.810559 -1.471050
v 2.699276 8.875221 -1.191200
v 2.864367 8.869054 -1.626393
v 3.014016 8.953953 -1.721032
v 2.435259 8.900570 -1.396047
v 2.517826 8.708285 -1.102688
v 2.370269 9.125567 -1.840436
v 3.898063 5.193686 -3.590805
v 2.397000 8.942216 -1.800264
v 2.559428 9.007746 -1.844337
v 2.370269 9.125567 -1.840436
v 2.762151 9.070121 -1.899617
v 1.830696 9.012848 -2.219775
v 2.526649 9.111531 -1.645155
v 2.762151 9.070121 -1.899617
v 2.559428 9.007746 -1.844337
v 2.328086 8.977338 -1.602337
v 2.397000 8.942216 -1.800264
v 2.397000 8.942216 -1.800264
v 2.150446 8.990020 -1.822850

vt 1.925494 2.493977
vt 1.719208 2.123062
vt 1.745617 2.077104
vt 1.970183 2.493864
vt 0.100000 0.000000
vt 0.050000 0.000000
vt 0.050000 0.100000
vt 0.100000 0.100000
vt 0.150000 0.050000
vt 0.200000 0.050000
vt 0.200000 0.000000
vt 0.150000 0.000000
vt 0.150000 0.100000
vt 0.200000 0.100000
vt 1.970183 2.493864
vt 1.970183 2.493864
vt 1.745617 2.077104
vt 1.745617 2.077104
vt 0.050000 0.100000
vt 0.100000 0.100000
vt 0.100000 0.000000
vt 0.050000 0.000000
vt 0.050000 0.000000
vt 0.050000 0.100000
vt 0.100000 0.100000
vt 0.100000 0.000000
vt 2.502787 1.903075
vt 2.502787 1.861830
vt 2.721579 1.861019
vt 2.736971 1.901677
vt 0.050000 0.100000
vt 0.050000 0.000000
vt 0.100000 0.000000
vt 0.100000 0.100000
vt 2.980117 2.494870
vt 2.924532 2.494794
vt 2.722523 2.123632
vt 2.745674 2.073596
vt 0.050000 0.000000
vt 0.050000 0.100000
vt 0.100000 0.100000
vt 0.100000 0.000000
vt 2.501930 2.909451
vt 2.502504 2.856256
vt 2.722016 2.855146
vt 2.746876 2.909386
vt 0.100000 0.100000
vt 0.050000 0.100000
vt 0.050000 0.000000
vt 0.100000 0.000000
vt 0.050000 0.100000
vt 0.050000 0.000000
vt 0.100000 0.000000
vt 2.722523 2.123632
vt 2.502504 2.123681
vt 2.501930 2.073899
vt 2.745674 2.073596
vt 2.924532 2.494794
vt 2.722523 2.123632
vt 2.745674 2.073596
vt 2.980117 2.494870
vt 2.722016 2.855146
vt 2.924532 2.494794
vt 2.980117 2.494870
vt 2.746876 2.909386
vt 0.100000 0.000000
vt 0.050000 0.000000
vt 0.050000 0.100000
vt 0.100000 0.100000
vt 2.746876 2.909386
vt 2.722016 2.855146
vt 2.924532 2.494794
vt 2.980117 2.494870
vt 0.050000 0.100000
vt 0.100000 0.100000
vt 0.100000 0.000000
vt 2.721579 1.861019
vt 2.655964 1.743822
vt 2.579376 1.743833
vt 2.612183 1.861425
vt 2.925398 1.512636
vt 2.774060 1.511185
vt 2.655964 1.743822
vt 2.721579 1.861019
vt 2.736971 1.901677
vt 2.721579 1.861019
vt 2.772534 1.773923
vt 2.800136 1.800810
vt 0.050000 0.100000
vt 0.050000 0.000000
vt 0.100000 0.000000
vt 0.100000 0.100000
vt 0.050000 0.000000
vt 0.050000 0.100000
vt 0.100000 0.100000
vt 0.200000 0.100000
vt 0.200000 0.050000
vt 0.150000 0.050000
vt 0.150000 0.100000
vt 0.200000 0.000000
vt 0.150000 0.000000
vt 0.050000 0.000000
vt 0.050000 0.100000
vt 0.100000 0.100000
vt 0.100000 0.000000
vt 2.501930 2.909451
vt 2.502504 2.856256
vt 2.722016 2.855146
vt 2.746876 2.909386
vt 2.721579 1.861019
vt 2.655964 1.743822
vt 2.502787 1.743845
vt 2.502787 1.861830
vt 0.050000 0.100000
vt 0.050000 0.000000
vt 0.100000 0.000000
vt 2.502787 1.743845
vt 2.655964 1.743822
vt 1.745617 2.077104
vt 1.970183 2.493864
vt 1.970183 2.493864
vt 1.745617 2.077104
vt 2.655964 1.743822
vt 2.685488 1.685663
vt 2.925398 1.512636
vt 2.774060 1.511185
vt 2.655964 1.743822
vt 2.721579 1.861019
vt 2.502504 2.123681
vt 2.530006 2.123674
vt 2.532398 2.073861
vt 2.501930 2.073899
vt 2.722523 2.123632
vt 2.924532 2.494794
vt 2.980117 2.494870
vt 2.745674 2.073596
vt 2.924532 2.494794
vt 2.722016 2.855146
vt 2.746876 2.909386
vt 2.980117 2.494870
vt 2.722016 2.855146
vt 2.502504 2.856256
vt 2.501930 2.909451
vt 2.746876 2.909386
vt 2.502504 2.496222
vt 2.530006 2.309945
vt 2.530006 2.123674
vt 2.502504 2.123681
vt 2.736971 1.901677
vt 2.502787 1.903075
vt 0.100000 0.100000
vt 0.050000 0.100000
vt 0.050000 0.000000
vt 0.100000 0.000000
vt 0.150000 0.050000
vt 0.200000 0.050000
vt 0.200000 0.100000
vt 0.150000 0.100000
vt 2.655964 1.743822
vt 2.721579 1.861019
vt 2.655964 1.743822
vt 2.774060 1.511185
vt 2.925398 1.512636
vt 2.721579 1.861019
vt 0.150000 0.000000
vt 0.200000 0.000000
vt 0.100000 0.100000
vt 0.050000 0.100000
vt 0.050000 0.000000
vt 0.100000 0.000000
vt 2.736971 1.901677
vt 2.622948 1.903399
vt 2.736971 1.901677
vt 2.736971 1.901677
vt 2.965079 1.512531
vt 2.965079 1.512531
vt 2.736971 1.901677
vt 1.080356 2.493933
vt 1.282343 2.123634
vt 1.258521 2.076687
vt 1.031576 2.494026
vt 1.281060 2.856075
vt 1.080356 2.493933
vt 1.031576 2.494026
vt 1.257917 2.907244
vt 1.445715 2.856175
vt 1.281060 2.856075
vt 1.257917 2.907244
vt 1.439880 2.907147
vt 1.925494 2.493977
vt 1.720141 2.856342
vt 1.743151 2.906986
vt 1.970183 2.493864
vt 1.719208 2.123062
vt 1.925494 2.493977
vt 1.970183 2.493864
vt 1.745617 2.077104
vt 1.500013 2.123347
vt 1.719208 2.123062
vt 1.745617 2.077104
vt 1.500006 2.077792
vt 1.282343 2.123634
vt 1.500013 2.123347
vt 1.500006 2.077792
vt 1.258521 2.076687
vt 1.743151 2.906986
vt 1.720141 2.856342
vt 1.925494 2.493977
vt 1.970183 2.493864
vt 1.281060 2.856075
vt 1.720141 2.856342
vt 1.743151 2.906986
vt 1.257917 2.907244
vt 1.080356 2.493933
vt 1.281060 2.856075
vt 1.257917 2.907244
vt 1.031576 2.494026
vt 1.282343 2.123634
vt 1.080356 2.493933
vt 1.031576 2.494026
vt 1.258521 2.076687
vt 1.500013 2.123347
vt 1.282343 2.123634
vt 1.258521 2.076687
vt 1.499946 2.076694
vt 1.719208 2.123062
vt 1.745617 2.077104
vt 0.050000 0.100000
vt 0.100000 0.100000
vt 2.965079 1.512531
vt 2.736971 1.901677
vt 1.258521 2.076687
vt 1.282343 2.123634
vt 1.080356 2.493933
vt 1.031576 2.494026
vt 1.031576 2.494026
vt 1.080356 2.493933
vt 1.281060 2.856075
vt 1.257917 2.907244
vt 1.257917 2.907244
vt 1.281060 2.856075
vt 1.500601 2.856209
vt 1.500534 2.907115
vt 1.743151 2.906986
vt 1.720141 2.856342
vt 1.925494 2.493977
vt 1.970183 2.493864
vt 1.970183 2.493864
vt 1.925494 2.493977
vt 1.719208 2.123062
vt 1.745617 2.077104
vt 1.745617 2.077104
vt 1.719208 2.123062
vt 1.500013 2.123347
vt 1.500006 2.077792
vt 1.500006 2.077792
vt 1.500013 2.123347
vt 1.282343 2.123634
vt 1.258521 2.076687
vt 1.925494 2.493977
vt 1.720141 2.856342
vt 1.743151 2.906986
vt 1.970183 2.493864
vt 1.743151 2.906986
vt 1.720141 2.856342
vt 1.281060 2.856075
vt 1.257917 2.907244
vt 1.257917 2.907244
vt 1.281060 2.856075
vt 1.080356 2.493933
vt 1.031576 2.494026
vt 1.031576 2.494026
vt 1.080356 2.493933
vt 1.282343 2.123634
vt 1.258521 2.076687
vt 1.561364 2.076797
vt 1.554812 2.123276
vt 1.719208 2.123062
vt 1.745617 2.077104
vt 1.745617 2.077104
vt 1.719208 2.123062
vt 1.925494 2.493977
vt 1.970183 2.493864
vt 0.100000 0.000000
vt 0.100000 0.100000
vt 0.050000 0.100000
vt 0.050000 0.000000
vt 0.050000 0.000000
vt 0.050000 0.100000
vt 0.100000 0.100000
vt 0.050000 0.000000
vt 0.100000 0.000000
vt 2.722523 2.123632
vt 2.745674 2.073596
vt 2.745674 2.073596
vt 2.722523 2.123632
vt 2.924532 2.494794
vt 2.980117 2.494870
vt 2.980117 2.494870
vt 2.924532 2.494794
vt 2.722016 2.855146
vt 2.746876 2.909386
vt 0.100000 0.100000
vt 0.050000 0.100000
vt 0.100000 0.000000
vt 0.100000 0.000000
vt 0.050000 0.000000
vt 0.050000 0.100000
vt 0.100000 0.100000
vt 2.541081 1.743839
vt 2.550655 1.685800
vt 2.502787 1.511694
vt 2.502787 1.743845
vt 2.557485 1.861628
vt 2.541081 1.743839
vt 2.562867 1.903237
vt 0.100000 0.050000
vt 0.100000 0.075000
vt 0.050000 0.100000
vt 0.050000 0.000000
vt 0.100000 0.050000
vt 0.100000 0.056250
vt 0.100000 0.068750
vt 0.100000 0.075000
vt 2.594137 1.598678
vt 2.685488 1.685663
vt 2.655964 1.743822
vt 2.774060 1.511185
vt 2.729774 1.598424
vt 2.729774 1.598424
vt 2.774060 1.511185
vt 2.925398 1.512636
vt 2.848966 1.643280
vt 2.885676 1.652579
vt 2.965079 1.512531
vt 0.050000 0.100000
vt 0.050000 0.000000
vt 0.100000 0.025000
vt 0.100000 0.062500
vt 1.621842 2.907051
vt 1.610371 2.856276
vt 1.720141 2.856342
vt 1.743151 2.906986
vt 0.050000 0.100000
vt 0.050000 0.000000
vt 0.100000 0.050000
vt 0.100000 0.075000
vt 1.258521 2.076687
vt 1.282343 2.123634
vt 1.445595 2.123419
vt 1.439590 2.076692
vt 2.722016 2.855146
vt 2.612260 2.855701
vt 2.624403 2.909419
vt 2.746876 2.909386
vt 2.502504 2.496222
vt 2.529943 2.586092
vt 2.612260 2.855701
vt 2.722016 2.855146
vt 2.502504 2.856256
vt 2.529943 2.856117
vt 2.529943 2.586092
vt 2.529943 2.856117
vt 2.532548 2.909443
vt 0.050000 0.087500
vt 0.100000 0.100000
vt 0.100000 0.000000
vt 0.050000 0.050000
vt 1.720141 2.856342
vt 1.555486 2.856242
vt 1.561188 2.907083
vt 1.743151 2.906986
vt 0.100000 0.062500
vt 0.100000 0.037500
vt 0.050000 0.000000
vt 0.050000 0.100000
vt 2.745674 2.073596
vt 2.722523 2.123632
vt 2.612514 2.123656
vt 2.623802 2.073748
vt 2.557509 2.309939
vt 2.612514 2.123656
vt 2.722523 2.123632
vt 2.557509 2.123668
vt 2.562866 2.073823
vt 2.557509 2.123668
vt 0.050000 0.000000
vt 0.100000 0.050000
vt 0.100000 0.075000
vt 0.050000 0.100000
vt 2.598763 2.123659
vt 2.722523 2.123632
vt 2.745674 2.073596
vt 2.608568 2.073767
vt 0.100000 0.087500
vt 0.100000 0.056250
vt 0.050000 0.000000
vt 2.707631 1.642043
vt 2.594137 1.598678
vt 2.729774 1.598424
vt 1.925494 2.493977
vt 1.720141 2.856342
vt 1.500176 2.493460
vt 1.500601 2.856209
vt 1.281060 2.856075
vt 1.080356 2.493933
vt 1.282343 2.123634
vt 1.500013 2.123347
vt 1.719208 2.123062
vt 2.557509 2.123668
vt 2.593334 2.073786
vt 2.585011 2.123662
vt 2.557509 2.309939
vt 2.924532 2.494794
vt 2.722016 2.855146
vt 2.502504 2.856256
vt 2.502787 1.743845
vt 2.655964 1.743822
vt 2.722523 2.123632
vt 2.924532 2.494794
vt 1.925494 2.493977
vt 1.720141 2.856342
vt 1.498576 2.495889
vt 1.281060 2.856075
vt 1.080356 2.493933
vt 1.282343 2.123634
vt 1.500013 2.123347
vt 1.719208 2.123062
vt 0.074761 -0.010653
vt 0.050000 0.000000
vt 0.100000 0.050000
vt 2.502504 2.123681
vt 2.722523 2.123632
vt 2.924532 2.494794
vt 2.722016 2.855146
vt 1.499946 2.076694
vt 1.445595 2.123419
vt 1.500013 2.123347
vt 2.655964 1.743822
vt 2.774060 1.511185
vt 1.970183 2.493864
vt 0.100000 0.000000
vt 1.925494 2.493977
vt 1.500176 2.493460
vt 1.720141 2.856342
vt 0.074761 -0.010653
vt 1.445715 2.856175
vt 1.281060 2.856075
vt 2.578475 2.909431
vt 2.529943 2.856117
vt 2.532548 2.909443
vt 1.080356 2.493933
vt 1.282343 2.123634
vt 0.100000 0.100000
vt 0.100000 0.062500
vt 0.050000 0.100000
vt 0.050000 0.000000
vt 0.100000 0.000000
vt 1.743151 2.906986
vt 1.743151 2.906986
vt 1.743151 2.906986
vt 1.500013 2.123347
vt 1.719208 2.123062
vt 0.074761 -0.010653
vt 0.074761 -0.010653
vt 2.579376 1.743833
vt 2.605909 1.892399
vt 2.612183 1.861425
vt 2.588871 1.883445
vt 2.722523 2.123632
vt 2.924532 2.494794
vt 2.722016 2.855146
vt 2.541081 1.743839
vt 2.588871 1.883445
vt 2.550655 1.685800
vt 2.575869 1.892318
vt 2.557485 1.861628
vt 0.050000 0.100000
vt 0.100000 0.075000
vt 0.100000 0.100000
vt 0.100000 0.062500
vt 2.655964 1.743822
vt 2.550655 1.685800
vt 2.562867 1.903237
vt 2.622948 1.903399
vt 2.579376 1.743833
vt 2.655964 1.743822
vt 2.848966 1.643280
vt 2.885676 1.652579
vt 2.826828 1.720717
vt 0.100000 0.043750
vt 1.970183 2.493864
vt 0.100000 0.100000
vt 0.074761 -0.010653
vt 0.100000 0.100000
vt 0.050000 0.100000
vt 2.826828 1.720717
vt 2.800136 1.800810
vt 2.772534 1.773923
vt 2.685488 1.685663
vt 2.707631 1.642043
vt 2.594137 1.598678
vt 1.743151 2.906986
vt 1.743151 2.906986
vt 1.743151 2.906986
vt 1.555486 2.856242
vt 1.500601 2.856209
vt 1.500176 2.493460
vt 1.561188 2.907083
vt 1.500534 2.907115
vt 1.610371 2.856276
vt 0.074761 -0.010653
vt 0.100000 0.100000
vt 0.050000 0.100000
vt 0.100000 0.075000
vt 0.100000 0.050000
vt 0.100000 0.062500
vt 1.610371 2.856276
vt 1.555486 2.856242
vt 1.500176 2.493460
vt 1.561188 2.907083
vt 0.074761 -0.010653
vt 1.621842 2.907051
vt 1.554812 2.123276
vt 1.499946 2.076694
vt 1.500013 2.123347
vt 1.498576 2.495889
vt 0.050000 0.000000
vt 0.100000 0.000000
vt 1.282343 2.123634
vt 1.498576 2.495889
vt 1.445595 2.123419
vt 0.150000 0.000000
vt 0.200000 0.000000
vt 0.187500 0.043750
vt 0.187500 0.043750
vt 0.200000 0.050000
vt 0.200000 0.062500
vt 0.150000 0.050000
vt 0.150000 0.000000
vt 0.150000 0.100000
vt 1.561364 2.076797
vt 1.499946 2.076694
vt 1.554812 2.123276
vt 1.499946 2.076694
vt 1.439590 2.076692
vt 1.445595 2.123419
vt 0.150000 0.100000
vt 0.200000 0.062500
vt 0.200000 0.100000
vt 1.925494 2.493977
vt 1.720141 2.856342
vt 1.281060 2.856075
vt 1.080356 2.493933
vt 0.050000 0.087500
vt 2.578475 2.909431
vt 2.612260 2.855701
vt 2.571102 2.855909
vt 2.529943 2.586092
vt 2.624403 2.909419
vt 2.571102 2.855909
vt 0.050000 0.068750
vt 1.500534 2.907115
vt 1.555486 2.856242
vt 1.500601 2.856209
vt 1.500176 2.493460
vt 1.500534 2.907115
vt 1.500601 2.856209
vt 1.445715 2.856175
vt 1.500176 2.493460
vt 1.498576 2.495889
vt 1.555486 2.856242
vt 0.100000 0.050000
vt 0.050000 0.000000
vt 0.100000 0.037500
vt 0.100000 0.000000
vt 1.554812 2.123276
vt 1.719208 2.123062
vt 1.561188 2.907083
vt 1.439880 2.907147
vt 0.074761 -0.010653
vt 0.050000 0.000000
vt 0.050000 0.050000
vt 0.100000 0.075000
vt 0.100000 0.050000
vt 0.100000 0.062500
vt 2.593334 2.073786
vt 2.612514 2.123656
vt 2.585011 2.123662
vt 2.557509 2.309939
vt 2.562866 2.073823
vt 2.623802 2.073748
vt 2.598763 2.123659
vt 2.529943 2.586092
vt 2.562866 2.073823
vt 2.557509 2.123668
vt 2.598763 2.123659
vt 2.530006 2.309945
vt 0.100000 0.000000
vt 2.530006 2.123674
vt 2.530006 2.309945
vt 2.557509 2.123668
vt 2.532398 2.073861
vt 2.562866 2.073823
vt 0.100000 0.075000
vt 2.608568 2.073767

vn -0.611640 0.728170 -0.309297
vn -0.611640 0.728170 -0.309297
vn -0.611640 0.728170 -0.309297
vn -0.611640 0.728170 -0.309297
vn -0.002795 -0.067803 -0.997695
vn -0.002795 -0.067803 -0.997695
vn 0.301979 -0.108653 -0.947103
vn 0.288441 -0.156104 -0.944687
vn -0.252069 0.013994 -0.967608
vn -0.252069 0.013994 -0.967608
vn -0.002795 -0.067803 -0.997695
vn -0.002795 -0.067803 -0.997695
vn -0.271761 0.243718 -0.930993
vn -0.271761 0.243718 -0.930993
vn -0.171504 0.382742 -0.907797
vn -0.105271 0.347301 -0.931826
vn -0.271761 0.243718 -0.930993
vn -0.271761 0.243718 -0.930993
vn 0.227300 0.435620 -0.870959
vn 0.261354 0.360933 -0.895221
vn -0.105271 0.347301 -0.931826
vn -0.112299 0.377687 -0.919098
vn 0.760049 -0.635675 -0.135064
vn 0.856575 -0.515786 0.015627
vn 0.841946 -0.530717 0.097291
vn 0.760049 -0.635675 -0.135064
vn 0.670458 -0.532229 -0.516931
vn 0.786527 -0.332664 -0.520298
vn 0.868910 -0.417618 -0.265689
vn 0.736658 -0.620186 -0.269638
vn 0.070755 0.979283 -0.189735
vn 0.111413 0.875279 -0.470610
vn 0.065241 0.880537 -0.469466
vn 0.104705 0.980579 -0.165838
vn 0.390626 0.212167 0.895766
vn 0.390626 0.212167 0.895766
vn 0.390626 0.212167 0.895766
vn 0.390626 0.212167 0.895766
vn 0.353150 0.753487 -0.554565
vn 0.747151 0.643731 -0.165457
vn 0.747151 0.643731 -0.165457
vn 0.442513 0.631832 -0.636373
vn 0.782043 0.578240 -0.232482
vn 0.782043 0.578240 -0.232482
vn 0.679518 0.627335 -0.380403
vn 0.679518 0.627335 -0.380403
vn 0.385785 -0.382373 -0.839620
vn 0.385785 -0.382373 -0.839620
vn 0.596708 -0.600116 -0.532730
vn 0.596708 -0.600116 -0.532730
vn 0.362731 -0.181551 -0.914038
vn 0.385785 -0.382373 -0.839620
vn 0.385785 -0.382373 -0.839620
vn -0.054894 -0.888127 -0.456307
vn 0.007721 -0.939690 -0.341940
vn 0.007721 -0.939690 -0.341940
vn -0.054894 -0.888127 -0.456307
vn -0.266426 -0.128499 -0.955251
vn -0.266426 -0.128499 -0.955251
vn -0.266426 -0.128499 -0.955251
vn -0.266426 -0.128499 -0.955251
vn -0.057528 0.354314 -0.933355
vn -0.057528 0.354314 -0.933355
vn -0.057528 0.354314 -0.933355
vn -0.057528 0.354314 -0.933355
vn 0.552842 0.143505 -0.820836
vn 0.466891 0.078533 -0.880821
vn 0.261354 0.360933 -0.895221
vn 0.377386 0.406426 -0.832104
vn 0.707312 0.049173 0.705189
vn 0.707312 0.049173 0.705189
vn 0.707312 0.049173 0.705189
vn 0.707312 0.049173 0.705189
vn 0.353150 0.753487 -0.554565
vn 0.254455 0.671213 -0.696222
vn 0.053713 0.851969 -0.520829
vn 0.597946 -0.229110 -0.768094
vn 0.702999 -0.006235 -0.711163
vn 0.702999 -0.006235 -0.711163
vn 0.597946 -0.229110 -0.768094
vn 0.231173 0.148383 -0.961531
vn 0.434828 0.239379 -0.868114
vn 0.434828 0.239379 -0.868114
vn 0.231173 0.148383 -0.961531
vn 0.778614 -0.459794 0.427024
vn 0.912729 -0.291786 0.285983
vn 0.912729 -0.291786 0.285983
vn 0.778614 -0.459794 0.427024
vn 0.530515 0.001015 -0.847675
vn 0.362731 -0.181551 -0.914038
vn 0.301979 -0.108653 -0.947103
vn 0.466891 0.078533 -0.880821
vn 0.053713 0.851969 -0.520829
vn -0.170026 0.764274 -0.622074
vn -0.170026 0.764274 -0.622074
vn -0.170026 0.764274 -0.622074
vn -0.250459 0.622843 -0.741172
vn -0.250459 0.622843 -0.741172
vn -0.170026 0.764274 -0.622074
vn -0.218675 0.514314 -0.829254
vn -0.218675 0.514314 -0.829254
vn -0.218675 0.514314 -0.829254
vn -0.112299 0.377687 -0.919098
vn -0.171504 0.382742 -0.907797
vn -0.218675 0.514314 -0.829254
vn 0.971770 0.096546 -0.215274
vn 0.971770 0.096546 -0.215274
vn 0.971770 0.096546 -0.215274
vn 0.971770 0.096546 -0.215274
vn 0.599579 0.762994 0.241547
vn 0.715703 0.680676 0.156365
vn 0.625019 0.778876 -0.051991
vn 0.506921 0.861051 0.040287
vn 0.864731 -0.489524 0.112282
vn 0.791663 -0.515180 0.328419
vn 0.791663 -0.515180 0.328419
vn 0.860743 -0.115037 -0.495871
vn 0.950296 -0.190603 -0.246187
vn 0.620232 -0.322178 0.715202
vn 0.732209 -0.219506 0.644738
vn 0.683962 -0.196240 0.702628
vn 0.620232 -0.322178 0.715202
vn 0.986507 -0.104489 0.126037
vn 0.986507 -0.104489 0.126037
vn 0.829729 0.091901 0.550549
vn 0.935652 0.110430 0.335202
vn 0.935652 0.110430 0.335202
vn 0.829729 0.091901 0.550549
vn -0.405524 0.771603 0.490080
vn -0.446923 0.795028 0.410110
vn -0.446923 0.795028 0.410110
vn -0.405524 0.771603 0.490080
vn -0.382407 0.735359 -0.559475
vn -0.382407 0.735359 -0.559475
vn -0.382407 0.735359 -0.559475
vn -0.382407 0.735359 -0.559475
vn -0.093007 0.590830 -0.801417
vn -0.093007 0.590830 -0.801417
vn -0.093007 0.590830 -0.801417
vn -0.093007 0.590830 -0.801417
vn 0.771377 0.232173 -0.592514
vn 0.771377 0.232173 -0.592514
vn 0.771377 0.232173 -0.592514
vn 0.771377 0.232173 -0.592514
vn 0.441842 0.893467 0.080576
vn 0.207275 0.972339 -0.107675
vn 0.238361 0.970982 0.019447
vn 0.338693 0.921938 0.187931
vn 0.466959 0.824316 0.320082
vn 0.374607 0.917882 0.131005
vn 0.573030 0.261370 0.776738
vn 0.573030 0.261370 0.776738
vn 0.654832 0.445131 0.610781
vn 0.630820 0.497751 0.595240
vn 0.576133 0.063404 0.814893
vn 0.576133 0.063404 0.814893
vn 0.573030 0.261370 0.776738
vn 0.573030 0.261370 0.776738
vn 0.496036 0.829347 -0.257161
vn 0.384503 0.908558 -0.163338
vn 0.330099 0.515303 -0.790884
vn 0.330099 0.515303 -0.790884
vn 0.108427 0.580081 -0.807310
vn 0.108427 0.580081 -0.807310
vn 0.632138 -0.061518 0.772410
vn 0.632138 -0.061518 0.772410
vn 0.683962 -0.196240 0.702628
vn 0.726633 -0.190104 0.660201
vn 0.632138 -0.061518 0.772410
vn 0.632138 -0.061518 0.772410
vn 0.262389 0.962769 -0.065021
vn 0.454655 -0.437333 -0.775905
vn 0.454655 -0.437333 -0.775905
vn 0.013998 0.048708 -0.998715
vn 0.013998 0.048708 -0.998715
vn -0.119058 0.613764 -0.780461
vn -0.119058 0.613764 -0.780461
vn -0.095328 0.994053 -0.052645
vn -0.095328 0.994053 -0.052645
vn -0.095328 0.994053 -0.052645
vn -0.095328 0.994053 -0.052645
vn 0.311352 0.948986 -0.049854
vn 0.311352 0.948986 -0.049854
vn 0.311352 0.948986 -0.049854
vn 0.311352 0.948986 -0.049854
vn 0.719637 0.310662 -0.620976
vn 0.719637 0.310662 -0.620976
vn 0.719637 0.310662 -0.620976
vn 0.719637 0.310662 -0.620976
vn 0.078092 -0.389328 -0.917783
vn 0.078092 -0.389328 -0.917783
vn 0.078092 -0.389328 -0.917783
vn 0.078092 -0.389328 -0.917783
vn -0.464818 -0.247646 -0.850068
vn -0.464818 -0.247646 -0.850068
vn -0.464818 -0.247646 -0.850068
vn -0.464818 -0.247646 -0.850068
vn -0.805111 0.431090 -0.407379
vn -0.805111 0.431090 -0.407379
vn -0.805111 0.431090 -0.407379
vn -0.805111 0.431090 -0.407379
vn -0.734528 0.609267 -0.298770
vn -0.734528 0.609267 -0.298770
vn -0.734528 0.609267 -0.298770
vn -0.734528 0.609267 -0.298770
vn -0.103996 0.961587 -0.254037
vn -0.103996 0.961587 -0.254037
vn -0.103996 0.961587 -0.254037
vn -0.103996 0.961587 -0.254037
vn 0.849032 0.514965 -0.118130
vn 0.849032 0.514965 -0.118130
vn 0.849032 0.514965 -0.118130
vn 0.849032 0.514965 -0.118130
vn 0.681448 -0.627838 -0.376096
vn 0.681448 -0.627838 -0.376096
vn 0.681448 -0.627838 -0.376096
vn 0.681448 -0.627838 -0.376096
vn 0.230066 -0.779342 -0.582834
vn 0.230066 -0.779342 -0.582834
vn 0.230066 -0.779342 -0.582834
vn 0.230066 -0.779342 -0.582834
vn -0.703129 -0.353007 -0.617248
vn -0.602607 -0.419375 -0.678962
vn -0.602607 -0.419375 -0.678962
vn -0.703129 -0.353007 -0.617248
vn -0.790771 -0.280174 -0.544228
vn -0.790771 -0.280174 -0.544228
vn 0.760049 -0.635675 -0.135064
vn 0.760049 -0.635675 -0.135064
vn 0.682109 0.071532 0.727743
vn 0.682109 0.071532 0.727743
vn 0.251427 0.759368 0.600120
vn 0.251427 0.759368 0.600120
vn 0.251427 0.759368 0.600120
vn 0.251427 0.759368 0.600120
vn 0.481199 0.834033 0.269883
vn 0.481199 0.834033 0.269883
vn 0.481199 0.834033 0.269883
vn 0.481199 0.834033 0.269883
vn 0.981531 0.144708 -0.125128
vn 0.981531 0.144708 -0.125128
vn 0.981531 0.144708 -0.125128
vn 0.981531 0.144708 -0.125128
vn 0.632338 -0.764444 0.125590
vn 0.632338 -0.764444 0.125590
vn 0.632338 -0.764444 0.125590
vn 0.632338 -0.764444 0.125590
vn 0.293881 -0.761136 0.578192
vn 0.293881 -0.761136 0.578192
vn 0.293881 -0.761136 0.578192
vn 0.293881 -0.761136 0.578192
vn -0.059888 -0.073280 0.995512
vn -0.059888 -0.073280 0.995512
vn -0.059888 -0.073280 0.995512
vn -0.059888 -0.073280 0.995512
vn -0.051060 0.146694 0.987863
vn -0.051060 0.146694 0.987863
vn -0.051060 0.146694 0.987863
vn -0.051060 0.146694 0.987863
vn 0.389029 0.627906 0.674085
vn 0.389029 0.627906 0.674085
vn 0.389029 0.627906 0.674085
vn 0.389029 0.627906 0.674085
vn 0.737827 0.590229 -0.327477
vn 0.737827 0.590229 -0.327477
vn 0.737827 0.590229 -0.327477
vn 0.737827 0.590229 -0.327477
vn 0.522161 -0.520033 -0.675953
vn 0.522161 -0.520033 -0.675953
vn 0.522161 -0.520033 -0.675953
vn 0.522161 -0.520033 -0.675953
vn 0.365879 -0.871262 -0.327163
vn 0.365879 -0.871262 -0.327163
vn 0.365879 -0.871262 -0.327163
vn 0.365879 -0.871262 -0.327163
vn -0.161799 -0.708981 0.686416
vn -0.161799 -0.708981 0.686416
vn -0.161799 -0.708981 0.686416
vn -0.161799 -0.708981 0.686416
vn 0.062792 0.271713 0.960328
vn 0.062792 0.271713 0.960328
vn 0.062792 0.271713 0.960328
vn 0.062792 0.271713 0.960328
vn 0.732209 -0.219506 0.644738
vn 0.928302 -0.090808 0.360569
vn 0.909887 -0.026357 0.414017
vn 0.726633 -0.190104 0.660201
vn 0.657967 0.505370 0.558283
vn 0.454507 0.718478 0.526510
vn 0.437978 0.747833 0.498920
vn 0.833281 0.428536 0.349285
vn 0.911690 0.321567 0.255765
vn 0.070184 -0.972779 -0.220850
vn 0.070184 -0.972779 -0.220850
vn 0.524364 -0.663708 0.533417
vn 0.524364 -0.663708 0.533417
vn 0.524364 -0.663708 0.533417
vn 0.524364 -0.663708 0.533417
vn 0.763911 -0.201638 0.613011
vn 0.763911 -0.201638 0.613011
vn 0.763911 -0.201638 0.613011
vn 0.763911 -0.201638 0.613011
vn 0.854698 0.272393 0.441920
vn 0.833281 0.428536 0.349285
vn 0.654832 0.445131 0.610781
vn 0.864731 -0.489524 0.112282
vn 0.856575 -0.515786 0.015627
vn 0.957480 -0.281327 -0.063933
vn 0.964553 -0.257971 0.055582
vn 0.753365 0.233286 -0.614832
vn 0.753365 0.233286 -0.614832
vn 0.891957 0.248246 -0.377872
vn 0.894407 0.162460 -0.416705
vn 0.643699 -0.222587 -0.732193
vn 0.705712 -0.030719 -0.707833
vn 0.555133 -0.405273 -0.726348
vn 0.667697 -0.041487 -0.743276
vn 0.667697 -0.041487 -0.743276
vn 0.667697 -0.041487 -0.743276
vn 0.667697 -0.041487 -0.743276
vn 0.723769 0.160062 -0.671222
vn 0.736787 0.259031 -0.624538
vn 0.736787 0.259031 -0.624538
vn 0.723769 0.160062 -0.671222
vn 0.987302 0.119120 -0.105093
vn 0.983118 0.063324 -0.171665
vn 0.980681 0.072274 -0.181771
vn 0.985505 0.158532 -0.060390
vn 0.984020 0.174016 -0.037726
vn 0.971859 -0.154964 0.177415
vn 0.971859 -0.154964 0.177415
vn 0.893749 -0.320658 0.313674
vn 0.893749 -0.320658 0.313674
vn 0.778614 -0.459794 0.427024
vn 0.778614 -0.459794 0.427024
vn 0.983675 -0.076358 0.162951
vn 0.983675 -0.076358 0.162951
vn 0.983675 -0.076358 0.162951
vn 0.983675 -0.076358 0.162951
vn 0.961711 0.142571 -0.234061
vn 0.961711 0.142571 -0.234061
vn 0.961711 0.142571 -0.234061
vn 0.961711 0.142571 -0.234061
vn 0.935652 0.110430 0.335202
vn 0.935652 0.110430 0.335202
vn 0.935652 0.110430 0.335202
vn 0.935652 0.110430 0.335202
vn 0.054911 -0.859076 0.508895
vn 0.054911 -0.859076 0.508895
vn 0.054911 -0.859076 0.508895
vn 0.054911 -0.859076 0.508895
vn 0.862878 0.504828 -0.024299
vn 0.862878 0.504828 -0.024299
vn 0.862878 0.504828 -0.024299
vn 0.862878 0.504828 -0.024299
vn 0.722846 -0.466917 -0.509394
vn 0.875311 -0.416112 -0.246336
vn 0.875311 -0.416112 -0.246336
vn 0.857642 -0.474030 -0.199364
vn 0.774076 -0.334094 -0.537762
vn 0.868910 -0.417618 -0.265689
vn 0.868910 -0.417618 -0.265689
vn 0.857351 0.509020 -0.076469
vn 0.857351 0.509020 -0.076469
vn 0.979475 -0.090008 -0.180356
vn 0.970762 -0.147440 -0.189425
vn 0.970762 -0.147440 -0.189425
vn 0.979475 -0.090008 -0.180356
vn 0.783061 0.265839 -0.562268
vn 0.783061 0.265839 -0.562268
vn 0.783061 0.265839 -0.562268
vn 0.783061 0.265839 -0.562268
vn 0.151777 0.588318 -0.794258
vn 0.151777 0.588318 -0.794258
vn 0.320212 0.525749 -0.788069
vn 0.320212 0.525749 -0.788069
vn -0.385073 0.725204 0.570787
vn -0.385073 0.725204 0.570787
vn -0.385073 0.725204 0.570787
vn -0.385073 0.725204 0.570787
vn 0.457291 0.806846 0.374011
vn 0.488262 0.776472 0.398361
vn 0.548256 0.730943 0.406371
vn 0.425187 0.835225 0.348735
vn -0.360614 0.741498 0.565808
vn -0.360614 0.741498 0.565808
vn 0.437978 0.747833 0.498920
vn 0.339707 0.820023 0.460609
vn 0.457291 0.806846 0.374011
vn 0.355671 0.925694 0.128799
vn -0.457941 0.784429 0.418284
vn -0.457941 0.784429 0.418284
vn -0.457941 0.784429 0.418284
vn -0.457941 0.784429 0.418284
vn 0.210216 0.969489 -0.126095
vn 0.134104 0.988917 -0.063711
vn 0.104705 0.980579 -0.165838
vn 0.518647 -0.712927 -0.471954
vn 0.535452 -0.715111 -0.449340
vn 0.518647 -0.712927 -0.471954
vn 0.713092 -0.089643 0.695315
vn 0.808027 0.023518 0.588675
vn 0.719473 0.095081 0.687981
vn 0.825910 0.148698 0.543839
vn 0.790970 0.209034 0.575041
vn 0.704825 0.264890 0.658069
vn 0.621159 0.180571 0.762598
vn 0.585838 0.049565 0.808911
vn 0.617244 -0.038256 0.785841
vn 0.505738 0.044663 0.861530
vn 0.476875 0.096719 0.873634
vn 0.608544 0.053604 0.791707
vn 0.556597 -0.057213 0.828810
vn 0.583911 0.693015 0.422822
vn 0.625096 0.712055 0.319739
vn 0.581755 0.813194 -0.016670
vn 0.861766 0.397874 -0.314730
vn 0.963880 0.239376 -0.116769
vn 0.755500 -0.617546 -0.218762
vn 0.821823 -0.547910 -0.156211
vn -0.050451 0.308648 -0.949837
vn 0.066858 0.226292 -0.971762
vn 0.033289 0.165375 -0.985669
vn 0.170123 0.109913 -0.979274
vn 0.116142 0.064638 -0.991127
vn 0.034571 0.045505 -0.998366
vn -0.035775 0.136601 -0.989980
vn -0.070194 0.257096 -0.963833
vn 0.466891 0.078533 -0.880821
vn 0.530515 0.001015 -0.847675
vn 0.642164 0.058395 -0.764340
vn 0.596708 -0.600116 -0.532730
vn 0.450962 -0.411434 -0.792058
vn 0.462528 -0.304738 -0.832588
vn 0.538636 -0.255412 -0.802893
vn 0.088407 0.107026 0.990318
vn 0.143425 0.101187 0.984475
vn 0.143425 0.101187 0.984475
vn 0.725813 0.277269 -0.629538
vn 0.694646 0.330922 -0.638715
vn 0.726633 -0.190104 0.660201
vn 0.454507 0.718478 0.526510
vn -0.119671 0.473974 -0.872369
vn -0.058887 0.619962 -0.782419
vn 0.048198 0.537773 -0.841711
vn 0.854698 0.272393 0.441920
vn 0.138037 0.597774 -0.789691
vn 0.104325 0.666483 -0.738185
vn 0.878895 -0.137002 0.456919
vn 0.857702 -0.242698 0.453261
vn 0.883932 0.173025 0.434427
vn -0.000654 0.742360 -0.670001
vn -0.152366 0.704094 -0.693568
vn 0.227300 0.435620 -0.870959
vn 0.348510 0.510615 -0.786011
vn 0.377386 0.406426 -0.832104
vn 0.964553 -0.257971 0.055582
vn 0.989301 -0.144587 -0.019424
vn 0.909887 -0.026357 0.414017
vn 0.928302 -0.090808 0.360569
vn 0.962782 0.009908 0.270099
vn -0.243875 0.611118 -0.753033
vn -0.231428 0.536128 -0.811793
vn 0.654832 0.445131 0.610781
vn 0.841946 -0.530717 0.097291
vn 0.549786 -0.619283 0.560556
vn 0.502507 -0.646251 0.574322
vn 0.477914 -0.649434 0.591468
vn 0.561317 -0.625880 0.541478
vn 0.206393 0.956062 -0.208201
vn 0.219713 0.939505 -0.262786
vn 0.327174 0.913689 -0.241100
vn -0.458855 0.314785 -0.830880
vn -0.462694 0.299731 -0.834312
vn -0.462694 0.299731 -0.834312
vn -0.462694 0.299731 -0.834312
vn -0.480924 0.300859 -0.823526
vn 0.879002 -0.092476 -0.467764
vn 0.738784 -0.011276 -0.673848
vn 0.879002 -0.092476 -0.467764
vn 0.740858 0.354854 -0.570270
vn 0.731149 0.396889 -0.554888
vn 0.572253 -0.613440 0.544259
vn -0.500094 0.274097 -0.821448
vn 0.427933 -0.690985 0.582591
vn 0.753365 0.233286 -0.614832
vn 0.753365 0.233286 -0.614832
vn 0.497356 -0.749775 -0.436434
vn 0.462191 -0.828159 -0.317068
vn 0.494383 -0.768306 -0.406560
vn 0.985797 -0.065244 0.154750
vn -0.112299 0.377687 -0.919098
vn 0.406739 0.909418 0.086735
vn 0.254455 0.671213 -0.696222
vn 0.962782 0.009908 0.270099
vn 0.928302 -0.090808 0.360569
vn 0.475494 0.139220 0.868633
vn 0.453365 0.070673 0.888519
vn 0.537481 0.168748 0.826219
vn 0.620357 0.277550 0.733569
vn 0.573030 0.261370 0.776738
vn 0.587731 0.329696 0.738832
vn 0.227300 0.435620 -0.870959
vn 0.377386 0.406426 -0.832104
vn 0.261354 0.360933 -0.895221
vn 0.670436 -0.721212 0.174266
vn 0.647532 -0.760074 0.054682
vn 0.717167 -0.644869 0.264225
vn 0.597202 -0.800381 -0.052343
vn 0.570525 -0.800121 -0.185225
vn 0.825910 0.148698 0.543839
vn 0.053713 0.851969 -0.520829
vn 0.909887 -0.026357 0.414017
vn 0.962782 0.009908 0.270099
vn 0.794689 0.089199 0.600427
vn 0.794689 0.089199 0.600427
vn 0.794689 0.089199 0.600427
vn 0.393880 0.917326 -0.058064
vn 0.426542 0.902996 0.051578
vn 0.487955 0.861594 0.139843
vn 0.338895 0.927695 -0.156628
vn 0.288441 -0.156104 -0.944687
vn 0.313352 0.909374 -0.273586
vn 0.475970 -0.878780 -0.034620
vn 0.429777 -0.901290 -0.054474
vn 0.475970 -0.878780 -0.034620
vn 0.520718 -0.853603 -0.014661
vn 0.911690 0.321567 0.255765
vn 0.854698 0.272393 0.441920
vn 0.789081 -0.461946 0.404917
vn 0.808902 -0.354889 0.468756
vn 0.778614 -0.459794 0.427024
vn 0.791663 -0.515180 0.328419
vn 0.791663 -0.515180 0.328419
vn 0.765740 -0.517609 0.381736
vn 0.660875 -0.520819 0.540363
vn 0.777458 -0.381623 0.499922
vn 0.635287 -0.479169 0.605647
vn 0.557360 -0.563526 0.609744
vn 0.558270 -0.642803 0.524536
vn 0.476459 -0.514752 0.712753
vn 0.091641 -0.995790 0.001906
vn 0.091641 -0.995790 0.001906
vn 0.091641 -0.995790 0.001906
vn -0.283903 -0.118084 0.951554
vn -0.283903 -0.118084 0.951554
vn -0.283903 -0.118084 0.951554
vn 0.620232 -0.322178 0.715202
vn 0.557894 -0.433916 0.707440
vn 0.620232 -0.322178 0.715202
vn 0.768207 -0.245421 0.591293
vn 0.832825 -0.292117 0.470181
vn 0.868961 -0.363062 0.336293
vn 0.833233 -0.420692 0.358805
vn 0.958811 -0.167321 -0.229534
vn 0.424751 0.566351 -0.706281
vn 0.434903 0.481511 -0.760925
vn 0.407577 0.349358 -0.843700
vn 0.441767 0.301723 -0.844870
vn 0.456425 0.708788 -0.537862
vn 0.789651 -0.436034 0.431654
vn 0.985303 -0.023928 -0.169133
vn 0.435498 0.869756 0.232089
vn 0.382303 0.905334 0.184973
vn 0.289344 0.946989 0.139615
vn 0.269947 0.958816 0.088321
vn 0.289884 -0.441994 -0.848887
vn 0.186352 -0.368729 -0.910666
vn 0.253488 -0.409502 -0.876386
vn 0.178834 -0.341148 -0.922841
vn 0.198000 0.095035 0.975584
vn 0.126554 0.622025 -0.772702
vn -0.021563 0.631871 -0.774774
vn 0.442513 0.631832 -0.636373
vn 0.338734 0.487167 -0.804939
vn 0.254455 0.671213 -0.696222
vn 0.749460 -0.316893 0.581282
vn 0.755123 -0.288727 0.588580
vn 0.553615 0.788260 0.268619
vn 0.382093 -0.481958 -0.788493
vn 0.964553 -0.257971 0.055582
vn 0.957480 -0.281327 -0.063933
vn 0.970762 -0.147440 -0.189425
vn 0.394334 0.815534 0.423561
vn 0.394334 0.815534 0.423561
vn 0.394334 0.815534 0.423561
vn -0.608538 0.771849 -0.184203
vn -0.601649 0.773081 -0.200909
vn -0.542567 0.811412 -0.217327
vn -0.587413 0.774773 -0.233821
vn 0.278394 0.024859 0.960145
vn -0.710164 0.684433 -0.164982
vn 0.134579 0.990227 -0.036594
vn 0.789651 -0.436034 0.431654
vn 0.058409 0.221771 0.973348
vn 0.172670 0.245643 0.953858
vn 0.099210 0.234060 0.967147
vn 0.179780 0.257202 0.949487
vn 0.070755 0.979283 -0.189735
vn -0.465383 0.773994 -0.429362
vn -0.374629 0.795554 -0.476180
vn -0.406039 0.781350 -0.473946
vn -0.576220 0.746348 -0.333068
vn -0.509070 0.759981 -0.404075
vn 0.207275 0.972339 -0.107675
vn -0.049400 0.206880 0.977118

g polygon24
s 1
usemtl mat15
f 2673/2673/2673 2674/2674/2674 2675/2675/2675
f 2676/2676/2676 2673/2673/2673 2675/2675/2675
f 2677/2677/2677 2678/2678/2678 2679/2679/2679
f 2680/2680/2680 2677/2677/2677 2679/2679/2679
f 2681/2681/2681 2682/2682/2682 2683/2683/2683
f 2684/2684/2684 2681/2681/2681 2683/2683/2683
f 2685/2685/2685 2686/2686/2686 2682/2682/2682
f 2681/2681/2681 2685/2685/2685 2682/2682/2682
f 2687/2687/2687 2688/2688/2688 2689/2689/2689
f 2690/2690/2690 2687/2687/2687 2689/2689/2689
f 2691/2691/2691 2692/2692/2692 2693/2693/2693
f 2694/2694/2694 2691/2691/2691 2693/2693/2693
f 2695/2695/2695 2696/2696/2696 2697/2697/2697
f 2698/2698/2698 2695/2695/2695 2697/2697/2697
f 2699/2699/2699 2700/2700/2700 2701/2701/2701
f 2702/2702/2702 2699/2699/2699 2701/2701/2701
f 2703/2703/2703 2704/2704/2704 2705/2705/2705
f 2706/2706/2706 2703/2703/2703 2705/2705/2705
f 2707/2707/2707 2708/2708/2708 2709/2709/2709
f 2710/2710/2710 2707/2707/2707 2709/2709/2709
f 2711/2711/2711 2712/2712/2712 2713/2713/2713
f 2714/2714/2714 2711/2711/2711 2713/2713/2713
f 2715/2715/2715 2716/2716/2716 2717/2717/2717
f 2718/2718/2718 2715/2715/2715 2717/2717/2717
f 2719/2719/2719 2720/2720/2720 2721/2721/2721
f 2722/2722/2722 2719/2719/2719 2721/2721/2721
f 2680/2680/2680 2723/2723/2723 2724/2724/2724
f 2725/2725/2725 2680/2680/2680 2724/2724/2724
f 2726/2726/2726 2727/2727/2727 2728/2728/2728
f 2729/2729/2729 2726/2726/2726 2728/2728/2728
f 2730/2730/2730 2731/2731/2731 2732/2732/2732
f 2733/2733/2733 2730/2730/2730 2732/2732/2732
f 2734/2734/2734 2735/2735/2735 2736/2736/2736
f 2737/2737/2737 2734/2734/2734 2736/2736/2736
f 2738/2738/2738 2739/2739/2739 2740/2740/2740
f 2741/2741/2741 2738/2738/2738 2740/2740/2740
f 2742/2742/2742 2743/2743/2743 2744/2744/2744
f 2745/2745/2745 2742/2742/2742 2744/2744/2744
f 2704/2704/2704 2746/2746/2746 2747/2747/2747
f 2748/2748/2748 2704/2704/2704 2747/2747/2747
f 2749/2749/2749 2750/2750/2750 2751/2751/2751
f 2752/2752/2752 2749/2749/2749 2751/2751/2751
f 2753/2753/2753 2754/2754/2754 2755/2755/2755
f 2756/2756/2756 2753/2753/2753 2755/2755/2755
f 2757/2757/2757 2758/2758/2758 2759/2759/2759
f 2760/2760/2760 2757/2757/2757 2759/2759/2759
f 2761/2761/2761 2762/2762/2762 2763/2763/2763
f 2764/2764/2764 2761/2761/2761 2763/2763/2763
f 2765/2765/2765 2766/2766/2766 2767/2767/2767
f 2705/2705/2705 2765/2765/2765 2767/2767/2767
f 2768/2768/2768 2769/2769/2769 2770/2770/2770
f 2771/2771/2771 2768/2768/2768 2770/2770/2770
f 2769/2769/2769 2772/2772/2772 2773/2773/2773
f 2770/2770/2770 2769/2769/2769 2773/2773/2773
f 2774/2774/2774 2775/2775/2775 2776/2776/2776
f 2777/2777/2777 2774/2774/2774 2776/2776/2776
f 2778/2778/2778 2779/2779/2779 2780/2780/2780
f 2781/2781/2781 2778/2778/2778 2780/2780/2780
f 2782/2782/2782 2783/2783/2783 2784/2784/2784
f 2785/2785/2785 2782/2782/2782 2784/2784/2784
f 2786/2786/2786 2787/2787/2787 2788/2788/2788
f 2697/2697/2697 2786/2786/2786 2788/2788/2788
f 2789/2789/2789 2790/2790/2790 2701/2701/2701
f 2700/2700/2700 2789/2789/2789 2701/2701/2701
f 2791/2791/2791 2792/2792/2792 2793/2793/2793
f 2794/2794/2794 2791/2791/2791 2793/2793/2793
f 2795/2795/2795 2796/2796/2796 2759/2759/2759
f 2758/2758/2758 2795/2795/2795 2759/2759/2759
f 2797/2797/2797 2798/2798/2798 2799/2799/2799
f 2800/2800/2800 2797/2797/2797 2799/2799/2799
f 2801/2801/2801 2802/2802/2802 2803/2803/2803
f 2804/2804/2804 2801/2801/2801 2803/2803/2803
f 2805/2805/2805 2806/2806/2806 2807/2807/2807
f 2808/2808/2808 2805/2805/2805 2807/2807/2807
f 2809/2809/2809 2810/2810/2810 2811/2811/2811
f 2812/2812/2812 2809/2809/2809 2811/2811/2811
f 2813/2813/2813 2814/2814/2814 2815/2815/2815
f 2816/2816/2816 2813/2813/2813 2815/2815/2815
f 2817/2817/2817 2818/2818/2818 2819/2819/2819
f 2820/2820/2820 2817/2817/2817 2819/2819/2819
f 2821/2821/2821 2782/2782/2782 2785/2785/2785
f 2822/2822/2822 2821/2821/2821 2785/2785/2785
f 2823/2823/2823 2824/2824/2824 2825/2825/2825
f 2826/2826/2826 2823/2823/2823 2825/2825/2825
f 2827/2827/2827 2828/2828/2828 2829/2829/2829
f 2830/2830/2830 2827/2827/2827 2829/2829/2829
f 2784/2784/2784 2831/2831/2831 2832/2832/2832
f 2785/2785/2785 2784/2784/2784 2832/2832/2832
f 2833/2833/2833 2834/2834/2834 2835/2835/2835
f 2836/2836/2836 2833/2833/2833 2835/2835/2835
f 2837/2837/2837 2838/2838/2838 2828/2828/2828
f 2827/2827/2827 2837/2837/2837 2828/2828/2828
f 2839/2839/2839 2840/2840/2840 2841/2841/2841
f 2842/2842/2842 2839/2839/2839 2841/2841/2841
f 2785/2785/2785 2832/2832/2832 2843/2843/2843
f 2822/2822/2822 2785/2785/2785 2843/2843/2843
f 2749/2749/2749 2752/2752/2752 2844/2844/2844
f 2845/2845/2845 2749/2749/2749 2844/2844/2844
f 2753/2753/2753 2756/2756/2756 2846/2846/2846
f 2847/2847/2847 2753/2753/2753 2846/2846/2846
f 2836/2836/2836 2835/2835/2835 2848/2848/2848
f 2849/2849/2849 2836/2836/2836 2848/2848/2848
f 2850/2850/2850 2851/2851/2851 2852/2852/2852
f 2853/2853/2853 2850/2850/2850 2852/2852/2852
f 2854/2854/2854 2855/2855/2855 2856/2856/2856
f 2857/2857/2857 2854/2854/2854 2856/2856/2856
f 2858/2858/2858 2859/2859/2859 2860/2860/2860
f 2861/2861/2861 2858/2858/2858 2860/2860/2860
f 2862/2862/2862 2863/2863/2863 2864/2864/2864
f 2865/2865/2865 2862/2862/2862 2864/2864/2864
f 2866/2866/2866 2867/2867/2867 2868/2868/2868
f 2869/2869/2869 2866/2866/2866 2868/2868/2868
f 2870/2870/2870 2871/2871/2871 2872/2872/2872
f 2873/2873/2873 2870/2870/2870 2872/2872/2872
f 2874/2874/2874 2875/2875/2875 2876/2876/2876
f 2877/2877/2877 2874/2874/2874 2876/2876/2876
f 2878/2878/2878 2879/2879/2879 2880/2880/2880
f 2881/2881/2881 2878/2878/2878 2880/2880/2880
f 2882/2882/2882 2883/2883/2883 2884/2884/2884
f 2885/2885/2885 2882/2882/2882 2884/2884/2884
f 2886/2886/2886 2887/2887/2887 2888/2888/2888
f 2889/2889/2889 2886/2886/2886 2888/2888/2888
f 2890/2890/2890 2891/2891/2891 2892/2892/2892
f 2893/2893/2893 2890/2890/2890 2892/2892/2892
f 2894/2894/2894 2895/2895/2895 2896/2896/2896
f 2897/2897/2897 2894/2894/2894 2896/2896/2896
f 2898/2898/2898 2894/2894/2894 2897/2897/2897
f 2899/2899/2899 2898/2898/2898 2897/2897/2897
f 2721/2721/2721 2900/2900/2900 2901/2901/2901
f 2722/2722/2722 2721/2721/2721 2901/2901/2901
f 2902/2902/2902 2797/2797/2797 2800/2800/2800
f 2903/2903/2903 2902/2902/2902 2800/2800/2800
f 2904/2904/2904 2905/2905/2905 2906/2906/2906
f 2907/2907/2907 2904/2904/2904 2906/2906/2906
f 2908/2908/2908 2909/2909/2909 2910/2910/2910
f 2911/2911/2911 2908/2908/2908 2910/2910/2910
f 2912/2912/2912 2913/2913/2913 2914/2914/2914
f 2915/2915/2915 2912/2912/2912 2914/2914/2914
f 2916/2916/2916 2917/2917/2917 2918/2918/2918
f 2919/2919/2919 2916/2916/2916 2918/2918/2918
f 2920/2920/2920 2921/2921/2921 2922/2922/2922
f 2923/2923/2923 2920/2920/2920 2922/2922/2922
f 2924/2924/2924 2925/2925/2925 2926/2926/2926
f 2927/2927/2927 2924/2924/2924 2926/2926/2926
f 2928/2928/2928 2929/2929/2929 2930/2930/2930
f 2931/2931/2931 2928/2928/2928 2930/2930/2930
f 2932/2932/2932 2933/2933/2933 2934/2934/2934
f 2935/2935/2935 2932/2932/2932 2934/2934/2934
f 2936/2936/2936 2937/2937/2937 2938/2938/2938
f 2939/2939/2939 2936/2936/2936 2938/2938/2938
f 2940/2940/2940 2941/2941/2941 2942/2942/2942
f 2943/2943/2943 2940/2940/2940 2942/2942/2942
f 2944/2944/2944 2945/2945/2945 2946/2946/2946
f 2947/2947/2947 2944/2944/2944 2946/2946/2946
f 2948/2948/2948 2949/2949/2949 2950/2950/2950
f 2951/2951/2951 2948/2948/2948 2950/2950/2950
f 2952/2952/2952 2953/2953/2953 2954/2954/2954
f 2955/2955/2955 2952/2952/2952 2954/2954/2954
f 2956/2956/2956 2957/2957/2957 2958/2958/2958
f 2959/2959/2959 2956/2956/2956 2958/2958/2958
f 2826/2826/2826 2960/2960/2960 2961/2961/2961
f 2962/2962/2962 2826/2826/2826 2961/2961/2961
f 2713/2713/2713 2712/2712/2712 2963/2963/2963
f 2964/2964/2964 2713/2713/2713 2963/2963/2963
f 2728/2728/2728 2727/2727/2727 2965/2965/2965
f 2966/2966/2966 2728/2728/2728 2965/2965/2965
f 2967/2967/2967 2968/2968/2968 2969/2969/2969
f 2970/2970/2970 2967/2967/2967 2969/2969/2969
f 2971/2971/2971 2972/2972/2972 2973/2973/2973
f 2974/2974/2974 2971/2971/2971 2973/2973/2973
f 2975/2975/2975 2976/2976/2976 2960/2960/2960
f 2977/2977/2977 2975/2975/2975 2960/2960/2960
f 2978/2978/2978 2979/2979/2979 2980/2980/2980
f 2981/2981/2981 2978/2978/2978 2980/2980/2980
f 2982/2982/2982 2983/2983/2983 2984/2984/2984
f 2985/2985/2985 2982/2982/2982 2984/2984/2984
f 2986/2986/2986 2987/2987/2987 2789/2789/2789
f 2700/2700/2700 2986/2986/2986 2789/2789/2789
f 2986/2986/2986 2700/2700/2700 2699/2699/2699
f 2988/2988/2988 2986/2986/2986 2699/2699/2699
f 2989/2989/2989 2990/2990/2990 2991/2991/2991
f 2992/2992/2992 2989/2989/2989 2991/2991/2991
f 2993/2993/2993 2994/2994/2994 2995/2995/2995
f 2996/2996/2996 2993/2993/2993 2995/2995/2995
f 2984/2984/2984 2997/2997/2997 2998/2998/2998
f 2999/2999/2999 2984/2984/2984 2998/2998/2998
f 2984/2984/2984 3000/3000/3000 3001/3001/3001
f 2997/2997/2997 2984/2984/2984 3001/3001/3001
f 3002/3002/3002 3003/3003/3003 3004/3004/3004
f 3005/3005/3005 3002/3002/3002 3004/3004/3004
f 3006/3006/3006 3005/3005/3005 3004/3004/3004
f 3007/3007/3007 3006/3006/3006 3004/3004/3004
f 3008/3008/3008 3009/3009/3009 3010/3010/3010
f 3011/3011/3011 3008/3008/3008 3010/3010/3010
f 3012/3012/3012 3013/3013/3013 3014/3014/3014
f 3015/3015/3015 3012/3012/3012 3014/3014/3014
f 3016/3016/3016 3017/3017/3017 3018/3018/3018
f 3019/3019/3019 3016/3016/3016 3018/3018/3018
f 3020/3020/3020 3021/3021/3021 3022/3022/3022
f 3023/3023/3023 3020/3020/3020 3022/3022/3022
f 3024/3024/3024 3025/3025/3025 3026/3026/3026
f 3027/3027/3027 3024/3024/3024 3026/3026/3026
f 3028/3028/3028 3029/3029/3029 3030/3030/3030
f 3031/3031/3031 3028/3028/3028 3030/3030/3030
f 3028/3028/3028 3032/3032/3032 3033/3033/3033
f 3034/3034/3034 3028/3028/3028 3033/3033/3033
f 3035/3035/3035 2716/2716/2716 2715/2715/2715
f 3036/3036/3036 3035/3035/3035 2715/2715/2715
f 3037/3037/3037 3038/3038/3038 3039/3039/3039
f 3040/3040/3040 3037/3037/3037 3039/3039/3039
f 3041/3041/3041 3042/3042/3042 3043/3043/3043
f 3044/3044/3044 3041/3041/3041 3043/3043/3043
f 3045/3045/3045 3046/3046/3046 3047/3047/3047
f 3048/3048/3048 3045/3045/3045 3047/3047/3047
f 3049/3049/3049 3050/3050/3050 3051/3051/3051
f 3052/3052/3052 3049/3049/3049 3051/3051/3051
f 3053/3053/3053 3054/3054/3054 3055/3055/3055
f 2817/2817/2817 3053/3053/3053 3055/3055/3055
f 3056/3056/3056 3053/3053/3053 2817/2817/2817
f 2820/2820/2820 3056/3056/3056 2817/2817/2817
f 3057/3057/3057 3058/3058/3058 2801/2801/2801
f 2804/2804/2804 3057/3057/3057 2801/2801/2801
f 3059/3059/3059 3060/3060/3060 3061/3061/3061
f 3062/3062/3062 3059/3059/3059 3061/3061/3061
f 3063/3063/3063 3064/3064/3064 3065/3065/3065
f 3066/3066/3066 3063/3063/3063 3065/3065/3065
f 3067/3067/3067 3068/3068/3068 3069/3069/3069
f 3062/3062/3062 3067/3067/3067 3069/3069/3069
f 3070/3070/3070 3071/3071/3071 3072/3072/3072
f 3073/3073/3073 3074/3074/3074 3075/3075/3075
f 3076/3076/3076 3077/3077/3077 3075/3075/3075
f 3077/3077/3077 3078/3078/3078 3075/3075/3075
f 3078/3078/3078 3079/3079/3079 3075/3075/3075
f 3079/3079/3079 3080/3080/3080 3075/3075/3075
f 3080/3080/3080 3081/3081/3081 3075/3075/3075
f 3081/3081/3081 3073/3073/3073 3075/3075/3075
f 3082/3082/3082 3083/3083/3083 3084/3084/3084
f 3082/3082/3082 3084/3084/3084 3085/3085/3085
f 3055/3055/3055 3086/3086/3086 2817/2817/2817
f 3086/3086/3086 3087/3087/3087 2817/2817/2817
f 3087/3087/3087 3088/3088/3088 2817/2817/2817
f 3089/3089/3089 3090/3090/3090 2984/2984/2984
f 3090/3090/3090 3000/3000/3000 2984/2984/2984
f 3091/3091/3091 3028/3028/3028 3092/3092/3092
f 3093/3093/3093 3094/3094/3094 3095/3095/3095
f 3094/3094/3094 3096/3096/3096 3095/3095/3095
f 3096/3096/3096 3097/3097/3097 3095/3095/3095
f 3097/3097/3097 3098/3098/3098 3095/3095/3095
f 3098/3098/3098 3099/3099/3099 3095/3095/3095
f 3099/3099/3099 3100/3100/3100 3095/3095/3095
f 3100/3100/3100 3093/3093/3093 3095/3095/3095
f 3101/3101/3101 2738/2738/2738 3102/3102/3102
f 2738/2738/2738 3103/3103/3103 3102/3102/3102
f 3104/3104/3104 3105/3105/3105 3028/3028/3028
f 3105/3105/3105 3106/3106/3106 3028/3028/3028
f 3106/3106/3106 3107/3107/3107 3028/3028/3028
f 3108/3108/3108 3109/3109/3109 3110/3110/3110
f 3107/3107/3107 3032/3032/3032 3028/3028/3028
f 2983/2983/2983 3111/3111/3111 2984/2984/2984
f 3111/3111/3111 3112/3112/3112 2984/2984/2984
f 2793/2793/2793 2792/2792/2792 3113/3113/3113
f 3060/3060/3060 3059/3059/3059 3114/3114/3114
f 3115/3115/3115 3116/3116/3116 3117/3117/3117
f 3118/3118/3118 2964/2964/2964 2963/2963/2963
f 3119/3119/3119 3116/3116/3116 3120/3120/3120
f 3121/3121/3121 3122/3122/3122 3123/3123/3123
f 3120/3120/3120 3116/3116/3116 3124/3124/3124
f 3124/3124/3124 3116/3116/3116 3125/3125/3125
f 3126/3126/3126 3127/3127/3127 3128/3128/3128
f 3010/3010/3010 3129/3129/3129 3130/3130/3130
f 3131/3131/3131 3132/3132/3132 3133/3133/3133
f 3134/3134/3134 3116/3116/3116 3135/3135/3135
f 2826/2826/2826 3136/3136/3136 2960/2960/2960
f 3135/3135/3135 3116/3116/3116 3115/3115/3115
f 2978/2978/2978 3137/3137/3137 2979/2979/2979
f 3138/3138/3138 3139/3139/3139 3140/3140/3140
f 3141/3141/3141 3139/3139/3139 3138/3138/3138
f 3142/3142/3142 2817/2817/2817 3143/3143/3143
f 3143/3143/3143 2817/2817/2817 3144/3144/3144
f 3144/3144/3144 2817/2817/2817 3088/3088/3088
f 3145/3145/3145 3146/3146/3146 3147/3147/3147
f 3148/3148/3148 3145/3145/3145 3149/3149/3149
f 3150/3150/3150 3151/3151/3151 3152/3152/3152
f 2995/2995/2995 2994/2994/2994 3153/3153/3153
f 3089/3089/3089 2984/2984/2984 3154/3154/3154
f 3145/3145/3145 3148/3148/3148 3146/3146/3146
f 3141/3141/3141 3138/3138/3138 3155/3155/3155
f 3148/3148/3148 3149/3149/3149 3156/3156/3156
f 3154/3154/3154 2984/2984/2984 3112/3112/3112
f 3157/3157/3157 3140/3140/3140 3139/3139/3139
f 3158/3158/3158 3159/3159/3159 2983/2983/2983
f 3125/3125/3125 3116/3116/3116 3134/3134/3134
f 3160/3160/3160 3070/3070/3070 3072/3072/3072
f 3161/3161/3161 3162/3162/3162 3160/3160/3160
f 3011/3011/3011 3010/3010/3010 3163/3163/3163
f 2687/2687/2687 3164/3164/3164 2688/2688/2688
f 3062/3062/3062 3165/3165/3165 3067/3067/3067
f 3166/3166/3166 2711/2711/2711 2714/2714/2714
f 3167/3167/3167 3168/3168/3168 3011/3011/3011
f 3169/3169/3169 3170/3170/3170 3171/3171/3171
f 3171/3171/3171 3172/3172/3172 3173/3173/3173
f 3172/3172/3172 3174/3174/3174 3173/3173/3173
f 3175/3175/3175 3176/3176/3176 3177/3177/3177
f 3171/3171/3171 3173/3173/3173 3169/3169/3169
f 3162/3162/3162 3070/3070/3070 3160/3160/3160
f 3178/3178/3178 3179/3179/3179 3180/3180/3180
f 3181/3181/3181 3182/3182/3182 3179/3179/3179
f 3074/3074/3074 3183/3183/3183 3075/3075/3075
f 2705/2705/2705 2704/2704/2704 3184/3184/3184
f 3185/3185/3185 3186/3186/3186 3019/3019/3019
f 3187/3187/3187 3188/3188/3188 3189/3189/3189
f 3190/3190/3190 3191/3191/3191 3192/3192/3192
f 3190/3190/3190 3193/3193/3193 3191/3191/3191
f 2763/2763/2763 2762/2762/2762 3194/3194/3194
f 3195/3195/3195 3193/3193/3193 3190/3190/3190
f 3181/3181/3181 3179/3179/3179 3178/3178/3178
f 3196/3196/3196 3197/3197/3197 3198/3198/3198
f 3198/3198/3198 3199/3199/3199 3196/3196/3196
f 3018/3018/3018 3200/3200/3200 3201/3201/3201
f 3202/3202/3202 3203/3203/3203 3204/3204/3204
f 3205/3205/3205 3206/3206/3206 3207/3207/3207
f 3208/3208/3208 3209/3209/3209 3210/3210/3210
f 3211/3211/3211 3208/3208/3208 3210/3210/3210
f 3212/3212/3212 3208/3208/3208 3211/3211/3211
f 3211/3211/3211 3210/3210/3210 3213/3213/3213
f 3214/3214/3214 3215/3215/3215 3216/3216/3216
f 3217/3217/3217 3218/3218/3218 3219/3219/3219
f 3220/3220/3220 3221/3221/3221 3222/3222/3222
f 3223/3223/3223 3203/3203/3203 3224/3224/3224
f 3224/3224/3224 3203/3203/3203 3225/3225/3225
f 3225/3225/3225 3203/3203/3203 3226/3226/3226
f 3152/3152/3152 3227/3227/3227 3150/3150/3150
f 3226/3226/3226 3203/3203/3203 3202/3202/3202
f 3228/3228/3228 3229/3229/3229 3230/3230/3230
f 3229/3229/3229 3231/3231/3231 3230/3230/3230
f 3232/3232/3232 3229/3229/3229 3228/3228/3228
f 3121/3121/3121 3233/3233/3233 3122/3122/3122
f 3040/3040/3040 3234/3234/3234 3037/3037/3037
f 3235/3235/3235 3236/3236/3236 3237/3237/3237
f 3236/3236/3236 3238/3238/3238 3237/3237/3237
f 3239/3239/3239 3240/3240/3240 3241/3241/3241
f 3240/3240/3240 3242/3242/3242 3241/3241/3241
f 3109/3109/3109 3243/3243/3243 3110/3110/3110
f 3117/3117/3117 3116/3116/3116 3244/3244/3244
f 3046/3046/3046 3045/3045/3045 3245/3245/3245
f 3246/3246/3246 3247/3247/3247 3248/3248/3248
f 3249/3249/3249 3203/3203/3203 3250/3250/3250
f 3251/3251/3251 3236/3236/3236 3235/3235/3235
f 3239/3239/3239 3241/3241/3241 3252/3252/3252
f 3250/3250/3250 3203/3203/3203 3223/3223/3223
f 3253/3253/3253 3254/3254/3254 3130/3130/3130
f 3130/3130/3130 3254/3254/3254 3255/3255/3255
f 3104/3104/3104 3028/3028/3028 3091/3091/3091
f 3062/3062/3062 3061/3061/3061 3165/3165/3165
f 3256/3256/3256 3257/3257/3257 3258/3258/3258
f 3259/3259/3259 3260/3260/3260 3261/3261/3261
f 3262/3262/3262 3261/3261/3261 3260/3260/3260
f 3263/3263/3263 3083/3083/3083 3082/3082/3082
f 3259/3259/3259 3264/3264/3264 3260/3260/3260
f 3092/3092/3092 3028/3028/3028 3031/3031/3031
f 2818/2818/2818 3142/3142/3142 3265/3265/3265
f 3233/3233/3233 3266/3266/3266 3122/3122/3122
f 3267/3267/3267 3268/3268/3268 3269/3269/3269
f 3268/3268/3268 3270/3270/3270 3269/3269/3269
f 3069/3069/3069 3068/3068/3068 3271/3271/3271
f 3272/3272/3272 3273/3273/3273 3274/3274/3274
f 3275/3275/3275 3272/3272/3272 3276/3276/3276
f 2985/2985/2985 2984/2984/2984 2999/2999/2999
f 3068/3068/3068 3067/3067/3067 3277/3277/3277
f 3276/3276/3276 3272/3272/3272 3274/3274/3274
f 3267/3267/3267 3269/3269/3269 3278/3278/3278
f 2818/2818/2818 2817/2817/2817 3142/3142/3142

v 2.470952 5.406070 -4.256071
v 2.364090 5.218092 -4.510375
v 2.003416 5.163361 -4.536826
v 1.744190 5.212821 -4.354022
v 2.294821 4.757065 -4.098589
v 2.313613 4.936409 -4.441497
v 2.364090 5.218092 -4.510375
v 2.470952 5.406070 -4.256071
v 1.744190 5.212821 -4.354022
v 2.003416 5.163361 -4.536826
v 2.313613 4.936409 -4.441497
v 2.294821 4.757065 -4.098589
v 0.847724 6.678675 -4.080864
v 0.873328 6.940721 -4.205741
v 1.101382 7.174191 -4.157721
v 1.353501 7.171129 -4.003356
v 0.817443 7.264821 -4.030358
v 0.873328 6.940721 -4.205741
v 0.847724 6.678675 -4.080864
v 0.727977 7.402688 -3.736726
v 1.397444 8.944201 -2.819770
v 1.732496 8.964888 -2.827679
v 1.924725 8.742993 -2.805588
v 1.168275 8.668885 -2.822145
v 1.732496 8.964888 -2.827679
v 1.595084 9.106884 -2.580210
v 1.657961 9.018495 -2.226235
v 1.924725 8.742993 -2.805588
v 1.595084 9.106884 -2.580210
v 1.397444 8.944201 -2.819770
v 1.168275 8.668885 -2.822145
v 1.657961 9.018495 -2.226235
v 1.101382 7.174191 -4.157721
v 0.817443 7.264821 -4.030358
v 0.727977 7.402688 -3.736726
v 1.353501 7.171129 -4.003356
v 3.406122 4.214007 -1.896220
v 3.617481 4.369793 -2.150854
v 3.541066 4.681813 -2.241570
v 3.126331 4.277384 -1.752128
v 3.617481 4.369793 -2.150854
v 3.459114 4.161130 -2.285080
v 3.141191 4.184239 -2.505292
v 3.541066 4.681813 -2.241570
v 3.459114 4.161130 -2.285080
v 3.406122 4.214007 -1.896220
v 3.126331 4.277384 -1.752128
v 3.141191 4.184239 -2.505292
v 3.123572 5.805568 -0.350929
v 2.959669 5.528679 -0.278184
v 2.779392 5.371317 -0.444481
v 3.157859 5.949934 -0.606633
v 2.779392 5.371317 -0.444481
v 2.959669 5.528679 -0.278184
v 2.881824 5.867642 -0.144143
v 2.644417 6.105636 -0.129010
v 3.024477 7.998680 -0.735296
v 2.985786 8.116658 -0.468348
v 2.773153 8.013119 -0.229986
v 2.562899 7.725000 -0.196753
v 2.502844 8.446675 -0.635736
v 2.755471 8.321530 -0.395771
v 2.985786 8.116658 -0.468348
v 3.024477 7.998680 -0.735296
v 2.562899 7.725000 -0.196753
v 2.773153 8.013119 -0.229986
v 2.755471 8.321530 -0.395771
v 2.502844 8.446675 -0.635736
v 2.644417 6.105636 -0.129010
v 2.881824 5.867642 -0.144143
v 3.123572 5.805568 -0.350929
v 3.157859 5.949934 -0.606633
v 2.003416 5.163361 -4.536826
v 2.364090 5.218092 -4.510375
v 2.313613 4.936409 -4.441497
v 0.817443 7.264821 -4.030358
v 1.101382 7.174191 -4.157721
v 0.873328 6.940721 -4.205741
v 1.397444 8.944201 -2.819770
v 1.595084 9.106884 -2.580210
v 1.732496 8.964888 -2.827679
v 3.406122 4.214007 -1.896220
v 3.459114 4.161130 -2.285080
v 3.617481 4.369793 -2.150854
v 2.881824 5.867642 -0.144143
v 2.959669 5.528679 -0.278184
v 3.123572 5.805568 -0.350929
v 2.773153 8.013119 -0.229986
v 2.985786 8.116658 -0.468348
v 2.755471 8.321530 -0.395771

vt 3.962637 2.850974
vt 3.834151 2.781226
vt 3.506745 2.215866
vt 3.506792 2.056750
vt 3.038215 2.852171
vt 3.171120 2.784434
vt 3.834151 2.781226
vt 3.962637 2.850974
vt 3.506792 2.056750
vt 3.506745 2.215866
vt 3.171120 2.784434
vt 3.038215 2.852171
vt 3.509377 3.063338
vt 3.510039 3.213897
vt 3.846865 3.792804
vt 3.964853 3.853072
vt 3.165110 3.793420
vt 3.510039 3.213897
vt 3.509377 3.063338
vt 3.040980 3.852225
vt 3.506745 2.215866
vt 3.834151 2.781226
vt 3.962637 2.850974
vt 3.506792 2.056750
vt 3.834151 2.781226
vt 3.171120 2.784434
vt 3.038215 2.852171
vt 3.962637 2.850974
vt 3.171120 2.784434
vt 3.506745 2.215866
vt 3.506792 2.056750
vt 3.038215 2.852171
vt 3.846865 3.792804
vt 3.165110 3.793420
vt 3.040980 3.852225
vt 3.964853 3.853072
vt 3.506745 2.215866
vt 3.834151 2.781226
vt 3.962637 2.850974
vt 3.506792 2.056750
vt 3.834151 2.781226
vt 3.171120 2.784434
vt 3.038215 2.852171
vt 3.962637 2.850974
vt 3.171120 2.784434
vt 3.506745 2.215866
vt 3.506792 2.056750
vt 3.038215 2.852171
vt 3.846865 3.792804
vt 3.510039 3.213897
vt 3.509377 3.063338
vt 3.964853 3.853072
vt 3.509377 3.063338
vt 3.510039 3.213897
vt 3.165110 3.793420
vt 3.040980 3.852225
vt 3.962637 2.850974
vt 3.834151 2.781226
vt 3.506745 2.215866
vt 3.506792 2.056750
vt 3.038215 2.852171
vt 3.171120 2.784434
vt 3.834151 2.781226
vt 3.962637 2.850974
vt 3.506792 2.056750
vt 3.506745 2.215866
vt 3.171120 2.784434
vt 3.038215 2.852171
vt 3.040980 3.852225
vt 3.165110 3.793420
vt 3.846865 3.792804
vt 3.964853 3.853072
vt 3.506745 2.215866
vt 3.834151 2.781226
vt 3.171120 2.784434
vt 3.165110 3.793420
vt 3.846865 3.792804
vt 3.510039 3.213897
vt 3.506745 2.215866
vt 3.171120 2.784434
vt 3.834151 2.781226
vt 3.506745 2.215866
vt 3.171120 2.784434
vt 3.834151 2.781226
vt 3.165110 3.793420
vt 3.510039 3.213897
vt 3.846865 3.792804
vt 3.506745 2.215866
vt 3.834151 2.781226
vt 3.171120 2.784434

vn -0.135610 0.850016 -0.509002
vn -0.135610 0.850016 -0.509002
vn -0.135610 0.850016 -0.509002
vn -0.135610 0.850016 -0.509002
vn 0.954301 -0.265651 -0.136889
vn 0.954301 -0.265651 -0.136889
vn 0.954301 -0.265651 -0.136889
vn 0.954301 -0.265651 -0.136889
vn -0.446854 -0.784423 -0.430118
vn -0.446854 -0.784423 -0.430118
vn -0.446854 -0.784423 -0.430118
vn -0.446854 -0.784423 -0.430118
vn 0.508117 -0.379991 -0.772932
vn 0.508117 -0.379991 -0.772932
vn 0.508117 -0.379991 -0.772932
vn 0.508117 -0.379991 -0.772932
vn -0.961869 -0.026232 -0.272251
vn -0.961869 -0.026232 -0.272251
vn -0.961869 -0.026232 -0.272251
vn -0.961869 -0.026232 -0.272251
vn 0.011432 -0.040466 -0.999116
vn 0.011432 -0.040466 -0.999116
vn 0.011432 -0.040466 -0.999116
vn 0.011432 -0.040466 -0.999116
vn 0.751176 0.659209 0.034335
vn 0.751176 0.659209 0.034335
vn 0.751176 0.659209 0.034335
vn 0.751176 0.659209 0.034335
vn -0.759338 0.597125 0.258548
vn -0.759338 0.597125 0.258548
vn -0.759338 0.597125 0.258548
vn -0.759338 0.597125 0.258548
vn 0.178472 0.922459 -0.342369
vn 0.178472 0.922459 -0.342369
vn 0.178472 0.922459 -0.342369
vn 0.178472 0.922459 -0.342369
vn 0.531778 0.398327 0.747360
vn 0.531778 0.398327 0.747360
vn 0.531778 0.398327 0.747360
vn 0.531778 0.398327 0.747360
vn 0.603875 -0.028481 -0.796570
vn 0.603875 -0.028481 -0.796570
vn 0.603875 -0.028481 -0.796570
vn 0.603875 -0.028481 -0.796570
vn -0.156702 -0.980799 0.116096
vn -0.156702 -0.980799 0.116096
vn -0.156702 -0.980799 0.116096
vn -0.156702 -0.980799 0.116096
vn 0.783914 -0.566653 -0.253740
vn 0.783914 -0.566653 -0.253740
vn 0.783914 -0.566653 -0.253740
vn 0.783914 -0.566653 -0.253740
vn -0.379438 -0.420422 0.824180
vn -0.379438 -0.420422 0.824180
vn -0.379438 -0.420422 0.824180
vn -0.379438 -0.420422 0.824180
vn 0.747961 -0.538952 0.387409
vn 0.747961 -0.538952 0.387409
vn 0.747961 -0.538952 0.387409
vn 0.747961 -0.538952 0.387409
vn 0.603368 0.759245 -0.243913
vn 0.603368 0.759245 -0.243913
vn 0.603368 0.759245 -0.243913
vn 0.603368 0.759245 -0.243913
vn -0.488740 0.413983 0.767953
vn -0.488740 0.413983 0.767953
vn -0.488740 0.413983 0.767953
vn -0.488740 0.413983 0.767953
vn 0.614452 0.627387 0.478366
vn 0.614452 0.627387 0.478366
vn 0.614452 0.627387 0.478366
vn 0.614452 0.627387 0.478366
vn 0.109092 -0.254507 -0.960898
vn 0.109092 -0.254507 -0.960898
vn 0.109092 -0.254507 -0.960898
vn -0.253478 0.426209 -0.868386
vn -0.253478 0.426209 -0.868386
vn -0.253478 0.426209 -0.868386
vn -0.064810 0.849577 -0.523468
vn -0.064810 0.849577 -0.523468
vn -0.064810 0.849577 -0.523468
vn 0.719882 -0.667891 0.188920
vn 0.719882 -0.667891 0.188920
vn 0.719882 -0.667891 0.188920
vn 0.616864 -0.162841 0.770040
vn 0.616864 -0.162841 0.770040
vn 0.616864 -0.162841 0.770040
vn 0.585039 0.409758 0.699877
vn 0.585039 0.409758 0.699877
vn 0.585039 0.409758 0.699877

g polygon25
s 1
usemtl mat16
f 3279/3279/3279 3280/3280/3280 3281/3281/3281
f 3282/3282/3282 3279/3279/3279 3281/3281/3281
f 3283/3283/3283 3284/3284/3284 3285/3285/3285
f 3286/3286/3286 3283/3283/3283 3285/3285/3285
f 3287/3287/3287 3288/3288/3288 3289/3289/3289
f 3290/3290/3290 3287/3287/3287 3289/3289/3289
f 3291/3291/3291 3292/3292/3292 3293/3293/3293
f 3294/3294/3294 3291/3291/3291 3293/3293/3293
f 3295/3295/3295 3296/3296/3296 3297/3297/3297
f 3298/3298/3298 3295/3295/3295 3297/3297/3297
f 3299/3299/3299 3300/3300/3300 3301/3301/3301
f 3302/3302/3302 3299/3299/3299 3301/3301/3301
f 3303/3303/3303 3304/3304/3304 3305/3305/3305
f 3306/3306/3306 3303/3303/3303 3305/3305/3305
f 3307/3307/3307 3308/3308/3308 3309/3309/3309
f 3310/3310/3310 3307/3307/3307 3309/3309/3309
f 3311/3311/3311 3312/3312/3312 3313/3313/3313
f 3314/3314/3314 3311/3311/3311 3313/3313/3313
f 3315/3315/3315 3316/3316/3316 3317/3317/3317
f 3318/3318/3318 3315/3315/3315 3317/3317/3317
f 3319/3319/3319 3320/3320/3320 3321/3321/3321
f 3322/3322/3322 3319/3319/3319 3321/3321/3321
f 3323/3323/3323 3324/3324/3324 3325/3325/3325
f 3326/3326/3326 3323/3323/3323 3325/3325/3325
f 3327/3327/3327 3328/3328/3328 3329/3329/3329
f 3330/3330/3330 3327/3327/3327 3329/3329/3329
f 3331/3331/3331 3332/3332/3332 3333/3333/3333
f 3334/3334/3334 3331/3331/3331 3333/3333/3333
f 3335/3335/3335 3336/3336/3336 3337/3337/3337
f 3338/3338/3338 3335/3335/3335 3337/3337/3337
f 3339/3339/3339 3340/3340/3340 3341/3341/3341
f 3342/3342/3342 3339/3339/3339 3341/3341/3341
f 3343/3343/3343 3344/3344/3344 3345/3345/3345
f 3346/3346/3346 3343/3343/3343 3345/3345/3345
f 3347/3347/3347 3348/3348/3348 3349/3349/3349
f 3350/3350/3350 3347/3347/3347 3349/3349/3349
f 3351/3351/3351 3352/3352/3352 3353/3353/3353
f 3354/3354/3354 3355/3355/3355 3356/3356/3356
f 3357/3357/3357 3358/3358/3358 3359/3359/3359
f 3360/3360/3360 3361/3361/3361 3362/3362/3362
f 3363/3363/3363 3364/3364/3364 3365/3365/3365
f 3366/3366/3366 3367/3367/3367 3368/3368/3368

v 0.472367 7.167387 -3.165008
v 0.606264 6.334445 -3.535595
v 2.400835 5.545378 -2.747071
v 2.076019 7.565978 -1.848077
v 2.130890 5.302574 -0.665471
v 1.996993 6.135515 -0.294884
v 0.939073 5.676534 -3.753418
v 1.461617 5.132987 -3.818838
v 2.046084 4.729087 -3.606512
v 2.536683 4.544317 -3.179138
v 0.942852 8.360091 -2.383054
v 0.592820 7.830491 -2.795092
v 1.421343 8.615435 -1.877421
v 1.892636 8.550767 -1.396611
v 2.532298 4.408346 -1.803270
v 2.316544 4.744257 -1.160318
v 2.613942 4.344758 -2.537511
v 1.970290 6.898216 -0.201991
v 2.013534 7.635450 -0.367485
v 1.989203 8.231107 -0.808420

vt 0.742992 0.554048
vt 0.742992 0.442597
vt 0.499406 0.363140
vt 0.499406 0.633505
vt 0.742992 0.442597
vt 0.742992 0.554048
vt 0.719481 0.354218
vt 0.670466 0.282422
vt 0.590132 0.238317
vt 0.499406 0.230282
vt 0.670466 0.714222
vt 0.719481 0.642427
vt 0.590132 0.758327
vt 0.499406 0.766362
vt 0.670466 0.282422
vt 0.719481 0.354218
vt 0.590132 0.238317
vt 0.719481 0.642427
vt 0.670466 0.714222
vt 0.590132 0.758327

vn -0.267969 -0.423083 0.865560
vn -0.267969 -0.423083 0.865560
vn -0.870345 -0.364272 0.331369
vn -0.890556 -0.238546 0.387306
vn -0.926838 0.022841 -0.374767
vn -0.926838 0.022841 -0.374767
vn -0.277335 -0.396201 0.875277
vn -0.350292 -0.257541 0.900538
vn -0.525846 -0.020012 0.850344
vn -0.828208 0.215379 0.517382
vn -0.297899 -0.583465 0.755529
vn -0.267403 -0.457984 0.847789
vn -0.409505 -0.743746 0.528344
vn -0.676174 -0.730381 0.096600
vn -0.957774 0.153605 -0.243053
vn -0.932499 0.047216 -0.358074
vn -0.961072 0.274551 0.031028
vn -0.922567 -0.014568 -0.385563
vn -0.905381 -0.172320 -0.388061
vn -0.844730 -0.449184 -0.290972

g polygon26
s 1
usemtl mat2
f 3369/3369/3369 3370/3370/3370 3371/3371/3371
f 3372/3372/3372 3369/3369/3369 3371/3371/3371
f 3371/3371/3371 3373/3373/3373 3374/3374/3374
f 3372/3372/3372 3371/3371/3371 3374/3374/3374
f 3371/3371/3371 3375/3375/3375 3376/3376/3376
f 3371/3371/3371 3370/3370/3370 3375/3375/3375
f 3371/3371/3371 3376/3376/3376 3377/3377/3377
f 3371/3371/3371 3377/3377/3377 3378/3378/3378
f 3372/3372/3372 3379/3379/3379 3380/3380/3380
f 3372/3372/3372 3380/3380/3380 3369/3369/3369
f 3372/3372/3372 3381/3381/3381 3379/3379/3379
f 3372/3372/3372 3382/3382/3382 3381/3381/3381
f 3371/3371/3371 3383/3383/3383 3384/3384/3384
f 3371/3371/3371 3384/3384/3384 3373/3373/3373
f 3371/3371/3371 3385/3385/3385 3383/3383/3383
f 3371/3371/3371 3378/3378/3378 3385/3385/3385
f 3372/3372/3372 3386/3386/3386 3387/3387/3387
f 3372/3372/3372 3374/3374/3374 3386/3386/3386
f 3372/3372/3372 3387/3387/3387 3388/3388/3388
f 3372/3372/3372 3388/3388/3388 3382/3382/3382

v 0.727153 0.333501 -1.610632
v 0.936990 0.226747 -1.349308
v 1.006522 0.331335 -1.237157
v 0.775126 0.617206 -1.533254
v 1.023739 0.452213 -1.209388
v 2.572784 0.331335 -2.208219
v 2.503253 0.226747 -2.320369
v 2.362500 0.333501 -2.624524
v 2.590001 0.452213 -2.180449
v 2.410472 0.617206 -2.547147
v 2.870223 0.222188 0.020204
v 2.868045 0.039151 0.016694
v 3.263323 0.008101 -0.391174
v 3.265906 0.225291 -0.387008
v 1.814303 0.197856 0.089352
v 1.804309 -0.067676 0.073233
v 2.326949 0.008102 0.189365
v 2.329532 0.225293 0.193529
v 1.412633 0.232561 -0.233334
v 1.402639 -0.032972 -0.249452
v 1.195083 0.269272 -0.703238
v 1.187406 0.065274 -0.715621
v 0.610173 0.780050 -1.997321
v 0.560915 0.488746 -2.076771
v 0.706282 0.892837 -2.439711
v 0.659423 0.615720 -2.515292
v 1.629186 0.892837 -3.011900
v 1.582327 0.615721 -3.087481
v 1.041109 0.686120 -2.930042
v 1.084623 0.943452 -2.859858
v 2.068167 0.780050 -2.901257
v 2.018909 0.488746 -2.980707
v 2.967156 0.269270 -1.801900
v 2.959479 0.065272 -1.814282
v 3.291302 0.232558 -1.398084
v 3.281309 -0.032974 -1.414202
v 3.401710 0.197855 -0.894819
v 3.391716 -0.067678 -0.910937
v -1.977839 3.248917 -1.179813
v -1.668940 3.082961 -1.207354
v -1.546318 3.329937 -1.320243
v -1.955531 3.411235 -1.231931
v -1.903469 3.516091 -1.279860
v -2.610878 2.799285 -2.851109
v -2.588570 2.961603 -2.903228
v -2.536509 3.066458 -2.951156
v -2.329901 2.613497 -2.952366
v -2.207278 2.860472 -3.065257
v -4.030576 3.866595 -2.191906
v -3.946340 4.101340 -1.679549
v -3.868877 4.257360 -1.750865
v -3.938657 4.051729 -2.276529
v -3.652120 4.135403 -1.192739
v -3.255776 4.016535 -0.888565
v -3.143007 4.243663 -0.992383
v -3.560201 4.320537 -1.277363
v -2.773626 3.805934 -0.825591
v -2.660858 4.033063 -0.929409
v -2.321266 3.576263 -1.004292
v -2.234630 3.750757 -1.084051
v -1.275880 2.801752 -1.395625
v -1.149974 3.055342 -1.511539
v -1.083989 2.570623 -1.753234
v -0.964214 2.811863 -1.863503
v -1.122108 2.371991 -2.284037
v -1.457001 2.305681 -2.738030
v -1.337226 2.546921 -2.848298
v -1.010885 2.596007 -2.386433
v -1.865160 2.383201 -2.951394
v -1.739253 2.636791 -3.067307
v -3.037488 3.067548 -2.895200
v -2.950851 3.242042 -2.974959
v -3.532932 3.266619 -2.830245
v -3.420164 3.493746 -2.934063
v -3.897360 3.560833 -2.582423
v -3.784593 3.787961 -2.686241

vt 0.706882 0.042825
vt 0.595144 0.042825
vt 0.581218 0.358620
vt 0.706882 0.546778
vt 0.581218 0.546778
vt 0.581218 0.358620
vt 0.595144 0.042825
vt 0.706882 0.042825
vt 0.581218 0.546778
vt 0.706882 0.546778
vt 0.038246 0.546778
vt 0.038246 0.040269
vt 0.038246 0.040269
vt 0.038246 0.546778
vt 0.155105 0.546778
vt 0.155105 0.042825
vt 0.038246 0.040269
vt 0.038246 0.546778
vt 0.279686 0.546778
vt 0.279686 0.042825
vt 0.421741 0.546778
vt 0.421741 0.042747
vt 0.848406 0.546778
vt 0.848406 0.042825
vt 0.961754 0.546778
vt 0.961754 0.039895
vt 0.961754 0.546778
vt 0.961754 0.039895
vt 0.961754 0.039895
vt 0.961754 0.546778
vt 0.848406 0.546778
vt 0.848406 0.042825
vt 0.421741 0.546778
vt 0.421741 0.042747
vt 0.279686 0.546778
vt 0.279686 0.042825
vt 0.155105 0.546778
vt 0.155105 0.042825
vt 0.595144 0.042825
vt 0.706882 0.042825
vt 0.706882 0.546778
vt 0.581218 0.358620
vt 0.581218 0.546778
vt 0.595144 0.042825
vt 0.581218 0.358620
vt 0.581218 0.546778
vt 0.706882 0.042825
vt 0.706882 0.546778
vt 0.038246 0.040269
vt 0.038246 0.040269
vt 0.038246 0.546778
vt 0.038246 0.546778
vt 0.038246 0.040269
vt 0.155105 0.042825
vt 0.155105 0.546778
vt 0.038246 0.546778
vt 0.279686 0.042825
vt 0.279686 0.546778
vt 0.421741 0.042747
vt 0.421741 0.546778
vt 0.848406 0.042825
vt 0.848406 0.546778
vt 0.961754 0.039895
vt 0.961754 0.546778
vt 0.961754 0.039895
vt 0.961754 0.039895
vt 0.961754 0.546778
vt 0.961754 0.546778
vt 0.848406 0.042825
vt 0.848406 0.546778
vt 0.421741 0.042747
vt 0.421741 0.546778
vt 0.279686 0.042825
vt 0.279686 0.546778
vt 0.155105 0.042825
vt 0.155105 0.546778

vn -0.876422 0.008867 0.481462
vn -0.799724 -0.043932 0.598758
vn -0.881028 -0.006744 0.473015
vn -0.876422 0.008867 0.481462
vn -0.881028 -0.006744 0.473015
vn 0.815456 -0.006745 -0.578780
vn 0.891926 -0.043931 -0.450043
vn 0.820973 0.008867 -0.570898
vn 0.815456 -0.006745 -0.578780
vn 0.820973 0.008867 -0.570898
vn 0.526798 -0.022560 0.849691
vn 0.526798 -0.022560 0.849691
vn 0.870848 -0.029826 0.490647
vn 0.870848 -0.029826 0.490647
vn -0.427615 -0.030563 0.903444
vn -0.427615 -0.030563 0.903444
vn 0.052212 -0.029824 0.998191
vn 0.052212 -0.029824 0.998191
vn -0.787955 -0.007718 0.615684
vn -0.787955 -0.007718 0.615684
vn -0.925289 0.019628 0.378755
vn -0.925289 0.019628 0.378755
vn -0.985079 0.138827 0.101722
vn -0.985079 0.138827 0.101722
vn -0.877953 0.258380 -0.403037
vn -0.877953 0.258380 -0.403037
vn 0.029419 0.258381 -0.965595
vn 0.029419 0.258381 -0.965595
vn -0.501730 0.305556 -0.809260
vn -0.501730 0.305556 -0.809260
vn 0.529163 0.138828 -0.837086
vn 0.529163 0.138828 -0.837086
vn 0.750710 0.019626 -0.660340
vn 0.750710 0.019626 -0.660340
vn 0.901853 -0.007718 -0.431974
vn 0.901853 -0.007718 -0.431974
vn 0.999357 -0.030564 0.018740
vn 0.999357 -0.030564 0.018740
vn 0.252439 0.295781 0.921297
vn 0.382531 0.215039 0.898570
vn 0.382531 0.215039 0.898570
vn 0.411059 0.196958 0.890077
vn 0.411059 0.196958 0.890077
vn -0.433486 -0.198013 -0.879136
vn -0.273535 -0.289291 -0.917327
vn -0.273535 -0.289291 -0.917327
vn -0.303651 -0.272340 -0.913032
vn -0.303651 -0.272340 -0.913032
vn -0.906740 0.330453 -0.261961
vn -0.844175 0.503382 0.184324
vn -0.844175 0.503382 0.184324
vn -0.906740 0.330453 -0.261961
vn -0.584926 0.559029 0.587663
vn -0.182669 0.482305 0.856746
vn -0.182669 0.482305 0.856746
vn -0.584926 0.559029 0.587663
vn 0.252439 0.295781 0.921297
vn 0.252439 0.295781 0.921297
vn 0.500525 0.141855 0.854021
vn 0.500525 0.141855 0.854021
vn 0.689553 -0.011359 0.724147
vn 0.689553 -0.011359 0.724147
vn 0.897207 -0.295422 0.328245
vn 0.897207 -0.295422 0.328245
vn 0.844175 -0.503382 -0.184323
vn 0.530473 -0.555905 -0.639975
vn 0.530473 -0.555905 -0.639975
vn 0.844175 -0.503382 -0.184323
vn 0.077539 -0.446057 -0.891639
vn 0.077539 -0.446057 -0.891639
vn -0.173479 -0.336873 -0.925430
vn -0.173479 -0.336873 -0.925430
vn -0.433486 -0.198013 -0.879136
vn -0.433486 -0.198013 -0.879136
vn -0.754207 0.076355 -0.652182
vn -0.754207 0.076355 -0.652182

g polygon31
s 1
usemtl mat21
f 3389/3389/3389 3390/3390/3390 3391/3391/3391
f 3392/3392/3392 3389/3389/3389 3391/3391/3391
f 3393/3393/3393 3392/3392/3392 3391/3391/3391
f 3394/3394/3394 3395/3395/3395 3396/3396/3396
f 3397/3397/3397 3394/3394/3394 3396/3396/3396
f 3398/3398/3398 3397/3397/3397 3396/3396/3396
f 3399/3399/3399 3400/3400/3400 3401/3401/3401
f 3402/3402/3402 3399/3399/3399 3401/3401/3401
f 3403/3403/3403 3404/3404/3404 3405/3405/3405
f 3406/3406/3406 3403/3403/3403 3405/3405/3405
f 3407/3407/3407 3408/3408/3408 3404/3404/3404
f 3403/3403/3403 3407/3407/3407 3404/3404/3404
f 3409/3409/3409 3410/3410/3410 3408/3408/3408
f 3407/3407/3407 3409/3409/3409 3408/3408/3408
f 3411/3411/3411 3412/3412/3412 3389/3389/3389
f 3392/3392/3392 3411/3411/3411 3389/3389/3389
f 3413/3413/3413 3414/3414/3414 3412/3412/3412
f 3411/3411/3411 3413/3413/3413 3412/3412/3412
f 3415/3415/3415 3416/3416/3416 3417/3417/3417
f 3418/3418/3418 3415/3415/3415 3417/3417/3417
f 3419/3419/3419 3420/3420/3420 3416/3416/3416
f 3415/3415/3415 3419/3419/3419 3416/3416/3416
f 3398/3398/3398 3396/3396/3396 3420/3420/3420
f 3419/3419/3419 3398/3398/3398 3420/3420/3420
f 3421/3421/3421 3422/3422/3422 3394/3394/3394
f 3397/3397/3397 3421/3421/3421 3394/3394/3394
f 3423/3423/3423 3424/3424/3424 3422/3422/3422
f 3421/3421/3421 3423/3423/3423 3422/3422/3422
f 3425/3425/3425 3426/3426/3426 3424/3424/3424
f 3423/3423/3423 3425/3425/3425 3424/3424/3424
f 3402/3402/3402 3401/3401/3401 3426/3426/3426
f 3425/3425/3425 3402/3402/3402 3426/3426/3426
f 3393/3393/3393 3391/3391/3391 3410/3410/3410
f 3409/3409/3409 3393/3393/3393 3410/3410/3410
f 3418/3418/3418 3417/3417/3417 3414/3414/3414
f 3413/3413/3413 3418/3418/3418 3414/3414/3414
f 3399/3399/3399 3406/3406/3406 3405/3405/3405
f 3400/3400/3400 3399/3399/3399 3405/3405/3405
f 3427/3427/3427 3428/3428/3428 3429/3429/3429
f 3430/3430/3430 3427/3427/3427 3429/3429/3429
f 3431/3431/3431 3430/3430/3430 3429/3429/3429
f 3432/3432/3432 3433/3433/3433 3434/3434/3434
f 3435/3435/3435 3432/3432/3432 3434/3434/3434
f 3436/3436/3436 3435/3435/3435 3434/3434/3434
f 3437/3437/3437 3438/3438/3438 3439/3439/3439
f 3440/3440/3440 3437/3437/3437 3439/3439/3439
f 3441/3441/3441 3442/3442/3442 3443/3443/3443
f 3444/3444/3444 3441/3441/3441 3443/3443/3443
f 3442/3442/3442 3445/3445/3445 3446/3446/3446
f 3443/3443/3443 3442/3442/3442 3446/3446/3446
f 3445/3445/3445 3447/3447/3447 3448/3448/3448
f 3446/3446/3446 3445/3445/3445 3448/3448/3448
f 3428/3428/3428 3449/3449/3449 3450/3450/3450
f 3429/3429/3429 3428/3428/3428 3450/3450/3450
f 3449/3449/3449 3451/3451/3451 3452/3452/3452
f 3450/3450/3450 3449/3449/3449 3452/3452/3452
f 3453/3453/3453 3454/3454/3454 3455/3455/3455
f 3456/3456/3456 3453/3453/3453 3455/3455/3455
f 3454/3454/3454 3457/3457/3457 3458/3458/3458
f 3455/3455/3455 3454/3454/3454 3458/3458/3458
f 3457/3457/3457 3435/3435/3435 3436/3436/3436
f 3458/3458/3458 3457/3457/3457 3436/3436/3436
f 3433/3433/3433 3459/3459/3459 3460/3460/3460
f 3434/3434/3434 3433/3433/3433 3460/3460/3460
f 3459/3459/3459 3461/3461/3461 3462/3462/3462
f 3460/3460/3460 3459/3459/3459 3462/3462/3462
f 3461/3461/3461 3463/3463/3463 3464/3464/3464
f 3462/3462/3462 3461/3461/3461 3464/3464/3464
f 3463/3463/3463 3437/3437/3437 3440/3440/3440
f 3464/3464/3464 3463/3463/3463 3440/3440/3440
f 3447/3447/3447 3430/3430/3430 3431/3431/3431
f 3448/3448/3448 3447/3447/3447 3431/3431/3431
f 3451/3451/3451 3453/3453/3453 3456/3456/3456
f 3452/3452/3452 3451/3451/3451 3456/3456/3456
f 3441/3441/3441 3444/3444/3444 3439/3439/3439
f 3438/3438/3438 3441/3441/3441 3439/3439/3439

v 1.629186 0.892837 -3.011900
v 1.668427 1.168627 -3.087335
v 2.189789 1.029910 -2.961110
v 2.068167 0.780050 -2.901257
v 1.084623 0.943452 -2.859858
v 1.064470 1.227409 -2.903119
v 0.610173 0.780050 -1.997321
v 0.503520 1.031913 -1.925472
v 0.626946 1.169864 -2.447699
v 0.706282 0.892837 -2.439711
v 0.775126 0.617206 -1.533254
v 0.702168 0.827367 -1.369408
v 1.023739 0.452213 -1.209388
v 0.958010 0.639533 -1.070252
v 2.329532 0.225293 0.193529
v 2.421033 0.658224 0.388161
v 1.865099 0.572977 0.291607
v 1.814303 0.197856 0.089352
v 3.265906 0.225291 -0.387008
v 3.399544 0.658222 -0.218502
v 2.985081 0.671347 0.205466
v 2.870223 0.222188 0.020204
v 3.401710 0.197855 -0.894819
v 3.560280 0.572975 -0.759381
v 2.410472 0.617206 -2.547147
v 2.589669 0.827367 -2.539633
v 2.743851 0.639531 -2.177449
v 2.590001 0.452213 -2.180449
v 1.752018 1.564258 -3.046779
v 2.292134 1.417431 -2.908196
v 1.121142 1.618735 -2.833031
v 0.506575 1.423764 -1.832239
v 0.637133 1.568211 -2.374962
v 0.716505 1.192691 -1.223946
v 1.001555 0.983980 -0.910956
v 2.404858 1.184865 0.427167
v 1.826905 1.114438 0.330080
v 3.441677 1.184863 -0.215647
v 2.994024 1.207627 0.219887
v 3.611723 1.114435 -0.776484
v 2.713585 1.192691 -2.462108
v 2.867166 0.983979 -2.067610
v 1.774558 1.893587 -2.853697
v 2.291231 1.763898 -2.695468
v 1.236274 1.935426 -2.673198
v 0.698762 1.775114 -1.763175
v 0.814999 1.900344 -2.291932
v 0.888959 1.571930 -1.189446
v 1.276268 1.328728 -0.745077
v 2.357856 1.580260 0.263092
v 1.865539 1.527756 0.154924
v 3.315619 1.580258 -0.330708
v 2.899697 1.604407 0.067742
v 3.437662 1.527753 -0.819771
v 2.667797 1.571930 -2.292300
v 2.893098 1.324896 -1.728691
v 1.783626 2.119582 -2.637617
v 2.237383 1.957059 -2.482563
v 1.362640 2.162055 -2.494579
v 0.915806 1.972424 -1.738576
v 1.021335 2.128446 -2.208482
v 1.075800 1.788008 -1.231368
v 1.349626 1.668065 -0.911429
v 1.393852 0.526558 -0.117116
v 1.354519 0.980832 -0.098967
v 3.437495 0.980828 -1.390384
v 3.403748 0.526554 -1.363224
v 2.547163 1.788009 -2.143592
v 1.459325 1.383853 -0.197622
v 1.035319 2.029341 -1.191389
v 0.945613 2.178939 -1.627320
v 3.072204 0.509611 -1.815487
v 3.291302 0.232558 -1.398084
v 2.967156 0.269270 -1.801900
v 2.387875 2.146179 -2.360799
v 2.681835 1.991941 -2.028744
v 2.714118 1.658455 -1.710256
v 1.195083 0.269272 -0.703238
v 1.136199 0.509613 -0.615191
v 1.133966 0.877440 -0.555372
v 3.126777 0.877436 -1.790887
v 1.276156 1.273483 -0.577324
v 3.043886 1.273478 -1.673293
v 1.412633 0.232561 -0.233334
v 3.302528 1.383848 -1.340382
v 2.809949 1.665785 -1.367082
v 2.763892 1.530325 -1.273906
v 1.798904 2.269775 -2.420960
v 1.248009 2.282288 -2.140797
v 1.329361 1.875039 -0.859170
v 3.114413 1.862725 -0.518923
v 2.771624 1.842279 -1.592649
v 2.579089 1.759015 -1.164597
v 1.703006 1.537797 -0.652822
v 1.785414 1.777043 -0.760964
v 2.278750 1.862728 -0.000822
v 1.870847 1.798053 -0.283262
v 3.042824 1.798050 -1.009874
v 2.727575 1.908126 -0.209882
v 2.500643 1.960584 -0.575909
v 1.654455 1.665788 -0.650692
v 2.289919 1.835332 -0.915791
v 2.306884 1.608548 -0.836290
v 2.239285 1.732764 -0.849057
v -1.650180 2.770836 -3.276367
v -1.175749 2.667548 -3.010553
v -1.337226 2.546921 -2.848298
v -1.739253 2.636791 -3.067307
v -0.820449 2.736791 -2.489726
v -1.010885 2.596007 -2.386433
v -0.752917 2.970493 -1.904626
v -0.965568 3.261335 -1.485754
v -1.149974 3.055342 -1.511539
v -0.964214 2.811863 -1.863503
v -1.427151 3.573527 -1.267344
v -1.546318 3.329937 -1.320243
v -1.771099 3.745733 -1.249341
v -1.903469 3.516091 -1.279860
v -3.119193 4.544569 -1.012445
v -3.570033 4.624175 -1.327992
v -3.560201 4.320537 -1.277363
v -3.143007 4.243663 -0.992383
v -3.891023 4.552700 -1.821931
v -3.965520 4.343271 -2.372122
v -3.938657 4.051729 -2.276529
v -3.868877 4.257360 -1.750865
v -3.804338 4.057928 -2.821304
v -3.784593 3.787961 -2.686241
v -2.492886 3.233065 -3.154941
v -2.190027 3.031676 -3.281420
v -2.207278 2.860472 -3.065257
v -2.536509 3.066458 -2.951156
v -1.505788 3.051775 -3.459070
v -1.017769 2.933517 -3.178696
v -0.663501 3.021739 -2.618527
v -0.561105 3.266234 -2.006294
v -0.774412 3.584642 -1.581395
v -1.256567 3.917503 -1.353415
v -1.669018 4.111225 -1.334589
v -2.957296 4.961172 -1.127698
v -3.438587 5.055762 -1.456068
v -3.763088 4.975500 -1.984138
v -3.857640 4.758119 -2.562416
v -3.678670 4.448797 -3.032207
v -2.423045 3.575658 -3.325307
v -2.063730 3.344194 -3.484418
v -1.367721 3.381176 -3.468693
v -0.912274 3.231754 -3.192753
v -0.617603 3.308640 -2.711267
v -0.514095 3.528860 -2.198321
v -0.706907 3.874248 -1.818353
v -1.135736 4.215216 -1.620847
v -1.718707 4.524411 -1.594071
v -2.775090 5.257219 -1.414333
v -3.201943 5.342062 -1.674008
v -3.496767 5.269103 -2.164000
v -3.589044 5.067114 -2.695999
v -3.410498 4.805904 -3.091882
v -2.378064 4.047977 -3.302601
v -1.854692 3.704560 -3.518974
v -1.281869 3.590494 -3.381998
v -0.856250 3.456631 -3.149482
v -0.623815 3.529548 -2.774648
v -0.534574 3.703848 -2.374728
v -0.724185 4.019091 -2.038818
v -1.083900 4.364738 -1.883744
v -1.454902 4.623504 -1.899741
v -2.542835 4.281521 -0.955831
v -2.379532 4.664025 -1.073186
v -3.221412 4.066058 -3.295846
v -3.355178 3.704534 -3.100511
v -1.703351 3.902527 -3.430787
v -2.295529 4.982641 -1.346260
v -0.625640 4.153481 -2.081488
v -0.868225 4.543388 -1.983565
v -3.420164 3.493746 -2.934063
v -2.885424 3.440895 -3.159581
v -2.950851 3.242042 -2.974959
v -1.590998 3.950946 -3.577363
v -1.258751 3.634532 -3.477571
v -2.021114 4.201020 -3.313820
v -2.102946 3.996670 -1.093747
v -2.234630 3.750757 -1.084051
v -1.969700 4.368407 -1.207376
v -2.775138 3.796323 -3.333825
v -1.962231 4.722337 -1.451432
v -2.676696 4.214869 -3.337706
v -2.660858 4.033063 -0.929409
v -3.040499 4.453507 -3.313068
v -2.572573 4.705369 -3.111954
v -2.302504 4.526651 -3.106015
v -0.848427 3.531110 -3.045459
v -0.606600 3.729330 -2.512203
v -1.200593 4.859951 -2.083357
v -3.249933 5.244089 -2.792851
v -1.833705 4.341001 -3.479441
v -1.877007 4.703231 -3.172609
v -1.862278 4.855131 -2.006576
v -1.528606 4.988809 -2.404347
v -2.451354 5.311184 -1.811044
v -2.912182 5.483984 -1.901148
v -2.925034 4.974741 -3.061615
v -3.122041 5.426002 -2.348147
v -2.720091 5.319209 -2.471663
v -2.105556 5.037080 -1.878972
v -2.392892 5.063237 -2.526732
v -2.149833 4.874283 -2.585461
v -1.779774 4.953171 -2.793404

vt 0.948584 0.106864
vt 0.983448 0.252365
vt 0.860148 0.252365
vt 0.838601 0.106864
vt 0.948584 0.106864
vt 0.983448 0.252365
vt 0.838601 0.106864
vt 0.860148 0.252365
vt 0.983448 0.252365
vt 0.948584 0.106864
vt 0.701279 0.106864
vt 0.701279 0.252365
vt 0.579346 0.106864
vt 0.545380 0.252365
vt 0.052496 0.106864
vt 0.016552 0.263678
vt 0.140026 0.263678
vt 0.165885 0.106864
vt 0.052496 0.106864
vt 0.016552 0.263678
vt 0.016552 0.263678
vt 0.052496 0.106864
vt 0.165885 0.106864
vt 0.140026 0.263678
vt 0.701279 0.106864
vt 0.701279 0.252365
vt 0.545380 0.252365
vt 0.579346 0.106864
vt 0.981780 0.455617
vt 0.859117 0.455617
vt 0.981780 0.455617
vt 0.859117 0.455617
vt 0.981780 0.455617
vt 0.701279 0.455617
vt 0.533367 0.455617
vt 0.018271 0.483261
vt 0.127724 0.506077
vt 0.018271 0.483261
vt 0.018271 0.483261
vt 0.127724 0.506077
vt 0.701279 0.455617
vt 0.533367 0.455617
vt 0.949267 0.605679
vt 0.839023 0.605679
vt 0.949267 0.605679
vt 0.839023 0.605679
vt 0.949267 0.605679
vt 0.701279 0.605679
vt 0.539940 0.605679
vt 0.022010 0.689177
vt 0.102146 0.732463
vt 0.051791 0.645381
vt 0.022010 0.689177
vt 0.102146 0.732463
vt 0.701279 0.605679
vt 0.539940 0.605679
vt 0.901685 0.709880
vt 0.809616 0.709880
vt 0.901685 0.709880
vt 0.809616 0.709880
vt 0.901685 0.709880
vt 0.701279 0.709880
vt 0.637968 0.709880
vt 0.290024 0.262640
vt 0.282418 0.517483
vt 0.282418 0.517483
vt 0.290024 0.262640
vt 0.701279 0.709880
vt 0.270000 0.714839
vt 0.718827 0.799969
vt 0.802190 0.799969
vt 0.425080 0.261361
vt 0.286767 0.106864
vt 0.424604 0.106864
vt 0.802190 0.799969
vt 0.718827 0.799969
vt 0.637968 0.709880
vt 0.424604 0.106864
vt 0.425080 0.261361
vt 0.414510 0.514568
vt 0.414510 0.514568
vt 0.399442 0.710717
vt 0.399442 0.710717
vt 0.286767 0.106864
vt 0.240219 0.758635
vt 0.382243 0.825612
vt 0.574656 0.709880
vt 0.877098 0.799969
vt 0.877098 0.799969
vt 0.618436 0.799969
vt 0.106932 0.858558
vt 0.618436 0.799969
vt 0.514060 0.799969
vt 0.574656 0.709880
vt 0.514060 0.799969
vt 0.106932 0.858558
vt 0.256147 0.849015
vt 0.226366 0.892811
vt 0.106932 0.858558
vt 0.217169 0.936932
vt 0.382243 0.825612
vt 0.369383 0.874890
vt 0.470121 0.808517
vt 0.514060 0.799969
vt 0.860148 0.252365
vt 0.983448 0.252365
vt 0.948584 0.106864
vt 0.838601 0.106864
vt 0.983448 0.252365
vt 0.948584 0.106864
vt 0.983448 0.252365
vt 0.860148 0.252365
vt 0.838601 0.106864
vt 0.948584 0.106864
vt 0.701279 0.252365
vt 0.701279 0.106864
vt 0.545380 0.252365
vt 0.579346 0.106864
vt 0.140026 0.263678
vt 0.016552 0.263678
vt 0.052496 0.106864
vt 0.165885 0.106864
vt 0.016552 0.263678
vt 0.016552 0.263678
vt 0.052496 0.106864
vt 0.052496 0.106864
vt 0.140026 0.263678
vt 0.165885 0.106864
vt 0.545380 0.252365
vt 0.701279 0.252365
vt 0.701279 0.106864
vt 0.579346 0.106864
vt 0.859117 0.455617
vt 0.981780 0.455617
vt 0.981780 0.455617
vt 0.981780 0.455617
vt 0.859117 0.455617
vt 0.701279 0.455617
vt 0.533367 0.455617
vt 0.127724 0.506077
vt 0.018271 0.483261
vt 0.018271 0.483261
vt 0.018271 0.483261
vt 0.127724 0.506077
vt 0.533367 0.455617
vt 0.701279 0.455617
vt 0.839023 0.605679
vt 0.949267 0.605679
vt 0.949267 0.605679
vt 0.949267 0.605679
vt 0.839023 0.605679
vt 0.701279 0.605679
vt 0.539940 0.605679
vt 0.102146 0.732463
vt 0.022010 0.689177
vt 0.022010 0.689177
vt 0.051791 0.645381
vt 0.102146 0.732463
vt 0.539940 0.605679
vt 0.701279 0.605679
vt 0.809616 0.709880
vt 0.901685 0.709880
vt 0.901685 0.709880
vt 0.901685 0.709880
vt 0.809616 0.709880
vt 0.701279 0.709880
vt 0.637968 0.709880
vt 0.290024 0.262640
vt 0.282418 0.517483
vt 0.282418 0.517483
vt 0.290024 0.262640
vt 0.701279 0.709880
vt 0.270000 0.714839
vt 0.802190 0.799969
vt 0.718827 0.799969
vt 0.286767 0.106864
vt 0.425080 0.261361
vt 0.424604 0.106864
vt 0.718827 0.799969
vt 0.802190 0.799969
vt 0.637968 0.709880
vt 0.425080 0.261361
vt 0.424604 0.106864
vt 0.414510 0.514568
vt 0.414510 0.514568
vt 0.399442 0.710717
vt 0.399442 0.710717
vt 0.286767 0.106864
vt 0.240219 0.758635
vt 0.382243 0.825612
vt 0.574656 0.709880
vt 0.877098 0.799969
vt 0.877098 0.799969
vt 0.618436 0.799969
vt 0.106932 0.858558
vt 0.618436 0.799969
vt 0.514060 0.799969
vt 0.574656 0.709880
vt 0.514060 0.799969
vt 0.256147 0.849015
vt 0.106932 0.858558
vt 0.226366 0.892811
vt 0.106932 0.858558
vt 0.217169 0.936932
vt 0.382243 0.825612
vt 0.369383 0.874890
vt 0.470121 0.808517
vt 0.514060 0.799969

vn -0.069786 -0.246459 -0.966637
vn -0.043866 -0.063677 -0.997006
vn 0.434848 -0.199765 -0.878067
vn 0.357882 -0.373085 -0.855995
vn -0.515197 -0.194083 -0.834808
vn -0.522241 -0.002479 -0.852794
vn -0.927665 -0.368236 -0.061962
vn -0.981387 -0.191864 -0.008224
vn -0.868579 -0.060490 -0.491844
vn -0.833394 -0.244204 -0.495801
vn -0.840423 -0.480893 0.249863
vn -0.880131 -0.313345 0.356629
vn -0.848576 -0.453501 0.272498
vn -0.878726 -0.292504 0.377204
vn 0.079428 -0.436081 0.896395
vn 0.083522 -0.255756 0.963127
vn -0.403797 -0.238909 0.883103
vn -0.378460 -0.382001 0.843115
vn 0.767568 -0.436081 0.469758
vn 0.825518 -0.255757 0.503099
vn 0.510043 -0.251144 0.822668
vn 0.472025 -0.444455 0.761349
vn 0.923462 -0.382002 0.035940
vn 0.970546 -0.238911 0.031028
vn 0.596700 -0.483980 -0.640088
vn 0.711348 -0.318278 -0.626644
vn 0.728614 -0.292504 -0.619325
vn 0.621424 -0.453500 -0.638882
vn 0.021799 0.324468 -0.945645
vn 0.551790 0.207698 -0.807706
vn -0.480132 0.359036 -0.800354
vn -0.968279 0.222446 0.113817
vn -0.843113 0.330386 -0.424271
vn -0.846288 0.081300 0.526485
vn -0.848726 0.101052 0.519089
vn 0.063977 0.172682 0.982898
vn -0.456094 0.144323 0.878151
vn 0.851919 0.172680 0.494385
vn 0.517712 0.186248 0.835037
vn 0.989367 0.144319 -0.018016
vn 0.853701 0.073473 -0.515554
vn 0.840565 0.107842 -0.530868
vn 0.088159 0.614920 -0.783646
vn 0.577907 0.546671 -0.605949
vn -0.398150 0.607612 -0.687229
vn -0.794939 0.568790 0.211067
vn -0.716102 0.626067 -0.308605
vn -0.684220 0.440901 0.580903
vn -0.703608 0.568701 0.426046
vn 0.016113 0.549555 0.835302
vn -0.457702 0.587238 0.667578
vn 0.741006 0.549553 0.385878
vn 0.410250 0.627568 0.661705
vn 0.801476 0.587235 -0.113096
vn 0.836882 0.430458 -0.338135
vn 0.679401 0.582532 -0.446173
vn 0.145240 0.758510 -0.635270
vn 0.534147 0.510802 -0.673623
vn -0.286263 0.799749 -0.527689
vn -0.839058 0.536292 0.091506
vn -0.587804 0.784052 -0.199372
vn -0.818903 0.131520 0.558659
vn -0.516599 0.214988 0.828798
vn -0.771122 -0.201214 0.604056
vn -0.809339 0.125279 0.573826
vn 0.873870 0.125275 -0.469741
vn 0.883952 -0.201216 -0.422067
vn 0.900566 0.127052 -0.415739
vn -0.739635 0.574120 0.351178
vn -0.849635 -0.471175 0.236884
vn -0.932370 -0.283827 -0.223895
vn 0.728214 -0.202341 -0.654799
vn 0.857842 -0.307835 -0.411515
vn 0.677292 -0.331542 -0.656777
vn 0.358176 -0.277433 -0.891483
vn 0.644788 -0.526951 -0.553689
vn 0.969764 0.242998 -0.022580
vn -0.889448 -0.331542 0.314582
vn -0.910322 -0.202340 0.361071
vn -0.911978 0.152741 0.380745
vn 0.742899 0.158403 -0.650392
vn -0.794415 0.545208 0.267681
vn 0.577907 0.546671 -0.605949
vn -0.750059 -0.307835 0.585363
vn 0.643453 0.574116 -0.506319
vn -0.059238 0.750208 -0.658543
vn 0.046828 0.711072 -0.701558
vn -0.019834 0.400578 -0.916048
vn -0.729002 0.406543 -0.550707
vn -0.607374 -0.551917 0.571388
vn 0.486835 0.860963 0.147424
vn 0.776194 -0.603000 -0.184158
vn 0.848567 -0.274942 0.452041
vn -0.706057 0.663571 -0.247298
vn -0.117236 -0.261888 0.957951
vn -0.084441 0.860965 0.501607
vn -0.474919 0.856588 0.201764
vn 0.391910 0.856586 -0.335658
vn 0.221695 0.907187 0.357578
vn -0.069339 0.991304 -0.111842
vn -0.555865 0.763356 -0.329093
vn -0.512577 0.200750 -0.834844
vn 0.424213 0.286439 0.859067
vn 0.370806 -0.505561 0.779045
vn -0.047957 -0.698566 -0.713936
vn 0.406994 -0.772907 -0.486796
vn 0.291569 -0.877810 -0.380049
vn -0.126419 -0.807682 -0.575907
vn 0.703025 -0.707106 -0.075876
vn 0.568877 -0.822399 0.006280
vn 0.734885 -0.542271 0.407292
vn 0.512107 -0.297723 0.805672
vn 0.387561 -0.441917 0.809015
vn 0.597597 -0.660031 0.455233
vn 0.203812 -0.075194 0.976118
vn 0.111325 -0.244751 0.963174
vn 0.237939 -0.030961 0.970787
vn 0.162456 -0.198827 0.966476
vn -0.275991 0.226562 0.934076
vn -0.693150 0.249375 0.676280
vn -0.711417 0.088824 0.697134
vn -0.320185 0.108979 0.941066
vn -0.934629 0.183441 0.304659
vn -0.992732 0.036590 -0.114650
vn -0.992769 -0.111012 -0.045668
vn -0.936184 0.012283 0.351295
vn -0.830819 -0.167518 -0.530733
vn -0.849228 -0.266787 -0.455672
vn -0.417880 -0.496773 -0.760653
vn -0.433267 -0.532702 -0.726986
vn -0.471513 -0.659381 -0.585570
vn -0.444724 -0.630093 -0.636556
vn 0.144253 -0.364674 -0.919893
vn 0.601954 -0.462080 -0.651255
vn 0.879736 -0.419157 -0.224438
vn 0.938452 -0.235290 0.252877
vn 0.728220 0.060156 0.682698
vn 0.389713 0.295733 0.872161
vn 0.413498 0.328367 0.849232
vn -0.123848 0.529331 0.839327
vn -0.572056 0.594475 0.565112
vn -0.827921 0.534527 0.169788
vn -0.888798 0.369500 -0.271123
vn -0.706299 0.115631 -0.698407
vn -0.264959 -0.152924 -0.952056
vn -0.277035 -0.194942 -0.940877
vn 0.328512 0.010882 -0.944437
vn 0.695045 -0.141792 -0.704845
vn 0.931250 -0.173330 -0.320516
vn 0.996083 0.047528 0.074558
vn 0.821883 0.371095 0.432200
vn 0.527423 0.576841 0.623762
vn 0.533737 0.663170 0.524720
vn 0.115950 0.826762 0.550473
vn -0.355416 0.856428 0.374446
vn -0.535452 0.844216 -0.024307
vn -0.648397 0.648331 -0.399058
vn -0.392975 0.465285 -0.793146
vn -0.004744 0.265538 -0.964089
vn -0.037215 0.157550 -0.986810
vn 0.287845 -0.174405 -0.941662
vn 0.675988 0.348981 -0.649040
vn 0.837984 0.318602 -0.443030
vn 0.916746 0.365164 -0.161962
vn 0.858238 0.291213 0.422638
vn 0.405144 0.457803 0.791375
vn 0.216180 0.730856 0.647392
vn 0.161093 0.109323 0.980866
vn 0.316774 0.377539 0.870126
vn -0.363406 -0.105577 -0.925629
vn -0.506385 -0.364771 -0.781356
vn -0.369814 -0.151645 -0.916647
vn 0.514018 0.682924 0.519038
vn 0.270161 -0.422963 0.864937
vn -0.004322 -0.021904 0.999751
vn -0.539950 -0.444012 -0.715057
vn -0.295847 -0.489175 -0.820477
vn -0.331208 -0.596225 -0.731312
vn -0.704991 -0.596015 -0.384388
vn -0.358333 -0.896195 -0.261594
vn -0.401699 0.259327 -0.878287
vn 0.367172 -0.018248 0.929974
vn 0.302546 -0.146086 0.941873
vn 0.533829 0.285310 0.796006
vn -0.132050 -0.189012 -0.973056
vn 0.659352 0.580877 0.477323
vn 0.123402 0.188616 -0.974267
vn 0.107423 0.015801 0.994088
vn -0.045153 0.285759 -0.957237
vn 0.335370 0.522551 -0.783880
vn 0.042625 0.606209 -0.794162
vn 0.644864 -0.387670 -0.658682
vn 0.977258 -0.126023 0.170542
vn -0.235504 0.320777 0.917409
vn -0.231633 0.830656 -0.506317
vn -0.870380 -0.208385 -0.446111
vn -0.810219 0.429782 -0.398539
vn 0.397182 0.896693 0.195420
vn -0.407563 0.736520 0.539843
vn 0.472864 0.868346 0.149583
vn -0.000740 0.994653 0.103267
vn 0.122515 0.619503 -0.775375
vn -0.139006 0.968237 -0.207835
vn 0.380943 0.846456 -0.372015
vn 0.638464 0.765758 0.077323
vn 0.504393 0.762843 -0.404547
vn -0.049948 0.956893 -0.286114
vn -0.807410 0.569529 0.154032

g polygon32
s 1
usemtl mat18
f 3465/3465/3465 3466/3466/3466 3467/3467/3467
f 3468/3468/3468 3465/3465/3465 3467/3467/3467
f 3469/3469/3469 3470/3470/3470 3466/3466/3466
f 3465/3465/3465 3469/3469/3469 3466/3466/3466
f 3471/3471/3471 3472/3472/3472 3473/3473/3473
f 3474/3474/3474 3471/3471/3471 3473/3473/3473
f 3475/3475/3475 3476/3476/3476 3472/3472/3472
f 3471/3471/3471 3475/3475/3475 3472/3472/3472
f 3477/3477/3477 3478/3478/3478 3476/3476/3476
f 3475/3475/3475 3477/3477/3477 3476/3476/3476
f 3479/3479/3479 3480/3480/3480 3481/3481/3481
f 3482/3482/3482 3479/3479/3479 3481/3481/3481
f 3483/3483/3483 3484/3484/3484 3485/3485/3485
f 3486/3486/3486 3483/3483/3483 3485/3485/3485
f 3487/3487/3487 3488/3488/3488 3484/3484/3484
f 3483/3483/3483 3487/3487/3487 3484/3484/3484
f 3489/3489/3489 3490/3490/3490 3491/3491/3491
f 3492/3492/3492 3489/3489/3489 3491/3491/3491
f 3468/3468/3468 3467/3467/3467 3490/3490/3490
f 3489/3489/3489 3468/3468/3468 3490/3490/3490
f 3466/3466/3466 3493/3493/3493 3494/3494/3494
f 3467/3467/3467 3466/3466/3466 3494/3494/3494
f 3470/3470/3470 3495/3495/3495 3493/3493/3493
f 3466/3466/3466 3470/3470/3470 3493/3493/3493
f 3472/3472/3472 3496/3496/3496 3497/3497/3497
f 3473/3473/3473 3472/3472/3472 3497/3497/3497
f 3476/3476/3476 3498/3498/3498 3496/3496/3496
f 3472/3472/3472 3476/3476/3476 3496/3496/3496
f 3478/3478/3478 3499/3499/3499 3498/3498/3498
f 3476/3476/3476 3478/3478/3478 3498/3498/3498
f 3480/3480/3480 3500/3500/3500 3501/3501/3501
f 3481/3481/3481 3480/3480/3480 3501/3501/3501
f 3484/3484/3484 3502/3502/3502 3503/3503/3503
f 3485/3485/3485 3484/3484/3484 3503/3503/3503
f 3488/3488/3488 3504/3504/3504 3502/3502/3502
f 3484/3484/3484 3488/3488/3488 3502/3502/3502
f 3490/3490/3490 3505/3505/3505 3506/3506/3506
f 3491/3491/3491 3490/3490/3490 3506/3506/3506
f 3467/3467/3467 3494/3494/3494 3505/3505/3505
f 3490/3490/3490 3467/3467/3467 3505/3505/3505
f 3493/3493/3493 3507/3507/3507 3508/3508/3508
f 3494/3494/3494 3493/3493/3493 3508/3508/3508
f 3495/3495/3495 3509/3509/3509 3507/3507/3507
f 3493/3493/3493 3495/3495/3495 3507/3507/3507
f 3496/3496/3496 3510/3510/3510 3511/3511/3511
f 3497/3497/3497 3496/3496/3496 3511/3511/3511
f 3498/3498/3498 3512/3512/3512 3510/3510/3510
f 3496/3496/3496 3498/3498/3498 3510/3510/3510
f 3499/3499/3499 3513/3513/3513 3512/3512/3512
f 3498/3498/3498 3499/3499/3499 3512/3512/3512
f 3500/3500/3500 3514/3514/3514 3515/3515/3515
f 3501/3501/3501 3500/3500/3500 3515/3515/3515
f 3502/3502/3502 3516/3516/3516 3517/3517/3517
f 3503/3503/3503 3502/3502/3502 3517/3517/3517
f 3504/3504/3504 3518/3518/3518 3516/3516/3516
f 3502/3502/3502 3504/3504/3504 3516/3516/3516
f 3505/3505/3505 3519/3519/3519 3520/3520/3520
f 3506/3506/3506 3505/3505/3505 3520/3520/3520
f 3494/3494/3494 3508/3508/3508 3519/3519/3519
f 3505/3505/3505 3494/3494/3494 3519/3519/3519
f 3507/3507/3507 3521/3521/3521 3522/3522/3522
f 3508/3508/3508 3507/3507/3507 3522/3522/3522
f 3509/3509/3509 3523/3523/3523 3521/3521/3521
f 3507/3507/3507 3509/3509/3509 3521/3521/3521
f 3510/3510/3510 3524/3524/3524 3525/3525/3525
f 3511/3511/3511 3510/3510/3510 3525/3525/3525
f 3512/3512/3512 3526/3526/3526 3524/3524/3524
f 3510/3510/3510 3512/3512/3512 3524/3524/3524
f 3513/3513/3513 3527/3527/3527 3526/3526/3526
f 3512/3512/3512 3513/3513/3513 3526/3526/3526
f 3528/3528/3528 3481/3481/3481 3501/3501/3501
f 3529/3529/3529 3528/3528/3528 3501/3501/3501
f 3530/3530/3530 3504/3504/3504 3488/3488/3488
f 3531/3531/3531 3530/3530/3530 3488/3488/3488
f 3508/3508/3508 3522/3522/3522 3532/3532/3532
f 3519/3519/3519 3508/3508/3508 3532/3532/3532
f 3529/3529/3529 3501/3501/3501 3515/3515/3515
f 3533/3533/3533 3529/3529/3529 3515/3515/3515
f 3469/3469/3469 3474/3474/3474 3473/3473/3473
f 3470/3470/3470 3469/3469/3469 3473/3473/3473
f 3470/3470/3470 3473/3473/3473 3497/3497/3497
f 3495/3495/3495 3470/3470/3470 3497/3497/3497
f 3526/3526/3526 3534/3534/3534 3535/3535/3535
f 3524/3524/3524 3526/3526/3526 3535/3535/3535
f 3495/3495/3495 3497/3497/3497 3511/3511/3511
f 3509/3509/3509 3495/3495/3495 3511/3511/3511
f 3536/3536/3536 3531/3531/3531 3537/3537/3537
f 3538/3538/3538 3536/3536/3536 3537/3537/3537
f 3509/3509/3509 3511/3511/3511 3525/3525/3525
f 3523/3523/3523 3509/3509/3509 3525/3525/3525
f 3503/3503/3503 3517/3517/3517 3514/3514/3514
f 3500/3500/3500 3503/3503/3503 3514/3514/3514
f 3485/3485/3485 3503/3503/3503 3500/3500/3500
f 3480/3480/3480 3485/3485/3485 3500/3500/3500
f 3522/3522/3522 3539/3539/3539 3540/3540/3540
f 3532/3532/3532 3522/3522/3522 3540/3540/3540
f 3486/3486/3486 3485/3485/3485 3480/3480/3480
f 3479/3479/3479 3486/3486/3486 3480/3480/3480
f 3519/3519/3519 3532/3532/3532 3541/3541/3541
f 3520/3520/3520 3519/3519/3519 3541/3541/3541
f 3477/3477/3477 3542/3542/3542 3543/3543/3543
f 3478/3478/3478 3477/3477/3477 3543/3543/3543
f 3491/3491/3491 3536/3536/3536 3538/3538/3538
f 3492/3492/3492 3491/3491/3491 3538/3538/3538
f 3478/3478/3478 3543/3543/3543 3544/3544/3544
f 3499/3499/3499 3478/3478/3478 3544/3544/3544
f 3506/3506/3506 3545/3545/3545 3536/3536/3536
f 3491/3491/3491 3506/3506/3506 3536/3536/3536
f 3499/3499/3499 3544/3544/3544 3546/3546/3546
f 3513/3513/3513 3499/3499/3499 3546/3546/3546
f 3520/3520/3520 3547/3547/3547 3545/3545/3545
f 3506/3506/3506 3520/3520/3520 3545/3545/3545
f 3542/3542/3542 3548/3548/3548 3528/3528/3528
f 3543/3543/3543 3542/3542/3542 3528/3528/3528
f 3549/3549/3549 3518/3518/3518 3504/3504/3504
f 3530/3530/3530 3549/3549/3549 3504/3504/3504
f 3543/3543/3543 3528/3528/3528 3529/3529/3529
f 3544/3544/3544 3543/3543/3543 3529/3529/3529
f 3545/3545/3545 3530/3530/3530 3531/3531/3531
f 3536/3536/3536 3545/3545/3545 3531/3531/3531
f 3544/3544/3544 3529/3529/3529 3533/3533/3533
f 3546/3546/3546 3544/3544/3544 3533/3533/3533
f 3547/3547/3547 3549/3549/3549 3530/3530/3530
f 3545/3545/3545 3547/3547/3547 3530/3530/3530
f 3548/3548/3548 3482/3482/3482 3481/3481/3481
f 3528/3528/3528 3548/3548/3548 3481/3481/3481
f 3531/3531/3531 3488/3488/3488 3487/3487/3487
f 3537/3537/3537 3531/3531/3531 3487/3487/3487
f 3547/3547/3547 3520/3520/3520 3550/3550/3550
f 3520/3520/3520 3541/3541/3541 3551/3551/3551
f 3522/3522/3522 3552/3552/3552 3539/3539/3539
f 3553/3553/3553 3523/3523/3523 3525/3525/3525
f 3553/3553/3553 3524/3524/3524 3535/3535/3535
f 3526/3526/3526 3554/3554/3554 3534/3534/3534
f 3516/3516/3516 3555/3555/3555 3517/3517/3517
f 3556/3556/3556 3557/3557/3557 3541/3541/3541
f 3556/3556/3556 3532/3532/3532 3540/3540/3540
f 3558/3558/3558 3559/3559/3559 3527/3527/3527
f 3555/3555/3555 3516/3516/3516 3518/3518/3518
f 3515/3515/3515 3560/3560/3560 3561/3561/3561
f 3555/3555/3555 3518/3518/3518 3562/3562/3562
f 3515/3515/3515 3561/3561/3561 3533/3533/3533
f 3563/3563/3563 3555/3555/3555 3564/3564/3564
f 3549/3549/3549 3550/3550/3550 3562/3562/3562
f 3561/3561/3561 3565/3565/3565 3533/3533/3533
f 3558/3558/3558 3513/3513/3513 3565/3565/3565
f 3565/3565/3565 3561/3561/3561 3564/3564/3564
f 3564/3564/3564 3562/3562/3562 3550/3550/3550
f 3549/3549/3549 3547/3547/3547 3550/3550/3550
f 3533/3533/3533 3565/3565/3565 3546/3546/3546
f 3521/3521/3521 3523/3523/3523 3552/3552/3552
f 3552/3552/3552 3523/3523/3523 3553/3553/3553
f 3546/3546/3546 3565/3565/3565 3513/3513/3513
f 3550/3550/3550 3551/3551/3551 3566/3566/3566
f 3551/3551/3551 3550/3550/3550 3520/3520/3520
f 3566/3566/3566 3558/3558/3558 3565/3565/3565
f 3514/3514/3514 3560/3560/3560 3515/3515/3515
f 3560/3560/3560 3564/3564/3564 3561/3561/3561
f 3562/3562/3562 3518/3518/3518 3549/3549/3549
f 3517/3517/3517 3560/3560/3560 3514/3514/3514
f 3517/3517/3517 3555/3555/3555 3563/3563/3563
f 3557/3557/3557 3567/3567/3567 3551/3551/3551
f 3559/3559/3559 3567/3567/3567 3568/3568/3568
f 3564/3564/3564 3550/3550/3550 3566/3566/3566
f 3565/3565/3565 3564/3564/3564 3566/3566/3566
f 3522/3522/3522 3521/3521/3521 3552/3552/3552
f 3525/3525/3525 3524/3524/3524 3553/3553/3553
f 3560/3560/3560 3563/3563/3563 3564/3564/3564
f 3517/3517/3517 3563/3563/3563 3560/3560/3560
f 3567/3567/3567 3558/3558/3558 3566/3566/3566
f 3566/3566/3566 3551/3551/3551 3567/3567/3567
f 3557/3557/3557 3568/3568/3568 3567/3567/3567
f 3559/3559/3559 3558/3558/3558 3567/3567/3567
f 3526/3526/3526 3527/3527/3527 3554/3554/3554
f 3557/3557/3557 3551/3551/3551 3541/3541/3541
f 3527/3527/3527 3513/3513/3513 3558/3558/3558
f 3559/3559/3559 3554/3554/3554 3527/3527/3527
f 3555/3555/3555 3562/3562/3562 3564/3564/3564
f 3556/3556/3556 3541/3541/3541 3532/3532/3532
f 3569/3569/3569 3570/3570/3570 3571/3571/3571
f 3572/3572/3572 3569/3569/3569 3571/3571/3571
f 3570/3570/3570 3573/3573/3573 3574/3574/3574
f 3571/3571/3571 3570/3570/3570 3574/3574/3574
f 3575/3575/3575 3576/3576/3576 3577/3577/3577
f 3578/3578/3578 3575/3575/3575 3577/3577/3577
f 3576/3576/3576 3579/3579/3579 3580/3580/3580
f 3577/3577/3577 3576/3576/3576 3580/3580/3580
f 3579/3579/3579 3581/3581/3581 3582/3582/3582
f 3580/3580/3580 3579/3579/3579 3582/3582/3582
f 3583/3583/3583 3584/3584/3584 3585/3585/3585
f 3586/3586/3586 3583/3583/3583 3585/3585/3585
f 3587/3587/3587 3588/3588/3588 3589/3589/3589
f 3590/3590/3590 3587/3587/3587 3589/3589/3589
f 3588/3588/3588 3591/3591/3591 3592/3592/3592
f 3589/3589/3589 3588/3588/3588 3592/3592/3592
f 3593/3593/3593 3594/3594/3594 3595/3595/3595
f 3596/3596/3596 3593/3593/3593 3595/3595/3595
f 3594/3594/3594 3569/3569/3569 3572/3572/3572
f 3595/3595/3595 3594/3594/3594 3572/3572/3572
f 3597/3597/3597 3598/3598/3598 3570/3570/3570
f 3569/3569/3569 3597/3597/3597 3570/3570/3570
f 3598/3598/3598 3599/3599/3599 3573/3573/3573
f 3570/3570/3570 3598/3598/3598 3573/3573/3573
f 3600/3600/3600 3601/3601/3601 3576/3576/3576
f 3575/3575/3575 3600/3600/3600 3576/3576/3576
f 3601/3601/3601 3602/3602/3602 3579/3579/3579
f 3576/3576/3576 3601/3601/3601 3579/3579/3579
f 3602/3602/3602 3603/3603/3603 3581/3581/3581
f 3579/3579/3579 3602/3602/3602 3581/3581/3581
f 3604/3604/3604 3605/3605/3605 3584/3584/3584
f 3583/3583/3583 3604/3604/3604 3584/3584/3584
f 3606/3606/3606 3607/3607/3607 3588/3588/3588
f 3587/3587/3587 3606/3606/3606 3588/3588/3588
f 3607/3607/3607 3608/3608/3608 3591/3591/3591
f 3588/3588/3588 3607/3607/3607 3591/3591/3591
f 3609/3609/3609 3610/3610/3610 3594/3594/3594
f 3593/3593/3593 3609/3609/3609 3594/3594/3594
f 3610/3610/3610 3597/3597/3597 3569/3569/3569
f 3594/3594/3594 3610/3610/3610 3569/3569/3569
f 3611/3611/3611 3612/3612/3612 3598/3598/3598
f 3597/3597/3597 3611/3611/3611 3598/3598/3598
f 3612/3612/3612 3613/3613/3613 3599/3599/3599
f 3598/3598/3598 3612/3612/3612 3599/3599/3599
f 3614/3614/3614 3615/3615/3615 3601/3601/3601
f 3600/3600/3600 3614/3614/3614 3601/3601/3601
f 3615/3615/3615 3616/3616/3616 3602/3602/3602
f 3601/3601/3601 3615/3615/3615 3602/3602/3602
f 3616/3616/3616 3617/3617/3617 3603/3603/3603
f 3602/3602/3602 3616/3616/3616 3603/3603/3603
f 3618/3618/3618 3619/3619/3619 3605/3605/3605
f 3604/3604/3604 3618/3618/3618 3605/3605/3605
f 3620/3620/3620 3621/3621/3621 3607/3607/3607
f 3606/3606/3606 3620/3620/3620 3607/3607/3607
f 3621/3621/3621 3622/3622/3622 3608/3608/3608
f 3607/3607/3607 3621/3621/3621 3608/3608/3608
f 3623/3623/3623 3624/3624/3624 3610/3610/3610
f 3609/3609/3609 3623/3623/3623 3610/3610/3610
f 3624/3624/3624 3611/3611/3611 3597/3597/3597
f 3610/3610/3610 3624/3624/3624 3597/3597/3597
f 3625/3625/3625 3626/3626/3626 3612/3612/3612
f 3611/3611/3611 3625/3625/3625 3612/3612/3612
f 3626/3626/3626 3627/3627/3627 3613/3613/3613
f 3612/3612/3612 3626/3626/3626 3613/3613/3613
f 3628/3628/3628 3629/3629/3629 3615/3615/3615
f 3614/3614/3614 3628/3628/3628 3615/3615/3615
f 3629/3629/3629 3630/3630/3630 3616/3616/3616
f 3615/3615/3615 3629/3629/3629 3616/3616/3616
f 3630/3630/3630 3631/3631/3631 3617/3617/3617
f 3616/3616/3616 3630/3630/3630 3617/3617/3617
f 3604/3604/3604 3583/3583/3583 3632/3632/3632
f 3633/3633/3633 3604/3604/3604 3632/3632/3632
f 3591/3591/3591 3608/3608/3608 3634/3634/3634
f 3635/3635/3635 3591/3591/3591 3634/3634/3634
f 3636/3636/3636 3625/3625/3625 3611/3611/3611
f 3624/3624/3624 3636/3636/3636 3611/3611/3611
f 3618/3618/3618 3604/3604/3604 3633/3633/3633
f 3637/3637/3637 3618/3618/3618 3633/3633/3633
f 3575/3575/3575 3578/3578/3578 3574/3574/3574
f 3573/3573/3573 3575/3575/3575 3574/3574/3574
f 3600/3600/3600 3575/3575/3575 3573/3573/3573
f 3599/3599/3599 3600/3600/3600 3573/3573/3573
f 3638/3638/3638 3639/3639/3639 3630/3630/3630
f 3629/3629/3629 3638/3638/3638 3630/3630/3630
f 3614/3614/3614 3600/3600/3600 3599/3599/3599
f 3613/3613/3613 3614/3614/3614 3599/3599/3599
f 3640/3640/3640 3635/3635/3635 3641/3641/3641
f 3642/3642/3642 3640/3640/3640 3641/3641/3641
f 3628/3628/3628 3614/3614/3614 3613/3613/3613
f 3627/3627/3627 3628/3628/3628 3613/3613/3613
f 3619/3619/3619 3620/3620/3620 3606/3606/3606
f 3605/3605/3605 3619/3619/3619 3606/3606/3606
f 3605/3605/3605 3606/3606/3606 3587/3587/3587
f 3584/3584/3584 3605/3605/3605 3587/3587/3587
f 3643/3643/3643 3644/3644/3644 3625/3625/3625
f 3636/3636/3636 3643/3643/3643 3625/3625/3625
f 3584/3584/3584 3587/3587/3587 3590/3590/3590
f 3585/3585/3585 3584/3584/3584 3590/3590/3590
f 3645/3645/3645 3636/3636/3636 3624/3624/3624
f 3623/3623/3623 3645/3645/3645 3624/3624/3624
f 3646/3646/3646 3647/3647/3647 3582/3582/3582
f 3581/3581/3581 3646/3646/3646 3582/3582/3582
f 3642/3642/3642 3641/3641/3641 3593/3593/3593
f 3596/3596/3596 3642/3642/3642 3593/3593/3593
f 3648/3648/3648 3646/3646/3646 3581/3581/3581
f 3603/3603/3603 3648/3648/3648 3581/3581/3581
f 3641/3641/3641 3649/3649/3649 3609/3609/3609
f 3593/3593/3593 3641/3641/3641 3609/3609/3609
f 3650/3650/3650 3648/3648/3648 3603/3603/3603
f 3617/3617/3617 3650/3650/3650 3603/3603/3603
f 3649/3649/3649 3651/3651/3651 3623/3623/3623
f 3609/3609/3609 3649/3649/3649 3623/3623/3623
f 3632/3632/3632 3652/3652/3652 3647/3647/3647
f 3646/3646/3646 3632/3632/3632 3647/3647/3647
f 3608/3608/3608 3622/3622/3622 3653/3653/3653
f 3634/3634/3634 3608/3608/3608 3653/3653/3653
f 3633/3633/3633 3632/3632/3632 3646/3646/3646
f 3648/3648/3648 3633/3633/3633 3646/3646/3646
f 3635/3635/3635 3634/3634/3634 3649/3649/3649
f 3641/3641/3641 3635/3635/3635 3649/3649/3649
f 3637/3637/3637 3633/3633/3633 3648/3648/3648
f 3650/3650/3650 3637/3637/3637 3648/3648/3648
f 3634/3634/3634 3653/3653/3653 3651/3651/3651
f 3649/3649/3649 3634/3634/3634 3651/3651/3651
f 3583/3583/3583 3586/3586/3586 3652/3652/3652
f 3632/3632/3632 3583/3583/3583 3652/3652/3652
f 3592/3592/3592 3591/3591/3591 3635/3635/3635
f 3640/3640/3640 3592/3592/3592 3635/3635/3635
f 3651/3651/3651 3654/3654/3654 3623/3623/3623
f 3623/3623/3623 3655/3655/3655 3645/3645/3645
f 3625/3625/3625 3644/3644/3644 3656/3656/3656
f 3657/3657/3657 3628/3628/3628 3627/3627/3627
f 3657/3657/3657 3638/3638/3638 3629/3629/3629
f 3630/3630/3630 3639/3639/3639 3658/3658/3658
f 3621/3621/3621 3620/3620/3620 3659/3659/3659
f 3660/3660/3660 3645/3645/3645 3661/3661/3661
f 3660/3660/3660 3643/3643/3643 3636/3636/3636
f 3662/3662/3662 3631/3631/3631 3663/3663/3663
f 3659/3659/3659 3622/3622/3622 3621/3621/3621
f 3618/3618/3618 3664/3664/3664 3665/3665/3665
f 3659/3659/3659 3666/3666/3666 3622/3622/3622
f 3618/3618/3618 3637/3637/3637 3664/3664/3664
f 3667/3667/3667 3668/3668/3668 3659/3659/3659
f 3653/3653/3653 3666/3666/3666 3654/3654/3654
f 3664/3664/3664 3637/3637/3637 3669/3669/3669
f 3662/3662/3662 3669/3669/3669 3617/3617/3617
f 3669/3669/3669 3668/3668/3668 3664/3664/3664
f 3668/3668/3668 3654/3654/3654 3666/3666/3666
f 3653/3653/3653 3654/3654/3654 3651/3651/3651
f 3637/3637/3637 3650/3650/3650 3669/3669/3669
f 3626/3626/3626 3656/3656/3656 3627/3627/3627
f 3656/3656/3656 3657/3657/3657 3627/3627/3627
f 3650/3650/3650 3617/3617/3617 3669/3669/3669
f 3654/3654/3654 3670/3670/3670 3655/3655/3655
f 3655/3655/3655 3623/3623/3623 3654/3654/3654
f 3670/3670/3670 3669/3669/3669 3662/3662/3662
f 3619/3619/3619 3618/3618/3618 3665/3665/3665
f 3665/3665/3665 3664/3664/3664 3668/3668/3668
f 3666/3666/3666 3653/3653/3653 3622/3622/3622
f 3620/3620/3620 3619/3619/3619 3665/3665/3665
f 3620/3620/3620 3667/3667/3667 3659/3659/3659
f 3661/3661/3661 3655/3655/3655 3671/3671/3671
f 3663/3663/3663 3672/3672/3672 3671/3671/3671
f 3668/3668/3668 3670/3670/3670 3654/3654/3654
f 3669/3669/3669 3670/3670/3670 3668/3668/3668
f 3625/3625/3625 3656/3656/3656 3626/3626/3626
f 3628/3628/3628 3657/3657/3657 3629/3629/3629
f 3665/3665/3665 3668/3668/3668 3667/3667/3667
f 3620/3620/3620 3665/3665/3665 3667/3667/3667
f 3671/3671/3671 3670/3670/3670 3662/3662/3662
f 3670/3670/3670 3671/3671/3671 3655/3655/3655
f 3661/3661/3661 3671/3671/3671 3672/3672/3672
f 3663/3663/3663 3671/3671/3671 3662/3662/3662
f 3630/3630/3630 3658/3658/3658 3631/3631/3631
f 3661/3661/3661 3645/3645/3645 3655/3655/3655
f 3631/3631/3631 3662/3662/3662 3617/3617/3617
f 3663/3663/3663 3631/3631/3631 3658/3658/3658
f 3659/3659/3659 3668/3668/3668 3666/3666/3666
f 3660/3660/3660 3636/3636/3636 3645/3645/3645

v 1.187406 0.065274 -0.715621
v 1.006522 0.331335 -1.237157
v 2.572784 0.331335 -2.208219
v 2.959479 0.065272 -1.814282
v 1.804309 -0.067676 0.073233
v 1.402639 -0.032972 -0.249452
v 3.281309 -0.032974 -1.414202
v 3.391716 -0.067678 -0.910937
v 0.560915 0.488746 -2.076771
v 0.659423 0.615720 -2.515292
v 1.582327 0.615721 -3.087481
v 2.018909 0.488746 -2.980707
v 0.936990 0.226747 -1.349308
v 0.727153 0.333501 -1.610632
v 2.362500 0.333501 -2.624524
v 2.503253 0.226747 -2.320369
v 2.572784 0.331335 -2.208219
v 1.006522 0.331335 -1.237157
v 2.326949 0.008102 0.189365
v 3.263323 0.008101 -0.391174
v 2.868045 0.039151 0.016694
v 1.041109 0.686120 -2.930042
v -2.588570 2.961603 -2.903228
v -1.955531 3.411235 -1.231931
v -2.321266 3.576263 -1.004292
v -3.037488 3.067548 -2.895200
v -3.532932 3.266619 -2.830245
v -2.773626 3.805934 -0.825591
v -3.255776 4.016535 -0.888565
v -3.897360 3.560833 -2.582423
v -1.457001 2.305681 -2.738030
v -1.083989 2.570623 -1.753234
v -1.275880 2.801752 -1.395625
v -1.865160 2.383201 -2.951394
v -2.329901 2.613497 -2.952366
v -1.668940 3.082961 -1.207354
v -1.977839 3.248917 -1.179813
v -2.610878 2.799285 -2.851109
v -2.588570 2.961603 -2.903228
v -1.955531 3.411235 -1.231931
v -3.652120 4.135403 -1.192739
v -4.030576 3.866595 -2.191906
v -3.946340 4.101340 -1.679549
v -1.122108 2.371991 -2.284037

vt 0.040570 0.448134
vt 0.084539 0.582961
vt 0.915461 0.582961
vt 0.959430 0.448134
vt 0.105314 0.147656
vt 0.032896 0.276614
vt 0.967104 0.276614
vt 0.894685 0.147656
vt 0.110726 0.826299
vt 0.262924 0.926552
vt 0.737076 0.926552
vt 0.889274 0.689037
vt 0.084539 0.596682
vt 0.066213 0.681739
vt 0.933786 0.681739
vt 0.915461 0.596682
vt 0.915461 0.582961
vt 0.084539 0.582961
vt 0.270014 0.067105
vt 0.729986 0.067105
vt 0.500000 0.035811
vt 0.500000 0.964189
vt 0.915461 0.582961
vt 0.084539 0.582961
vt 0.040570 0.448134
vt 0.959430 0.448134
vt 0.967104 0.276614
vt 0.032896 0.276614
vt 0.105314 0.147656
vt 0.894685 0.147656
vt 0.737076 0.926552
vt 0.262924 0.926552
vt 0.110726 0.826299
vt 0.889274 0.689037
vt 0.933786 0.681739
vt 0.066213 0.681739
vt 0.084539 0.596682
vt 0.915461 0.596682
vt 0.915461 0.582961
vt 0.084539 0.582961
vt 0.270014 0.067105
vt 0.729986 0.067105
vt 0.500000 0.035811
vt 0.500000 0.964189

vn -0.168079 -0.947763 -0.271099
vn -0.233386 -0.896563 -0.376437
vn -0.233386 -0.896563 -0.376437
vn -0.168079 -0.947763 -0.271099
vn 0.033846 -0.997935 0.054594
vn -0.068766 -0.991448 -0.110913
vn -0.068766 -0.991448 -0.110913
vn 0.033846 -0.997935 0.054594
vn -0.177565 -0.941512 -0.286401
vn -0.208152 -0.918669 -0.335738
vn -0.208152 -0.918669 -0.335738
vn -0.177565 -0.941512 -0.286401
vn 0.094256 -0.983871 0.152029
vn -0.161007 -0.952174 -0.259695
vn -0.161007 -0.952174 -0.259695
vn 0.094256 -0.983871 0.152029
vn 0.327304 -0.783691 0.527921
vn 0.327304 -0.783691 0.527921
vn 0.110000 -0.977968 0.177425
vn 0.110000 -0.977968 0.177425
vn 0.110000 -0.977968 0.177425
vn -0.222201 -0.906741 -0.358396
vn -0.211443 -0.920779 0.327807
vn -0.211443 -0.920779 0.327807
vn -0.260239 -0.903120 0.341540
vn -0.260239 -0.903120 0.341540
vn -0.360556 -0.857401 0.367237
vn -0.360556 -0.857401 0.367237
vn -0.473087 -0.789239 0.391523
vn -0.473087 -0.789239 0.391523
vn -0.329108 -0.873156 0.359564
vn -0.329108 -0.873156 0.359564
vn -0.383312 -0.845146 0.372559
vn -0.383312 -0.845146 0.372559
vn -0.411547 -0.828901 0.378883
vn -0.411547 -0.828901 0.378883
vn -0.828954 -0.375095 0.414897
vn -0.828954 -0.375095 0.414897
vn -0.930144 0.221797 0.292641
vn -0.930144 0.221797 0.292641
vn -0.568046 -0.715017 0.407523
vn -0.568046 -0.715017 0.407523
vn -0.602802 -0.683211 0.412131
vn -0.303280 -0.885107 0.352996

g polygon33
s 1
usemtl mat19
f 3673/3673/3673 3674/3674/3674 3675/3675/3675
f 3676/3676/3676 3673/3673/3673 3675/3675/3675
f 3677/3677/3677 3678/3678/3678 3679/3679/3679
f 3680/3680/3680 3677/3677/3677 3679/3679/3679
f 3678/3678/3678 3673/3673/3673 3676/3676/3676
f 3679/3679/3679 3678/3678/3678 3676/3676/3676
f 3681/3681/3681 3682/3682/3682 3683/3683/3683
f 3684/3684/3684 3681/3681/3681 3683/3683/3683
f 3685/3685/3685 3686/3686/3686 3687/3687/3687
f 3688/3688/3688 3685/3685/3685 3687/3687/3687
f 3686/3686/3686 3681/3681/3681 3684/3684/3684
f 3687/3687/3687 3686/3686/3686 3684/3684/3684
f 3685/3685/3685 3688/3688/3688 3689/3689/3689
f 3690/3690/3690 3685/3685/3685 3689/3689/3689
f 3691/3691/3691 3677/3677/3677 3680/3680/3680
f 3692/3692/3692 3691/3691/3691 3680/3680/3680
f 3692/3692/3692 3693/3693/3693 3691/3691/3691
f 3683/3683/3683 3682/3682/3682 3694/3694/3694
f 3695/3695/3695 3696/3696/3696 3697/3697/3697
f 3698/3698/3698 3695/3695/3695 3697/3697/3697
f 3699/3699/3699 3700/3700/3700 3701/3701/3701
f 3702/3702/3702 3699/3699/3699 3701/3701/3701
f 3698/3698/3698 3697/3697/3697 3700/3700/3700
f 3699/3699/3699 3698/3698/3698 3700/3700/3700
f 3703/3703/3703 3704/3704/3704 3705/3705/3705
f 3706/3706/3706 3703/3703/3703 3705/3705/3705
f 3707/3707/3707 3708/3708/3708 3709/3709/3709
f 3710/3710/3710 3707/3707/3707 3709/3709/3709
f 3706/3706/3706 3705/3705/3705 3708/3708/3708
f 3707/3707/3707 3706/3706/3706 3708/3708/3708
f 3711/3711/3711 3710/3710/3710 3709/3709/3709
f 3712/3712/3712 3711/3711/3711 3709/3709/3709
f 3702/3702/3702 3701/3701/3701 3713/3713/3713
f 3714/3714/3714 3702/3702/3702 3713/3713/3713
f 3714/3714/3714 3713/3713/3713 3715/3715/3715
f 3703/3703/3703 3716/3716/3716 3704/3704/3704

v 2.387875 2.146179 -2.360799
v 2.390864 2.293028 -2.479272
v 2.824496 2.087526 -2.061306
v 2.681835 1.991941 -2.028744
v 1.329361 1.875039 -0.859170
v 1.272827 1.944539 -0.690533
v 0.928528 2.130594 -1.097089
v 1.035319 2.029341 -1.191389
v 1.785414 1.777043 -0.760964
v 1.806057 1.823507 -0.566760
v 2.239285 1.732764 -0.849057
v 2.322810 1.777800 -0.686832
v 2.771624 1.842279 -1.592649
v 2.943618 1.906588 -1.540233
v 2.725494 1.802623 -1.034350
v 2.579089 1.759015 -1.164597
v 1.829262 1.975613 -0.497823
v 1.290748 2.104458 -0.607732
v 1.798904 2.269775 -2.420960
v 1.797109 2.417391 -2.539147
v 1.248009 2.282288 -2.140797
v 1.158922 2.431887 -2.214589
v 0.945613 2.178939 -1.627320
v 0.853452 2.327950 -1.697403
v 0.934257 2.297876 -1.031218
v 2.359505 2.101204 -0.629120
v 2.744439 2.135141 -0.964164
v 2.598458 2.270643 -1.054016
v 2.273917 2.252025 -0.804153
v 2.356624 1.920955 -0.626737
v 3.005728 2.065502 -1.479905
v 2.773015 1.954177 -0.977780
v 2.880368 2.253671 -2.020936
v 2.434632 2.465111 -2.451234
v 1.822375 2.594979 -2.518291
v 1.167311 2.609858 -2.185150
v 0.856558 2.500957 -1.648685
v 1.356910 2.279567 -0.626993
v 1.027838 2.457199 -1.014937
v 1.863603 2.155149 -0.516205
v 2.957558 2.243208 -1.441020
v 2.844208 2.415940 -1.938673
v 2.428074 2.613375 -2.340510
v 1.861147 2.731011 -2.394065
v 1.249753 2.744899 -2.083133
v 0.955206 2.646831 -1.591465
v 1.548303 2.373756 -0.778606
v 1.258422 2.524073 -1.100243
v 1.881803 2.286921 -0.689552
v 2.725876 2.347008 -1.377475
v 2.642044 2.492644 -1.803901
v 2.347970 2.646280 -2.133928
v 1.875274 2.740712 -2.166666
v 1.425481 2.750929 -1.937918
v 1.142868 2.674143 -1.521247
v 1.759945 1.501779 -1.770605
v -1.576109 3.963571 -3.751050
v -1.116324 3.559821 -3.576274
v -1.258751 3.634532 -3.477571
v -1.590998 3.950946 -3.577363
v -0.743833 4.645770 -1.915789
v -1.140419 5.031829 -2.025902
v -1.200593 4.859951 -2.083357
v -0.868225 4.543388 -1.983565
v -1.530869 5.189374 -2.396079
v -1.528606 4.988809 -2.404347
v -1.809639 5.131111 -2.846004
v -1.779774 4.953171 -2.793404
v -1.934475 4.858548 -3.286077
v -1.873848 4.430653 -3.643196
v -1.833705 4.341001 -3.479441
v -1.877007 4.703231 -3.172609
v -1.026908 5.155001 -2.094423
v -1.424407 5.297954 -2.468904
v -0.702994 3.456238 -3.140355
v -0.848427 3.531110 -3.045459
v -0.422848 3.685867 -2.522602
v -0.606600 3.729330 -2.512203
v -0.441444 4.113006 -2.088087
v -0.625640 4.153481 -2.081488
v -0.615210 4.753050 -1.981383
v -1.469858 4.944664 -3.396900
v -1.672779 5.014692 -3.437690
v -1.562579 5.275308 -3.011644
v -1.363184 5.135797 -3.050210
v -1.714679 5.230311 -2.925942
v -1.838688 4.958376 -3.382440
v -1.779735 4.537924 -3.754492
v -1.469497 4.052809 -3.865182
v -0.996598 3.637207 -3.685781
v -0.568145 3.525734 -3.238319
v -0.280591 3.761437 -2.604229
v -0.303868 4.205023 -2.158235
v -0.529426 4.822470 -2.130474
v -0.908205 5.190903 -2.235960
v -1.286117 5.331631 -2.585057
v -1.610844 4.614964 -3.785356
v -1.326761 4.168912 -3.888686
v -0.885218 3.780809 -3.721244
v -0.492089 3.685074 -3.303635
v -0.223706 3.905063 -2.711817
v -0.238671 4.310771 -2.295535
v -0.574536 4.788831 -2.378973
v -0.899721 5.095757 -2.479609
v -1.155267 5.202528 -2.703191
v -1.416641 4.672048 -3.619478
v -1.181907 4.290981 -3.718292
v -0.850442 3.976336 -3.617635
v -0.527685 3.906961 -3.264868
v -0.330238 4.068804 -2.829476
v -0.320991 4.409901 -2.451389
v -1.517079 3.889682 -2.542741

vt 0.740900 1.219140
vt 0.786512 1.344545
vt 0.519623 1.344545
vt 0.519987 1.219140
vt 0.282787 1.219140
vt 0.236594 1.344545
vt 0.519623 1.344545
vt 0.519987 1.219140
vt 0.048268 1.219128
vt 0.001901 1.344545
vt 0.048268 1.219128
vt 0.001901 1.344545
vt 0.282787 1.219140
vt 0.236594 1.344545
vt 0.001901 1.344545
vt 0.048268 1.219128
vt -0.006426 1.434924
vt 0.224940 1.434045
vt 0.905908 1.219140
vt 0.978526 1.344545
vt 0.905908 1.219140
vt 0.978526 1.344545
vt 0.740900 1.219140
vt 0.786512 1.344545
vt 0.518579 1.434045
vt 0.023137 1.544028
vt 0.023137 1.544028
vt 0.111672 1.701031
vt 0.111672 1.701031
vt -0.006426 1.434924
vt 0.224940 1.434045
vt -0.006426 1.434924
vt 0.518579 1.434045
vt 0.796688 1.434045
vt 0.993574 1.434045
vt 0.993574 1.434045
vt 0.796688 1.434045
vt 0.247641 1.544028
vt 0.518579 1.544028
vt 0.023137 1.544028
vt 0.247641 1.544028
vt 0.518579 1.544028
vt 0.773986 1.544027
vt 0.956842 1.544028
vt 0.956842 1.544028
vt 0.773986 1.544027
vt 0.285800 1.701031
vt 0.517175 1.701031
vt 0.111672 1.701031
vt 0.285800 1.701031
vt 0.517175 1.701031
vt 0.737184 1.701031
vt 0.862485 1.701031
vt 0.862485 1.701031
vt 0.737340 1.701416
vt 0.497240 2.175825
vt 0.519623 1.344545
vt 0.786512 1.344545
vt 0.740900 1.219140
vt 0.519987 1.219140
vt 0.519623 1.344545
vt 0.236594 1.344545
vt 0.282787 1.219140
vt 0.519987 1.219140
vt 0.001901 1.344545
vt 0.048268 1.219128
vt 0.001901 1.344545
vt 0.048268 1.219128
vt 0.001901 1.344545
vt 0.236594 1.344545
vt 0.282787 1.219140
vt 0.048268 1.219128
vt 0.224940 1.434045
vt -0.006426 1.434924
vt 0.978526 1.344545
vt 0.905908 1.219140
vt 0.978526 1.344545
vt 0.905908 1.219140
vt 0.786512 1.344545
vt 0.740900 1.219140
vt 0.518579 1.434045
vt 0.111672 1.701031
vt 0.023137 1.544028
vt 0.023137 1.544028
vt 0.111672 1.701031
vt -0.006426 1.434924
vt -0.006426 1.434924
vt 0.224940 1.434045
vt 0.518579 1.434045
vt 0.796688 1.434045
vt 0.993574 1.434045
vt 0.993574 1.434045
vt 0.796688 1.434045
vt 0.518579 1.544028
vt 0.247641 1.544028
vt 0.023137 1.544028
vt 0.247641 1.544028
vt 0.518579 1.544028
vt 0.773986 1.544027
vt 0.956842 1.544028
vt 0.956842 1.544028
vt 0.773986 1.544027
vt 0.517175 1.701031
vt 0.285800 1.701031
vt 0.111672 1.701031
vt 0.285800 1.701031
vt 0.517175 1.701031
vt 0.737184 1.701031
vt 0.862485 1.701031
vt 0.862485 1.701031
vt 0.737340 1.701416
vt 0.497240 2.175825

vn 0.358176 -0.277433 -0.891483
vn 0.316195 -0.338065 -0.886416
vn 0.664431 -0.482249 -0.570935
vn 0.644788 -0.526951 -0.553689
vn -0.607374 -0.551917 0.571388
vn -0.544924 -0.652074 0.527122
vn -0.869524 -0.447408 0.209174
vn -0.849635 -0.471175 0.236884
vn -0.117236 -0.261888 0.957951
vn -0.114859 -0.757280 0.642911
vn 0.370806 -0.505561 0.779045
vn 0.264096 -0.789133 0.554547
vn 0.776194 -0.603000 -0.184158
vn 0.722893 -0.680871 -0.117642
vn 0.559591 -0.772600 0.299912
vn 0.848567 -0.274942 0.452041
vn -0.012262 -0.166805 0.985914
vn -0.518285 -0.034582 0.854509
vn -0.019834 0.400578 -0.916048
vn -0.209576 -0.259827 -0.942639
vn -0.729002 0.406543 -0.550707
vn -0.647515 -0.249880 -0.719920
vn -0.932370 -0.283827 -0.223895
vn -0.914270 -0.310117 -0.260648
vn -0.882949 0.152517 0.444004
vn 0.413138 0.448950 0.792314
vn 0.660705 0.475592 0.580760
vn -0.055924 0.990641 0.124508
vn 0.037350 0.998889 0.028735
vn 0.439178 -0.211964 0.873037
vn 0.993956 -0.068929 0.085441
vn 0.797603 -0.185199 0.574048
vn 0.883665 0.112393 -0.454427
vn 0.475628 0.301790 -0.826257
vn -0.116432 0.429552 -0.895505
vn -0.639372 0.441430 -0.629558
vn -0.936397 0.333861 -0.108157
vn -0.232305 0.601259 0.764540
vn -0.489733 0.718913 0.493280
vn 0.097548 0.488383 0.867160
vn 0.775959 0.578357 0.251775
vn 0.708368 0.696347 -0.115389
vn 0.432084 0.821902 -0.371189
vn 0.026292 0.905907 -0.422660
vn -0.326322 0.912245 -0.247635
vn -0.532042 0.838939 0.114511
vn 0.328856 0.943628 0.037688
vn 0.417019 0.901039 0.119264
vn 0.169349 0.985517 0.008743
vn -0.126630 0.954289 0.270736
vn -0.112023 0.907651 0.404500
vn 0.025955 0.854976 0.518017
vn 0.207595 0.809128 0.549742
vn 0.344196 0.806454 0.480792
vn 0.419242 0.855241 0.304629
vn 0.128187 0.968984 0.211278
vn -0.650959 -0.583486 -0.485589
vn -0.302696 -0.893851 -0.330766
vn -0.358333 -0.896195 -0.261594
vn -0.704991 -0.596015 -0.384388
vn 0.022402 -0.031546 0.999251
vn -0.365792 0.262313 0.892966
vn -0.235504 0.320777 0.917409
vn -0.004322 -0.021904 0.999751
vn -0.689731 0.402671 0.601770
vn -0.407563 0.736520 0.539843
vn -0.892699 0.360080 0.270983
vn -0.807410 0.569529 0.154032
vn -0.985796 0.159992 -0.051084
vn -0.922327 -0.193868 -0.334258
vn -0.870380 -0.208385 -0.446111
vn -0.810219 0.429782 -0.398539
vn 0.092625 0.739611 0.666630
vn -0.294913 0.897939 0.326697
vn 0.036733 -0.996934 0.069084
vn 0.644864 -0.387670 -0.658682
vn 0.228976 -0.839357 0.493001
vn 0.977258 -0.126023 0.170542
vn 0.237443 -0.451111 0.860302
vn 0.270161 -0.422963 0.864937
vn 0.500957 0.347349 0.792711
vn 0.835695 0.387694 -0.388983
vn -0.021314 0.766728 -0.641618
vn 0.046103 0.929332 -0.366356
vn 0.811326 0.322502 -0.487589
vn -0.541603 0.838047 -0.065904
vn -0.650420 0.606538 -0.457238
vn -0.571202 0.195484 -0.797192
vn -0.274533 -0.288304 -0.917340
vn 0.151269 -0.648726 -0.745837
vn 0.568150 -0.760166 -0.315205
vn 0.797705 -0.572004 0.190992
vn 0.771105 -0.140660 0.620977
vn 0.776933 0.593931 0.208857
vn 0.503930 0.856873 0.108733
vn 0.225895 0.969361 -0.096492
vn 0.061332 0.494083 -0.867249
vn 0.254848 0.164655 -0.952860
vn 0.541528 -0.083943 -0.836481
vn 0.824876 -0.165084 -0.540673
vn 0.978939 -0.042757 -0.199627
vn 0.961366 0.257283 0.097882
vn 0.545503 0.412817 -0.729389
vn 0.635449 0.347072 -0.689743
vn 0.744523 0.318563 -0.586689
vn 0.823988 0.495461 -0.274887
vn 0.761341 0.609217 -0.221843
vn 0.624986 0.729498 -0.277894
vn 0.479652 0.777620 -0.406499
vn 0.419607 0.723972 -0.547535
vn 0.465372 0.572437 -0.675089
vn 0.709507 0.500101 -0.496487

g polygon34
s 1
usemtl mat20
f 3717/3717/3717 3718/3718/3718 3719/3719/3719
f 3720/3720/3720 3717/3717/3717 3719/3719/3719
f 3721/3721/3721 3722/3722/3722 3723/3723/3723
f 3724/3724/3724 3721/3721/3721 3723/3723/3723
f 3725/3725/3725 3726/3726/3726 3722/3722/3722
f 3721/3721/3721 3725/3725/3725 3722/3722/3722
f 3727/3727/3727 3728/3728/3728 3726/3726/3726
f 3725/3725/3725 3727/3727/3727 3726/3726/3726
f 3729/3729/3729 3730/3730/3730 3731/3731/3731
f 3732/3732/3732 3729/3729/3729 3731/3731/3731
f 3720/3720/3720 3719/3719/3719 3730/3730/3730
f 3729/3729/3729 3720/3720/3720 3730/3730/3730
f 3726/3726/3726 3733/3733/3733 3734/3734/3734
f 3722/3722/3722 3726/3726/3726 3734/3734/3734
f 3735/3735/3735 3736/3736/3736 3718/3718/3718
f 3717/3717/3717 3735/3735/3735 3718/3718/3718
f 3737/3737/3737 3738/3738/3738 3736/3736/3736
f 3735/3735/3735 3737/3737/3737 3736/3736/3736
f 3739/3739/3739 3740/3740/3740 3738/3738/3738
f 3737/3737/3737 3739/3739/3739 3738/3738/3738
f 3724/3724/3724 3723/3723/3723 3740/3740/3740
f 3739/3739/3739 3724/3724/3724 3740/3740/3740
f 3722/3722/3722 3734/3734/3734 3741/3741/3741
f 3723/3723/3723 3722/3722/3722 3741/3741/3741
f 3742/3742/3742 3743/3743/3743 3744/3744/3744
f 3745/3745/3745 3742/3742/3742 3744/3744/3744
f 3728/3728/3728 3746/3746/3746 3733/3733/3733
f 3726/3726/3726 3728/3728/3728 3733/3733/3733
f 3730/3730/3730 3747/3747/3747 3748/3748/3748
f 3731/3731/3731 3730/3730/3730 3748/3748/3748
f 3719/3719/3719 3749/3749/3749 3747/3747/3747
f 3730/3730/3730 3719/3719/3719 3747/3747/3747
f 3718/3718/3718 3750/3750/3750 3749/3749/3749
f 3719/3719/3719 3718/3718/3718 3749/3749/3749
f 3736/3736/3736 3751/3751/3751 3750/3750/3750
f 3718/3718/3718 3736/3736/3736 3750/3750/3750
f 3738/3738/3738 3752/3752/3752 3751/3751/3751
f 3736/3736/3736 3738/3738/3738 3751/3751/3751
f 3740/3740/3740 3753/3753/3753 3752/3752/3752
f 3738/3738/3738 3740/3740/3740 3752/3752/3752
f 3723/3723/3723 3741/3741/3741 3753/3753/3753
f 3740/3740/3740 3723/3723/3723 3753/3753/3753
f 3734/3734/3734 3754/3754/3754 3755/3755/3755
f 3741/3741/3741 3734/3734/3734 3755/3755/3755
f 3733/3733/3733 3756/3756/3756 3754/3754/3754
f 3734/3734/3734 3733/3733/3733 3754/3754/3754
f 3746/3746/3746 3742/3742/3742 3756/3756/3756
f 3733/3733/3733 3746/3746/3746 3756/3756/3756
f 3747/3747/3747 3757/3757/3757 3743/3743/3743
f 3748/3748/3748 3747/3747/3747 3743/3743/3743
f 3749/3749/3749 3758/3758/3758 3757/3757/3757
f 3747/3747/3747 3749/3749/3749 3757/3757/3757
f 3750/3750/3750 3759/3759/3759 3758/3758/3758
f 3749/3749/3749 3750/3750/3750 3758/3758/3758
f 3751/3751/3751 3760/3760/3760 3759/3759/3759
f 3750/3750/3750 3751/3751/3751 3759/3759/3759
f 3752/3752/3752 3761/3761/3761 3760/3760/3760
f 3751/3751/3751 3752/3752/3752 3760/3760/3760
f 3753/3753/3753 3762/3762/3762 3761/3761/3761
f 3752/3752/3752 3753/3753/3753 3761/3761/3761
f 3741/3741/3741 3755/3755/3755 3762/3762/3762
f 3753/3753/3753 3741/3741/3741 3762/3762/3762
f 3754/3754/3754 3763/3763/3763 3764/3764/3764
f 3755/3755/3755 3754/3754/3754 3764/3764/3764
f 3756/3756/3756 3765/3765/3765 3763/3763/3763
f 3754/3754/3754 3756/3756/3756 3763/3763/3763
f 3742/3742/3742 3745/3745/3745 3765/3765/3765
f 3756/3756/3756 3742/3742/3742 3765/3765/3765
f 3757/3757/3757 3766/3766/3766 3744/3744/3744
f 3743/3743/3743 3757/3757/3757 3744/3744/3744
f 3758/3758/3758 3767/3767/3767 3766/3766/3766
f 3757/3757/3757 3758/3758/3758 3766/3766/3766
f 3759/3759/3759 3768/3768/3768 3767/3767/3767
f 3758/3758/3758 3759/3759/3759 3767/3767/3767
f 3760/3760/3760 3769/3769/3769 3768/3768/3768
f 3759/3759/3759 3760/3760/3760 3768/3768/3768
f 3761/3761/3761 3770/3770/3770 3769/3769/3769
f 3760/3760/3760 3761/3761/3761 3769/3769/3769
f 3762/3762/3762 3771/3771/3771 3770/3770/3770
f 3761/3761/3761 3762/3762/3762 3770/3770/3770
f 3755/3755/3755 3764/3764/3764 3771/3771/3771
f 3762/3762/3762 3755/3755/3755 3771/3771/3771
f 3727/3727/3727 3732/3732/3732 3731/3731/3731
f 3728/3728/3728 3727/3727/3727 3731/3731/3731
f 3728/3728/3728 3731/3731/3731 3748/3748/3748
f 3746/3746/3746 3728/3728/3728 3748/3748/3748
f 3746/3746/3746 3748/3748/3748 3743/3743/3743
f 3742/3742/3742 3746/3746/3746 3743/3743/3743
f 3745/3745/3745 3772/3772/3772 3765/3765/3765
f 3763/3763/3763 3772/3772/3772 3764/3764/3764
f 3765/3765/3765 3772/3772/3772 3763/3763/3763
f 3766/3766/3766 3772/3772/3772 3744/3744/3744
f 3768/3768/3768 3772/3772/3772 3767/3767/3767
f 3767/3767/3767 3772/3772/3772 3766/3766/3766
f 3769/3769/3769 3772/3772/3772 3768/3768/3768
f 3770/3770/3770 3772/3772/3772 3769/3769/3769
f 3771/3771/3771 3772/3772/3772 3770/3770/3770
f 3764/3764/3764 3772/3772/3772 3771/3771/3771
f 3744/3744/3744 3772/3772/3772 3745/3745/3745
f 3773/3773/3773 3774/3774/3774 3775/3775/3775
f 3776/3776/3776 3773/3773/3773 3775/3775/3775
f 3777/3777/3777 3778/3778/3778 3779/3779/3779
f 3780/3780/3780 3777/3777/3777 3779/3779/3779
f 3778/3778/3778 3781/3781/3781 3782/3782/3782
f 3779/3779/3779 3778/3778/3778 3782/3782/3782
f 3781/3781/3781 3783/3783/3783 3784/3784/3784
f 3782/3782/3782 3781/3781/3781 3784/3784/3784
f 3785/3785/3785 3786/3786/3786 3787/3787/3787
f 3788/3788/3788 3785/3785/3785 3787/3787/3787
f 3786/3786/3786 3773/3773/3773 3776/3776/3776
f 3787/3787/3787 3786/3786/3786 3776/3776/3776
f 3789/3789/3789 3790/3790/3790 3781/3781/3781
f 3778/3778/3778 3789/3789/3789 3781/3781/3781
f 3774/3774/3774 3791/3791/3791 3792/3792/3792
f 3775/3775/3775 3774/3774/3774 3792/3792/3792
f 3791/3791/3791 3793/3793/3793 3794/3794/3794
f 3792/3792/3792 3791/3791/3791 3794/3794/3794
f 3793/3793/3793 3795/3795/3795 3796/3796/3796
f 3794/3794/3794 3793/3793/3793 3796/3796/3796
f 3795/3795/3795 3777/3777/3777 3780/3780/3780
f 3796/3796/3796 3795/3795/3795 3780/3780/3780
f 3797/3797/3797 3789/3789/3789 3778/3778/3778
f 3777/3777/3777 3797/3797/3797 3778/3778/3778
f 3798/3798/3798 3799/3799/3799 3800/3800/3800
f 3801/3801/3801 3798/3798/3798 3800/3800/3800
f 3790/3790/3790 3802/3802/3802 3783/3783/3783
f 3781/3781/3781 3790/3790/3790 3783/3783/3783
f 3803/3803/3803 3804/3804/3804 3786/3786/3786
f 3785/3785/3785 3803/3803/3803 3786/3786/3786
f 3804/3804/3804 3805/3805/3805 3773/3773/3773
f 3786/3786/3786 3804/3804/3804 3773/3773/3773
f 3805/3805/3805 3806/3806/3806 3774/3774/3774
f 3773/3773/3773 3805/3805/3805 3774/3774/3774
f 3806/3806/3806 3807/3807/3807 3791/3791/3791
f 3774/3774/3774 3806/3806/3806 3791/3791/3791
f 3807/3807/3807 3808/3808/3808 3793/3793/3793
f 3791/3791/3791 3807/3807/3807 3793/3793/3793
f 3808/3808/3808 3809/3809/3809 3795/3795/3795
f 3793/3793/3793 3808/3808/3808 3795/3795/3795
f 3809/3809/3809 3797/3797/3797 3777/3777/3777
f 3795/3795/3795 3809/3809/3809 3777/3777/3777
f 3810/3810/3810 3811/3811/3811 3789/3789/3789
f 3797/3797/3797 3810/3810/3810 3789/3789/3789
f 3811/3811/3811 3812/3812/3812 3790/3790/3790
f 3789/3789/3789 3811/3811/3811 3790/3790/3790
f 3812/3812/3812 3800/3800/3800 3802/3802/3802
f 3790/3790/3790 3812/3812/3812 3802/3802/3802
f 3799/3799/3799 3813/3813/3813 3804/3804/3804
f 3803/3803/3803 3799/3799/3799 3804/3804/3804
f 3813/3813/3813 3814/3814/3814 3805/3805/3805
f 3804/3804/3804 3813/3813/3813 3805/3805/3805
f 3814/3814/3814 3815/3815/3815 3806/3806/3806
f 3805/3805/3805 3814/3814/3814 3806/3806/3806
f 3815/3815/3815 3816/3816/3816 3807/3807/3807
f 3806/3806/3806 3815/3815/3815 3807/3807/3807
f 3816/3816/3816 3817/3817/3817 3808/3808/3808
f 3807/3807/3807 3816/3816/3816 3808/3808/3808
f 3817/3817/3817 3818/3818/3818 3809/3809/3809
f 3808/3808/3808 3817/3817/3817 3809/3809/3809
f 3818/3818/3818 3810/3810/3810 3797/3797/3797
f 3809/3809/3809 3818/3818/3818 3797/3797/3797
f 3819/3819/3819 3820/3820/3820 3811/3811/3811
f 3810/3810/3810 3819/3819/3819 3811/3811/3811
f 3820/3820/3820 3821/3821/3821 3812/3812/3812
f 3811/3811/3811 3820/3820/3820 3812/3812/3812
f 3821/3821/3821 3801/3801/3801 3800/3800/3800
f 3812/3812/3812 3821/3821/3821 3800/3800/3800
f 3798/3798/3798 3822/3822/3822 3813/3813/3813
f 3799/3799/3799 3798/3798/3798 3813/3813/3813
f 3822/3822/3822 3823/3823/3823 3814/3814/3814
f 3813/3813/3813 3822/3822/3822 3814/3814/3814
f 3823/3823/3823 3824/3824/3824 3815/3815/3815
f 3814/3814/3814 3823/3823/3823 3815/3815/3815
f 3824/3824/3824 3825/3825/3825 3816/3816/3816
f 3815/3815/3815 3824/3824/3824 3816/3816/3816
f 3825/3825/3825 3826/3826/3826 3817/3817/3817
f 3816/3816/3816 3825/3825/3825 3817/3817/3817
f 3826/3826/3826 3827/3827/3827 3818/3818/3818
f 3817/3817/3817 3826/3826/3826 3818/3818/3818
f 3827/3827/3827 3819/3819/3819 3810/3810/3810
f 3818/3818/3818 3827/3827/3827 3810/3810/3810
f 3785/3785/3785 3788/3788/3788 3784/3784/3784
f 3783/3783/3783 3785/3785/3785 3784/3784/3784
f 3803/3803/3803 3785/3785/3785 3783/3783/3783
f 3802/3802/3802 3803/3803/3803 3783/3783/3783
f 3799/3799/3799 3803/3803/3803 3802/3802/3802
f 3800/3800/3800 3799/3799/3799 3802/3802/3802
f 3801/3801/3801 3821/3821/3821 3828/3828/3828
f 3820/3820/3820 3819/3819/3819 3828/3828/3828
f 3821/3821/3821 3820/3820/3820 3828/3828/3828
f 3822/3822/3822 3798/3798/3798 3828/3828/3828
f 3824/3824/3824 3823/3823/3823 3828/3828/3828
f 3823/3823/3823 3822/3822/3822 3828/3828/3828
f 3825/3825/3825 3824/3824/3824 3828/3828/3828
f 3826/3826/3826 3825/3825/3825 3828/3828/3828
f 3827/3827/3827 3826/3826/3826 3828/3828/3828
f 3819/3819/3819 3827/3827/3827 3828/3828/3828
f 3798/3798/3798 3801/3801/3801 3828/3828/3828

