# Blender 5.1.0
# www.blender.org
mtllib bonfire.mtl
o mesh0
v -0.022631 0.762785 -0.011917
v -0.022047 0.868582 0.010489
v -0.022631 0.762785 0.011073
v -0.022047 0.868582 -0.011333
v 0.024091 0.762785 -0.011917
v -0.015686 0.968027 0.005529
v 0.023507 0.868582 -0.011333
v -0.015686 0.968027 -0.006373
v 0.017146 0.968027 -0.006373
v -0.034708 0.978518 -0.006373
v -0.034708 0.978518 0.005529
v -0.027419 1.002512 -0.006373
v -0.027419 1.002512 0.005529
v -0.010606 1.020736 0.005529
v -0.010606 1.020736 -0.006373
v 0.012066 1.020736 -0.006373
v 0.012066 1.020736 0.005529
v 0.028879 1.002512 0.005529
v 0.028879 1.002512 -0.006373
v 0.036168 0.978518 -0.006373
v 0.036168 0.978518 0.005529
v 0.017146 0.968027 0.005529
v 0.006847 0.977436 -0.006373
v -0.005387 0.977436 -0.006373
v -0.015112 0.987976 -0.006373
v -0.015112 0.997953 -0.006373
v -0.005387 1.008494 -0.006373
v 0.006847 1.008494 -0.006373
v 0.016572 0.997953 -0.006373
v 0.016572 0.987976 -0.006373
v 0.006847 0.977436 0.005529
v -0.005387 0.977436 0.005529
v -0.015112 0.987976 0.005529
v -0.015112 0.997953 0.005529
v -0.005387 1.008494 0.005529
v 0.006847 1.008494 0.005529
v 0.016572 0.997953 0.005529
v 0.016572 0.987976 0.005529
v 0.024091 0.762785 0.011073
v 0.023507 0.868582 -0.011333
v 0.024091 0.762785 -0.011917
v 0.023507 0.868582 0.010489
v -0.022631 0.762785 0.011073
v 0.017146 0.968027 -0.006373
v -0.022047 0.868582 0.010489
v 0.017146 0.968027 0.005529
v -0.015686 0.968027 0.005529
v 0.006847 0.977436 0.005529
v 0.016572 0.987976 0.005529
v 0.036168 0.978518 0.005529
v 0.016572 0.997953 0.005529
v 0.028879 1.002512 0.005529
v 0.006847 1.008494 0.005529
v 0.012066 1.020736 0.005529
v -0.005387 1.008494 0.005529
v -0.010606 1.020736 0.005529
v -0.015112 0.997953 0.005529
v -0.027419 1.002512 0.005529
v -0.015112 0.987976 0.005529
v -0.034708 0.978518 0.005529
v -0.005387 0.977436 0.005529
v 0.018572 0.762785 -0.027047
v 0.023155 0.744116 -0.052957
v 0.018535 0.735787 -0.027047
v 0.023192 0.765223 -0.052952
v 0.032346 0.757143 -0.078615
v 0.032381 0.772359 -0.078607
v -0.022658 0.744117 0.052171
v 0.018515 0.735787 0.026203
v -0.018446 0.735787 0.026203
v 0.009583 0.744117 0.056174
v -0.004513 0.757143 0.083952
v -0.031836 0.757144 0.077761
v 0.030077 0.735787 -0.018046
v 0.018535 0.735787 -0.027047
v 0.028293 0.735787 0.017202
v 0.028293 0.735787 0.026203
v 0.053607 0.743782 0.021843
v 0.058310 0.743782 -0.008793
v 0.078382 0.756475 0.030974
v 0.084286 0.756475 0.004917
v 0.030077 0.735787 -0.027047
v 0.032381 0.772359 -0.078607
v -0.009049 0.765223 -0.056956
v 0.005058 0.772359 -0.084798
v 0.023192 0.765223 -0.052952
v 0.018572 0.762785 -0.027047
v -0.018389 0.762785 -0.027047
v -0.022631 0.762785 -0.011917
v 0.024091 0.762785 -0.011917
v -0.026449 0.762785 -0.018046
v -0.026449 0.762785 -0.027047
v -0.022631 0.762785 0.011073
v -0.028233 0.762785 0.017202
v -0.051558 0.765223 -0.022436
v -0.018446 0.762785 0.026203
v -0.028233 0.762785 0.026203
v -0.056261 0.765223 0.008200
v -0.076535 0.772359 -0.031525
v -0.082440 0.772359 -0.005468
v -0.031836 0.772359 0.077761
v 0.009583 0.765223 0.056174
v -0.004513 0.772359 0.083952
v -0.022658 0.765223 0.052171
v -0.018446 0.762785 0.026203
v 0.018515 0.762785 0.026203
v -0.022631 0.762785 0.011073
v 0.024091 0.762785 0.011073
v 0.028293 0.762785 0.017202
v 0.028293 0.762785 0.026203
v 0.024091 0.762785 -0.011917
v 0.030077 0.762785 -0.018046
v 0.053607 0.765223 0.021843
v 0.018572 0.762785 -0.027047
v 0.030077 0.762785 -0.027047
v 0.058310 0.765223 -0.008793
v 0.078382 0.772359 0.030974
v 0.084286 0.772359 0.004917
v -0.056261 0.743782 0.008200
v -0.076535 0.756475 -0.031525
v -0.082440 0.756475 -0.005468
v -0.051558 0.743782 -0.022436
v -0.028233 0.735787 0.017202
v -0.026449 0.735787 -0.018046
v -0.018446 0.735787 0.026203
v -0.028233 0.735787 0.026203
v -0.018426 0.735787 -0.027047
v -0.026449 0.735787 -0.027047
v 0.018535 0.735787 -0.027047
v 0.018515 0.735787 0.026203
v 0.023155 0.744116 -0.052957
v -0.009086 0.744116 -0.056960
v 0.005022 0.757144 -0.084806
v 0.032346 0.757143 -0.078615
v -0.006178 0.686631 -0.030275
v -0.028222 0.652876 -0.006128
v -0.038529 0.634282 -0.006762
v -0.007612 0.700013 -0.013063
v 0.026173 0.738981 -0.011895
v -0.025502 0.684728 -0.005494
v 0.010279 0.738981 -0.003474
v -0.011603 0.724719 -0.008222
v -0.033485 0.729291 -0.005552
v -0.033325 0.738981 -0.005552
v -0.009049 0.765223 -0.056956
v 0.005022 0.757144 -0.084806
v 0.005058 0.772359 -0.084798
v -0.009086 0.744116 -0.056960
v -0.018389 0.762785 -0.027047
v -0.018426 0.735787 -0.027047
v -0.026449 0.762785 -0.018046
v -0.051558 0.743782 -0.022436
v -0.026449 0.735787 -0.018046
v -0.051558 0.765223 -0.022436
v -0.076535 0.756475 -0.031525
v -0.076535 0.772359 -0.031525
v -0.036207 0.740345 0.004828
v -0.033485 0.729291 -0.005552
v -0.033325 0.738981 -0.005552
v -0.032436 0.715920 0.004828
v -0.031877 0.741708 0.011291
v -0.023875 0.668588 0.004828
v -0.025502 0.684728 -0.005494
v -0.028222 0.652876 -0.006128
v -0.027010 0.625818 0.004192
v -0.038529 0.634282 -0.006762
v -0.038529 0.612854 0.007749
v -0.002664 0.597829 0.016262
v -0.002597 0.575540 0.025798
v -0.003528 0.636667 0.010919
v -0.003689 0.669691 0.014751
v 0.000474 0.689358 0.029671
v 0.032013 0.634282 0.008149
v 0.021099 0.624382 0.007957
v 0.011534 0.585925 0.006591
v 0.008510 0.556892 0.010520
v 0.012750 0.529904 0.013980
v 0.001187 0.540603 -0.000746
v 0.011534 0.573182 -0.006176
v 0.022352 0.597274 -0.010056
v 0.032013 0.616602 -0.011435
v -0.000268 0.554460 -0.023479
v -0.022867 0.523067 -0.021953
v -0.029118 0.529582 -0.024552
v 0.001447 0.581932 -0.028341
v -0.029118 0.508154 -0.007832
v -0.020658 0.498394 -0.009467
v -0.026390 0.491014 -0.002775
v -0.022262 0.472281 -0.009011
v 0.019438 0.472281 0.011253
v 0.021631 0.414981 0.003130
v -0.026358 0.396766 -0.008060
v 0.027788 0.300379 -0.011192
v -0.025451 0.472281 0.001250
v -0.026358 0.396766 0.002201
v -0.018195 0.327988 -0.006372
v 0.019637 0.185778 0.000001
v -0.026346 0.185778 0.000001
v -0.018195 0.327988 0.003888
v -0.026346 0.185778 0.010261
v -0.022262 0.071177 -0.005552
v 0.023722 0.071177 -0.005552
v -0.022262 0.071177 0.004708
v 0.023722 0.071177 0.004708
v 0.019637 0.185778 0.000001
v 0.023722 0.071177 -0.005552
v 0.019637 0.185778 0.010261
v 0.027788 0.300379 -0.011192
v 0.027788 0.300379 -0.000931
v 0.021631 0.414981 0.003130
v 0.021631 0.414981 0.013390
v 0.019438 0.472281 0.011253
v 0.019438 0.472281 0.021514
v 0.012750 0.529904 0.013980
v 0.008296 0.524295 0.021328
v -0.002597 0.575540 0.025798
v -0.009991 0.566305 0.024814
v -0.022658 0.744117 0.052171
v -0.031836 0.772359 0.077761
v -0.031836 0.757144 0.077761
v -0.022658 0.765223 0.052171
v -0.018446 0.735787 0.026203
v -0.018446 0.762785 0.026203
v 0.023722 0.071177 0.004708
v -0.022262 0.071177 -0.005552
v -0.022262 0.071177 0.004708
v 0.023722 0.071177 -0.005552
v 0.009583 0.744117 0.056174
v 0.018515 0.762785 0.026203
v 0.018515 0.735787 0.026203
v 0.009583 0.765223 0.056174
v -0.004513 0.757143 0.083952
v -0.004513 0.772359 0.083952
v 0.028293 0.762785 0.017202
v 0.053607 0.743782 0.021843
v 0.028293 0.735787 0.017202
v 0.053607 0.765223 0.021843
v 0.078382 0.756475 0.030974
v 0.078382 0.772359 0.030974
v 0.058310 0.743782 -0.008793
v 0.030077 0.762785 -0.018046
v 0.030077 0.735787 -0.018046
v 0.058310 0.765223 -0.008793
v 0.084286 0.756475 0.004917
v 0.084286 0.772359 0.004917
v 0.030077 0.735787 -0.027047
v 0.018572 0.762785 -0.027047
v 0.018535 0.735787 -0.027047
v 0.030077 0.762785 -0.027047
v -0.018446 0.735787 0.026203
v -0.028233 0.762785 0.026203
v -0.018446 0.762785 0.026203
v -0.028233 0.735787 0.026203
v -0.056261 0.743782 0.008200
v -0.028233 0.762785 0.017202
v -0.028233 0.735787 0.017202
v -0.056261 0.765223 0.008200
v -0.082440 0.756475 -0.005468
v -0.082440 0.772359 -0.005468
v 0.032346 0.757143 -0.078615
v 0.005058 0.772359 -0.084798
v 0.005022 0.757144 -0.084806
v 0.032381 0.772359 -0.078607
v -0.031836 0.757144 0.077761
v -0.004513 0.772359 0.083952
v -0.004513 0.757143 0.083952
v -0.031836 0.772359 0.077761
v -0.028233 0.762785 0.017202
v -0.028233 0.735787 0.026203
v -0.028233 0.735787 0.017202
v -0.028233 0.762785 0.026203
v -0.076535 0.772359 -0.031525
v -0.082440 0.756475 -0.005468
v -0.076535 0.756475 -0.031525
v -0.082440 0.772359 -0.005468
v -0.026449 0.762785 -0.027047
v -0.018426 0.735787 -0.027047
v -0.018389 0.762785 -0.027047
v -0.026449 0.735787 -0.027047
v 0.028293 0.762785 0.026203
v 0.018515 0.735787 0.026203
v 0.018515 0.762785 0.026203
v 0.028293 0.735787 0.026203
v 0.084286 0.756475 0.004917
v 0.078382 0.772359 0.030974
v 0.084286 0.772359 0.004917
v 0.078382 0.756475 0.030974
v -0.009991 0.566305 0.024814
v -0.038529 0.612854 0.007749
v -0.002597 0.575540 0.025798
v -0.029712 0.593843 0.003131
v 0.008296 0.524295 0.021328
v -0.029712 0.615270 -0.007728
v -0.038529 0.634282 -0.006762
v -0.002015 0.666964 -0.023546
v -0.006178 0.686631 -0.030275
v 0.026173 0.738981 -0.011895
v 0.025682 0.718658 -0.005552
v 0.033385 0.738981 -0.005552
v 0.025682 0.718658 0.004708
v 0.033385 0.738981 0.004708
v 0.005899 0.727445 0.007618
v -0.015983 0.741708 0.002870
v 0.018171 0.679538 0.004799
v 0.016543 0.671622 -0.005552
v -0.002176 0.633941 -0.019714
v -0.020896 0.596259 -0.010863
v -0.020896 0.574831 -0.001002
v -0.021579 0.541493 -0.005405
v -0.021579 0.562920 -0.015836
v 0.001318 0.603455 -0.021055
v 0.024215 0.626309 -0.006057
v 0.024215 0.643989 0.004708
v 0.001907 0.700749 0.015832
v -0.031877 0.741708 0.011291
v 0.000474 0.689358 0.029671
v 0.032013 0.634282 0.008149
v 0.032013 0.616602 -0.011435
v 0.001447 0.581932 -0.028341
v -0.029118 0.529582 -0.024552
v -0.029118 0.508154 -0.007832
v -0.026390 0.491014 -0.002775
v 0.019438 0.472281 0.021514
v -0.025451 0.472281 0.001250
v -0.026358 0.396766 0.002201
v 0.021631 0.414981 0.013390
v -0.018195 0.327988 0.003888
v 0.027788 0.300379 -0.000931
v -0.026346 0.185778 0.010261
v 0.019637 0.185778 0.010261
v -0.022262 0.071177 0.004708
v 0.023722 0.071177 0.004708
v -0.026449 0.762785 -0.027047
v -0.026449 0.735787 -0.018046
v -0.026449 0.735787 -0.027047
v -0.026449 0.762785 -0.018046
v 0.028293 0.762785 0.026203
v 0.028293 0.735787 0.017202
v 0.028293 0.735787 0.026203
v 0.028293 0.762785 0.017202
v 0.030077 0.735787 -0.027047
v 0.030077 0.762785 -0.018046
v 0.030077 0.762785 -0.027047
v 0.030077 0.735787 -0.018046
vn 0.6178 -0.7798 0.1013
vn 0.4738 0.0908 0.8760
vn 0.3132 0.8933 -0.3223
vn -0.1477 -0.3213 0.9354
vn 0.8692 -0.4823 -0.1091
vn -0.1643 -0.9707 -0.1751
vn 0.2258 0.9384 -0.2615
vn 0.3609 0.9269 0.1029
vn -0.9401 0.3073 -0.1476
vn 0.6206 0.5553 0.5537
vn 0.9522 -0.2738 -0.1358
vn 0.1049 -0.9833 0.1490
vn 0.7754 0.6114 -0.1583
vn 0.9110 -0.2006 -0.3603
vn -0.0971 -0.2472 0.9641
vn 0.3249 -0.8900 0.3199
vn -0.9885 0.0421 -0.1452
vn -0.6742 0.5733 -0.4656
vn -0.8824 -0.4638 0.0788
vn -0.6878 0.6416 0.3395
vn -0.9920 -0.0442 -0.1184
vn 0.2087 -0.2922 -0.9333
vn -0.5381 0.3604 0.7620
vn 0.9655 -0.1851 0.1833
vn -0.0342 -0.9839 0.1752
vn -0.1094 0.9849 0.1339
vn 0.6073 0.7944 0.0052
vn -0.9220 0.3663 0.1254
vn -0.1338 0.9611 0.2417
vn 0.1326 -0.9876 0.0842
vn 0.4800 0.8339 -0.2724
vn -0.6002 0.7593 -0.2513
vn -0.0311 0.9520 -0.3045
vn 0.0452 -0.9644 -0.2605
vn -0.4959 -0.8243 -0.2732
vn 0.6034 -0.7548 -0.2573
vn 0.0253 -0.9501 -0.3110
vn -0.0608 0.9647 -0.2563
vn -0.6247 -0.7726 -0.1131
vn -0.4834 0.1037 -0.8692
vn -0.3254 0.8846 0.3341
vn 0.1303 -0.3180 -0.9391
vn -0.8760 -0.4726 0.0961
vn -0.5493 -0.2868 -0.7848
vn -0.2127 0.9449 0.2488
vn 0.5325 -0.2302 -0.8146
vn 0.4196 -0.8582 0.2956
vn 0.9223 0.2070 0.3265
vn 0.3438 0.8961 0.2807
vn -0.0730 -0.9622 0.2625
vn 0.1923 -0.9261 0.3245
vn -0.4574 0.7435 0.4878
vn 0.8722 -0.3951 0.2883
vn -0.9604 0.2327 0.1532
vn -0.9167 -0.2329 0.3247
vn 0.8280 0.3584 0.4312
vn -0.3231 -0.9030 0.2832
vn 0.4071 0.8975 0.1696
vn -0.1866 0.9300 0.3166
vn 0.3644 -0.9058 0.2162
vn -0.8775 0.3878 0.2823
vn -0.0377 -0.6997 0.7134
vn 0.1836 0.8342 -0.5200
vn -0.0276 0.1617 0.9865
vn -0.0029 0.5563 0.8310
vn -0.0521 -0.8448 0.5325
vn 0.3509 0.7312 -0.5850
vn -0.9937 -0.0443 0.1034
vn -0.5387 -0.4498 -0.7124
vn 0.4106 0.0483 0.9105
vn -0.9869 -0.1104 -0.1179
vn 0.1360 -0.6033 -0.7859
vn -0.0612 0.2095 0.9759
vn 0.6738 -0.0059 0.7389
vn 0.6901 -0.0000 -0.7237
vn 0.8803 0.2411 -0.4085
vn -0.8454 0.1041 0.5238
vn -0.7071 -0.0000 -0.7071
vn -0.1605 0.1329 -0.9781
vn 0.1009 0.1764 -0.9791
vn -0.9333 -0.3576 0.0329
vn 0.8787 0.4725 0.0676
vn 0.7071 -0.0000 0.7071
vn 0.0843 -0.0999 0.9914
vn 0.0045 0.3526 -0.9358
vn -0.9822 0.1848 -0.0349
vn -0.9641 0.1656 0.2075
vn -0.5725 0.0565 0.8180
vn -0.4633 0.0853 -0.8821
vn -0.7071 0.0112 -0.7070
vn -0.9066 0.0111 -0.4219
vn -0.5713 0.0905 -0.8158
vn -0.7071 0.0111 -0.7070
vn -0.4929 0.0111 0.8700
vn 0.8930 0.0160 -0.4498
vn -0.1885 0.0915 -0.9778
vn 0.4860 0.0112 -0.8739
vn 0.7071 0.0111 0.7070
vn 0.0898 0.0757 -0.9931
vn -0.9828 0.1506 0.1066
vn 0.9520 -0.3060 0.0002
vn -0.0861 -0.1004 -0.9912
vn -0.0032 0.3530 0.9356
vn 0.9829 0.1828 0.0214
vn 0.9610 0.1630 -0.2233
vn -0.7813 0.0779 -0.6193
vn -0.4760 0.0074 -0.8794
vn -0.8700 0.0111 -0.4930
vn -0.5686 0.0028 -0.8226
vn -0.4220 0.0111 0.9065
vn 0.4648 0.0498 0.8840
vn 0.1595 0.0909 0.9830
vn -0.9066 0.0112 -0.4219
vn 0.7069 0.0111 0.7072
vn -0.1173 0.0748 0.9903
vn 0.9840 0.1567 -0.0853
vn -0.9519 -0.3055 -0.0222
vn -0.1116 0.1717 0.9788
vn -0.8813 0.4661 -0.0773
vn 0.9313 -0.3639 -0.0188
vn 0.1516 0.1264 0.9803
vn -0.8853 0.2603 0.3852
vn 0.8440 0.0913 -0.5285
vn 0.7240 -0.0000 -0.6898
vn 0.4161 0.0195 0.9091
vn -0.7072 -0.0000 -0.7071
vn -0.5984 0.2362 -0.7656
vn -0.6738 -0.0058 -0.7389
vn 0.9944 -0.0489 -0.0936
vn 0.9855 -0.1136 0.1257
vn -0.1250 -0.6042 0.7870
vn 0.0560 0.2083 -0.9765
vn -0.0770 0.8738 0.4801
vn -0.5014 -0.5751 -0.6465
vn -0.2375 0.8591 0.4533
vn 0.3277 -0.5666 -0.7560
vn -0.9387 -0.3098 -0.1512
vn -0.5369 0.7773 0.3279
vn 0.5686 -0.4172 -0.7090
vn 0.0317 0.9854 0.1675
vn -0.5161 -0.8441 0.1452
vn 0.6893 0.7141 0.1222
vn 0.0751 0.9718 -0.2234
vn 0.3091 -0.2762 -0.9100
vn -0.5642 0.1113 0.8181
vn -0.0757 0.9953 0.0598
vn -0.3828 0.5028 0.7750
vn 0.1472 -0.3395 -0.9290
vn 0.7947 0.5628 0.2274
vn -0.9219 -0.3806 -0.0727
vn 0.0881 0.9956 0.0324
vn -0.2510 0.9649 -0.0769
vn 0.8781 0.1385 0.4581
vn -0.9280 -0.3150 -0.1991
vn 0.3154 0.8835 0.3465
vn -0.3794 -0.4740 0.7946
vn -0.0644 -0.7239 0.6869
vn -0.2193 0.9742 -0.0531
vn 0.5374 0.2407 0.8082
vn 0.1048 0.9925 0.0631
vn -0.0915 -0.7082 -0.7001
vn -0.3476 0.9295 -0.1236
vn 0.4556 -0.6474 0.6110
vn -0.4571 0.8325 -0.3131
vn -0.9660 -0.2577 -0.0214
vn 0.5827 -0.7597 -0.2886
vn -0.5417 0.7894 -0.2886
vn 0.9563 -0.2862 -0.0600
vn 0.8006 -0.5702 0.1842
vn 0.2968 -0.9040 -0.3077
vn 0.8691 0.2259 -0.4401
vn -0.3202 0.8949 0.3108
vn -0.3686 0.8165 0.4445
vn -0.2901 0.2189 0.9316
vn 0.4345 0.8688 0.2376
vn 0.7084 -0.4764 0.5209
vn 0.0816 -0.0083 -0.9966
vn 0.2315 -0.2755 -0.9330
vn -0.6016 -0.7417 -0.2966
vn 0.4330 0.8967 -0.0921
vn 0.7141 0.6703 0.2020
vn 0.4580 -0.7592 0.4624
vn -0.6603 -0.7510 -0.0002
vn -0.8012 -0.4068 0.4388
vn 0.0367 0.9881 -0.1495
vn -0.5631 -0.7289 0.3895
vn 0.4076 -0.6343 0.6569
vn 0.4551 0.8405 -0.2938
vn 0.3604 0.8981 -0.2519
vn 0.9964 0.0832 0.0131
vn 0.2390 -0.9423 -0.2343
vn -0.4436 -0.6187 0.6484
vn 0.0979 -0.6983 -0.7091
vn 0.3510 0.9339 0.0674
vn 0.3454 -0.8949 -0.2825
vn -0.2678 -0.3270 0.9063
vn -0.1220 -0.7502 -0.6498
vn 0.0688 -0.7032 -0.7077
vn 0.6438 -0.7260 0.2417
vn 0.9058 -0.2428 -0.3473
vn -0.0515 0.7525 -0.6566
vn -0.0106 0.6810 0.7322
vn -0.2704 0.3261 -0.9058
vn -0.3236 -0.9163 0.2361
vn 0.0658 -0.7289 -0.6814
vn -0.3757 -0.8931 0.2476
vn -0.1027 -0.6837 -0.7225
vn -0.1854 0.7564 0.6273
vn -0.0077 0.8616 -0.5075
vn -0.1471 0.7092 0.6895
vn -0.1298 0.8290 -0.5440
vn -0.7487 0.4780 0.4593
vn -0.2309 0.9628 -0.1402
vn -0.7192 -0.6948 -0.0073
vn -0.8878 -0.4601 -0.0053
vn 0.0095 0.1785 -0.9839
vn 0.0351 -0.8468 -0.5307
vn -0.3612 0.7348 0.5741
vn -0.0286 0.5157 -0.8563
vn -0.1758 0.8438 0.5071
vn 0.0202 -0.7120 -0.7019
vn -0.7071 -0.0000 -0.7072
vn 0.0523 0.9961 -0.0711
vn -0.1479 -0.3423 0.9279
vn 0.3619 0.5056 -0.7832
vn -0.0972 0.9734 0.2075
vn 0.5511 0.0993 -0.8285
vn -0.3290 -0.2660 0.9061
vn -0.7971 0.5496 -0.2501
vn 0.9276 -0.3677 0.0663
vn -0.1011 0.9938 -0.0462
vn 0.2366 0.9698 0.0585
vn -0.8745 0.1162 -0.4708
vn 0.9354 -0.2943 0.1961
vn -0.9414 0.3141 -0.1228
vn 0.5675 0.7570 0.3239
vn -0.7686 -0.6295 -0.1140
vn -0.7662 0.6375 -0.0811
vn -0.5947 -0.7841 -0.1773
vn 0.5912 0.6702 0.4486
vn -0.7070 0.7071 -0.0111
vn 0.7061 -0.7080 -0.0111
vn -0.7061 0.7080 -0.0111
vn 0.7070 -0.7071 -0.0111
vn -0.7071 0.7071 -0.0000
vn 0.7071 -0.7071 -0.0000
vn -0.7072 0.7071 -0.0000
vn 0.9389 0.3260 0.1100
vn -0.5746 0.7496 -0.3285
vn 0.7777 -0.6197 0.1058
vn 0.7626 0.6441 0.0599
vn 0.6141 -0.7702 0.1721
vn -0.5991 0.6545 -0.4613
vn -0.7882 -0.6116 -0.0685
vn 0.7406 0.6117 0.2780
vn -0.7882 -0.6117 -0.0685
vn 0.7406 0.6117 0.2781
vn 0.7950 -0.6037 0.0595
vn -0.7431 0.6036 -0.2890
vn -0.0000 0.7072 -0.7071
vn -0.0000 -0.7071 0.7071
vn -0.0000 0.7071 -0.7071
vn 0.0565 -0.6110 -0.7896
vn -0.2895 0.6110 0.7368
vn 0.0564 -0.6111 -0.7896
vn 0.7072 -0.7069 -0.0111
vn -0.0713 -0.6062 0.7921
vn 0.2772 0.6061 -0.7455
vn 0.2771 0.6062 -0.7455
vn -0.2995 -0.4513 -0.8406
vn -0.6379 0.6869 -0.3483
vn 0.7472 -0.6585 0.0904
vn -0.0054 -0.3478 0.9376
vn -0.1745 -0.9765 0.1265
vn 0.8299 -0.4968 -0.2540
vn -0.7592 0.0636 0.6478
vn 0.2323 0.9406 0.2476
vn -0.4431 -0.7718 0.4560
vn -0.5191 0.0001 -0.8547
vn 0.1659 -0.8482 0.5030
vn -0.1461 0.5562 -0.8181
vn 0.5023 -0.1091 -0.8578
vn -0.7200 0.6117 -0.3277
vn 0.6732 0.7025 -0.2307
vn -0.6131 -0.3278 0.7188
vn -0.3397 0.8299 0.4426
vn 0.2600 0.8704 0.4181
vn -0.2686 0.8970 0.3512
vn 0.3004 0.8716 -0.3874
vn -0.2963 0.7597 0.5788
vn -0.7117 0.0189 -0.7022
vn -0.0285 0.9110 0.4114
vn -0.8208 -0.5315 0.2094
vn 0.2158 0.9574 0.1921
vn 0.4662 0.5057 0.7258
vn 0.6146 -0.7844 -0.0832
vn 0.9329 -0.3308 0.1426
vn 0.1424 0.8017 -0.5805
vn 0.8060 0.1159 0.5805
vn 0.9284 -0.3646 -0.0718
vn 0.4139 0.8437 0.3420
vn 0.4585 0.8874 0.0485
vn -0.6934 0.2762 -0.6655
vn -0.6101 0.6115 -0.5039
vn -0.2441 -0.9112 -0.3318
vn -0.4689 0.7478 -0.4700
vn -0.4540 -0.8569 -0.2442
vn -0.6319 -0.7546 -0.1767
vn -0.6655 -0.7453 0.0390
vn 0.7023 0.7112 0.0312
vn 0.7161 0.6918 -0.0928
vn -0.7260 -0.6794 -0.1062
vn 0.7143 -0.6998 -0.0005
vn -0.7143 0.6966 0.0672
vn -0.0111 -0.7071 0.7070
vn -0.0111 0.7070 -0.7071
vn -0.0111 -0.7069 0.7072
vn -0.0111 0.7071 -0.7070
vt 0.605500 -0.521500
vt 0.496100 -0.521500
vt 0.499000 -0.386700
vt 0.608400 -0.386700
vt 0.843800 -0.521500
vt 0.535200 -0.272500
vt 0.840800 -0.386700
vt 0.640600 -0.259800
vt 0.808600 -0.259800
vt 0.543900 -0.247100
vt 0.473600 -0.252900
vt 0.581100 -0.215800
vt 0.512700 -0.213900
vt 0.667000 -0.172900
vt 0.667000 -0.192400
vt 0.782200 -0.192400
vt 0.782200 -0.172900
vt 0.937500 -0.211900
vt 0.868200 -0.215800
vt 0.905300 -0.247100
vt 0.974600 -0.252900
vt 0.880900 -0.275400
vt 0.755900 -0.248000
vt 0.693400 -0.248000
vt 0.643600 -0.234400
vt 0.643600 -0.221700
vt 0.693400 -0.208000
vt 0.755900 -0.208000
vt 0.805700 -0.221700
vt 0.805700 -0.234400
vt 0.698200 -0.879900
vt 0.490200 -0.879900
vt 0.554700 -0.930700
vt 0.717800 -0.930700
vt 0.655300 -0.983400
vt 0.772500 -0.983400
vt 0.889600 -0.117200
vt 0.901400 -0.081100
vt 0.705100 -0.081100
vt 0.717800 -0.115200
vt 0.735400 -0.154300
vt 0.883800 -0.153300
vt 0.705100 -0.009800
vt 0.644500 -0.022500
vt 0.653300 -0.068400
vt 0.653300 -0.081100
vt 0.508800 -0.067400
vt 0.511700 -0.026400
vt 0.371100 -0.063500
vt 0.364300 -0.028300
vt 0.644500 -0.009800
vt 0.886700 -0.153300
vt 0.738300 -0.155300
vt 0.720700 -0.115200
vt 0.892600 -0.117200
vt 0.706100 -0.081100
vt 0.683600 -0.060500
vt 0.930700 -0.060500
vt 0.663100 -0.068400
vt 0.663100 -0.081100
vt 0.683600 -0.030300
vt 0.653300 -0.022500
vt 0.519500 -0.067400
vt 0.653300 -0.009800
vt 0.522500 -0.026400
vt 0.380900 -0.063500
vt 0.374000 -0.028300
vt 0.922900 -0.060500
vt 0.675800 -0.060500
vt 0.675800 -0.030300
vt 0.901400 -0.009800
vt 0.891600 -0.117200
vt 0.885700 -0.153300
vt 0.028300 -0.124000
vt 0.028300 -0.201200
vt 0.101600 -0.179700
vt 0.138700 -0.112300
vt 0.028300 -0.046900
vt 0.208000 -0.144500
vt 0.145500 -0.053700
vt 0.222700 -0.085900
vt 0.344700 -0.094700
vt 0.366200 -0.083000
vt 0.717800 -0.788100
vt 0.773400 -0.727500
vt 0.655300 -0.727500
vt 0.554700 -0.788100
vt 0.699200 -0.848600
vt 0.490200 -0.848600
vt 0.699200 -0.881800
vt 0.490200 -0.881800
vt 0.551800 -0.930700
vt 0.649400 -0.982400
vt 0.772500 -0.982400
vt 0.418900 -0.089800
vt 0.355500 -0.118200
vt 0.434600 -0.099600
vt 0.228500 -0.173800
vt 0.090800 -0.216800
vt 0.028300 -0.228500
vt 0.130900 -0.271500
vt 0.028300 -0.284200
vt 0.236300 -0.228500
vt 0.333000 -0.192400
vt 0.434600 -0.177700
vt 0.434600 -0.254900
vt 0.340800 -0.261700
vt 0.200200 -0.302700
vt 0.092800 -0.336900
vt 0.028300 -0.385700
vt 0.160200 -0.371100
vt 0.250000 -0.329100
vt 0.354500 -0.303700
vt 0.434600 -0.282200
vt 0.319300 -0.365200
vt 0.346700 -0.407200
vt 0.434600 -0.406200
vt 0.434600 -0.348600
vt 0.434600 -0.426800
vt 0.339800 -0.435500
vt 0.434600 -0.447300
vt 0.313500 -0.462900
vt 0.028300 -0.466800
vt 0.028300 -0.545900
vt 0.358400 -0.564500
vt 0.028300 -0.669900
vt 0.434600 -0.464800
vt 0.434600 -0.561500
vt 0.335900 -0.646500
vt 0.028300 -0.824200
vt 0.325200 -0.830100
vt 0.434600 -0.685500
vt 0.434600 -0.830100
vt 0.320300 -0.979500
vt 0.028300 -0.969700
vt 0.434600 -0.977500
vt 0.274400 -0.970700
vt 0.325200 -0.828100
vt 0.332000 -0.683600
vt 0.434600 -0.540000
vt 0.336900 -0.536100
vt 0.316400 -0.461900
vt 0.335000 -0.400400
vt 0.396500 -0.349600
vt 0.552700 -0.928700
vt 0.654300 -0.981400
vt 0.773400 -0.981400
vt 0.717800 -0.928700
vt 0.488300 -0.877000
vt 0.699200 -0.877000
vt 0.028300 -0.982400
vt 0.552700 -0.786100
vt 0.488300 -0.846700
vt 0.695300 -0.846700
vt 0.713900 -0.786100
vt 0.652300 -0.726600
vt 0.768600 -0.726600
vt 0.695300 -0.882800
vt 0.488300 -0.882800
vt 0.549800 -0.931600
vt 0.713900 -0.931600
vt 0.646500 -0.982400
vt 0.768600 -0.982400
vt 0.552700 -0.783200
vt 0.490200 -0.840800
vt 0.699200 -0.840800
vt 0.717800 -0.783200
vt 0.650400 -0.726600
vt 0.773400 -0.726600
vt 0.490200 -0.858400
vt 0.699200 -0.858400
vt 0.488300 -0.858400
vt 0.550800 -0.783200
vt 0.488300 -0.840800
vt 0.650400 -0.725600
vt 0.774400 -0.725600
vt 0.656200 -0.673800
vt 0.773400 -0.673800
vt 0.652300 -0.673800
vt 0.768600 -0.673800
vt 0.774400 -0.672900
vt 0.650400 -0.672900
vt 0.699200 -0.864300
vt 0.490200 -0.864300
vt 0.695300 -0.865200
vt 0.488300 -0.865200
vt 0.773400 -0.674800
vt 0.650400 -0.674800
vt 0.353500 -0.299800
vt 0.352500 -0.271500
vt 0.336900 -0.193400
vt 0.344700 -0.116200
vt 0.393600 -0.091800
vt 0.291000 -0.108400
vt 0.357400 -0.085900
vt 0.206100 -0.086900
vt 0.130900 -0.056600
vt 0.177700 -0.151400
vt 0.227500 -0.168000
vt 0.231400 -0.228500
vt 0.264600 -0.287100
vt 0.275400 -0.319300
vt 0.162100 -0.353500
vt 0.153300 -0.321300
vt 0.122100 -0.260700
vt 0.075200 -0.216800
vt 0.081100 -0.191400
vt 0.120100 -0.114300
vt 0.028300 -0.355500
vt 0.028300 -0.405300
vt 0.028300 -0.559600
vt 0.028300 -0.646500
s 1
usemtl AM_A_1000_0
f 1/1/1 3/2/2 2/3/3
f 2/3/3 4/4/4 1/1/1
f 5/5/5 1/1/1 4/4/4
f 6/6/6 4/4/4 2/3/3
f 7/7/7 5/5/5 4/4/4
f 4/4/4 8/8/8 7/7/7
f 6/6/6 8/8/8 4/4/4
f 9/9/9 7/7/7 8/8/8
f 10/10/10 8/8/8 6/6/6
f 6/6/6 11/11/11 10/10/10
f 12/12/12 10/10/10 11/11/11
f 11/11/11 13/13/13 12/12/12
f 14/14/14 12/12/12 13/13/13
f 15/15/15 12/12/12 14/14/14
f 14/14/14 16/16/16 15/15/15
f 16/16/16 14/14/14 17/17/17
f 17/17/17 18/18/18 16/16/16
f 19/19/19 16/16/16 18/18/18
f 18/18/18 20/20/20 19/19/19
f 20/20/20 18/18/18 21/21/21
f 21/21/21 9/9/9 20/20/20
f 9/9/9 21/21/21 22/22/22
f 23/23/23 20/20/20 9/9/9
f 9/9/9 24/24/24 23/23/23
f 24/24/24 9/9/9 8/8/8
f 8/8/8 25/25/25 24/24/24
f 25/25/25 8/8/8 10/10/10
f 10/10/10 26/26/26 25/25/25
f 26/26/26 10/10/10 12/12/12
f 12/12/12 27/27/27 26/26/26
f 27/27/27 12/12/12 15/15/15
f 15/15/15 28/28/28 27/27/27
f 28/28/28 15/15/15 16/16/16
f 16/16/16 29/29/29 28/28/28
f 29/29/29 16/16/16 19/19/19
f 19/19/19 30/30/30 29/29/29
f 30/30/30 19/19/19 20/20/20
f 20/20/20 23/23/23 30/30/30
f 31/23/31 30/30/30 23/23/23
f 23/23/23 32/24/32 31/23/31
f 32/24/32 23/23/23 24/24/24
f 24/24/24 33/25/33 32/24/32
f 33/25/33 24/24/24 25/25/25
f 25/25/25 34/26/34 33/25/33
f 34/26/34 25/25/25 26/26/26
f 26/26/26 35/27/35 34/26/34
f 35/27/35 26/26/26 27/27/27
f 27/27/27 36/28/36 35/27/35
f 36/28/36 27/27/27 28/28/28
f 28/28/28 37/29/37 36/28/36
f 37/29/37 28/28/28 29/29/29
f 29/29/29 38/30/38 37/29/37
f 38/30/38 29/29/29 30/30/30
f 30/30/30 31/23/31 38/30/38
f 39/1/39 41/2/40 40/3/41
f 40/3/41 42/4/42 39/1/39
f 43/5/43 39/1/39 42/4/42
f 44/6/44 42/4/42 40/3/41
f 45/7/45 43/5/43 42/4/42
f 42/4/42 44/6/44 46/8/46
f 46/8/46 45/7/45 42/4/42
f 47/9/47 45/7/45 46/8/46
f 46/8/46 48/24/48 47/9/47
f 49/25/49 48/24/48 46/8/46
f 46/8/46 50/10/50 49/25/49
f 51/26/51 49/25/49 50/10/50
f 50/10/50 52/12/52 51/26/51
f 53/27/53 51/26/51 52/12/52
f 52/12/52 54/15/54 53/27/53
f 55/28/55 53/27/53 54/15/54
f 54/15/54 56/16/56 55/28/55
f 57/29/57 55/28/55 56/16/56
f 56/16/56 58/19/58 57/29/57
f 59/30/59 57/29/57 58/19/58
f 58/19/58 60/20/60 59/30/59
f 61/23/61 59/30/59 60/20/60
f 60/20/60 47/9/47 61/23/61
f 48/24/48 61/23/61 47/9/47
f 62/31/62 64/32/63 63/33/64
f 63/33/64 65/34/65 62/31/62
f 65/34/65 63/33/64 66/35/66
f 66/35/66 67/36/67 65/34/65
f 68/37/68 70/38/69 69/39/70
f 69/39/70 71/40/71 68/37/68
f 72/41/72 68/37/68 71/40/71
f 73/42/73 68/37/68 72/41/72
f 69/39/74 75/43/75 74/44/76
f 74/44/76 76/45/77 69/39/74
f 77/46/78 69/39/74 76/45/77
f 78/47/79 76/45/77 74/44/76
f 74/44/76 79/48/80 78/47/79
f 80/49/81 78/47/79 79/48/80
f 79/48/80 81/50/82 80/49/81
f 82/51/83 74/44/76 75/43/75
f 83/52/84 85/53/85 84/54/86
f 84/54/86 86/55/87 83/52/84
f 87/38/88 86/55/87 84/54/86
f 84/54/86 88/56/89 87/38/88
f 89/57/90 87/38/88 88/56/89
f 90/58/91 87/38/88 89/57/90
f 91/59/92 89/57/90 88/56/89
f 88/56/89 92/60/93 91/59/92
f 93/61/94 89/57/90 91/59/92
f 91/59/92 94/62/95 93/61/94
f 95/63/96 94/62/95 91/59/92
f 96/43/97 93/61/94 94/62/95
f 94/62/95 97/64/98 96/43/97
f 98/65/99 94/62/95 95/63/96
f 95/63/96 99/66/100 98/65/99
f 100/67/101 98/65/99 99/66/100
f 101/42/102 103/41/103 102/40/104
f 102/40/104 104/37/105 101/42/102
f 105/38/106 104/37/105 102/40/104
f 102/40/104 106/39/107 105/38/106
f 107/68/108 105/38/106 106/39/107
f 106/39/107 108/69/93 107/68/108
f 109/45/109 108/69/93 106/39/107
f 106/39/107 110/46/93 109/45/109
f 111/70/110 108/69/93 109/45/109
f 109/45/109 112/44/111 111/70/110
f 113/47/112 112/44/111 109/45/109
f 114/43/113 111/70/110 112/44/111
f 112/44/111 115/51/114 114/43/113
f 116/48/115 112/44/111 113/47/112
f 113/47/112 117/49/116 116/48/115
f 118/50/117 116/48/115 117/49/116
f 119/65/118 121/67/119 120/66/120
f 120/66/120 122/63/121 119/65/118
f 123/62/122 119/65/118 122/63/121
f 122/63/121 124/59/123 123/62/122
f 125/43/124 123/62/122 124/59/123
f 126/64/83 123/62/122 125/43/124
f 127/56/125 125/43/124 124/59/123
f 124/59/123 128/60/126 127/56/125
f 125/43/124 127/56/125 129/38/127
f 129/38/127 130/71/128 125/43/124
f 131/72/129 129/38/127 127/56/125
f 127/56/125 132/54/130 131/72/129
f 133/53/131 131/72/129 132/54/130
f 134/73/132 131/72/129 133/53/131
f 135/74/133 137/75/134 136/76/135
f 136/76/135 138/77/136 135/74/133
f 139/78/137 135/74/133 138/77/136
f 138/77/136 136/76/135 140/79/138
f 141/80/139 139/78/137 138/77/136
f 138/77/136 142/81/140 141/80/139
f 142/81/140 138/77/136 140/79/138
f 140/79/138 143/82/141 142/81/140
f 144/83/142 142/81/140 143/82/141
f 141/80/139 142/81/140 144/83/142
f 145/84/143 147/85/144 146/86/145
f 146/86/145 148/87/146 145/84/143
f 149/88/147 145/84/143 148/87/146
f 148/87/146 150/89/148 149/88/147
f 151/90/149 153/91/150 152/92/151
f 152/92/151 154/34/152 151/90/149
f 154/34/152 152/92/151 155/93/153
f 155/93/153 156/94/154 154/34/152
f 157/95/155 159/83/156 158/82/157
f 158/82/157 160/96/158 157/95/155
f 161/97/159 157/95/155 160/96/158
f 162/98/160 160/96/158 158/82/157
f 158/82/157 163/79/161 162/98/160
f 164/76/162 162/98/160 163/79/161
f 165/99/163 162/98/160 164/76/162
f 164/76/162 166/75/164 165/99/163
f 167/100/165 165/99/163 166/75/164
f 168/101/166 165/99/163 167/100/165
f 167/100/165 169/102/167 168/101/166
f 165/99/163 168/101/166 170/103/168
f 170/103/168 162/98/160 165/99/163
f 162/98/160 170/103/168 171/104/169
f 171/104/169 160/96/158 162/98/160
f 161/97/159 160/96/158 171/104/169
f 171/104/169 172/105/170 161/97/159
f 173/106/171 172/105/170 171/104/169
f 171/104/169 174/107/172 173/106/171
f 174/107/172 171/104/169 170/103/168
f 170/103/168 175/108/173 174/107/172
f 175/108/173 170/103/168 168/101/166
f 168/101/166 169/102/167 175/108/173
f 176/109/174 175/108/173 169/102/167
f 169/102/167 177/110/175 176/109/174
f 178/111/176 176/109/174 177/110/175
f 175/108/173 176/109/174 178/111/176
f 178/111/176 179/112/177 175/108/173
f 174/107/172 175/108/173 179/112/177
f 179/112/177 180/113/178 174/107/172
f 173/106/171 174/107/172 180/113/178
f 180/113/178 181/114/179 173/106/171
f 182/115/180 181/114/179 180/113/178
f 180/113/178 179/112/177 182/115/180
f 178/111/176 182/115/180 179/112/177
f 183/116/181 182/115/180 178/111/176
f 178/111/176 177/110/175 183/116/181
f 182/115/180 183/116/181 184/117/182
f 184/117/182 185/118/183 182/115/180
f 181/114/179 182/115/180 185/118/183
f 186/119/184 184/117/182 183/116/181
f 183/116/181 187/120/185 186/119/184
f 177/110/175 187/120/185 183/116/181
f 188/121/186 186/119/184 187/120/185
f 187/120/185 177/110/175 189/122/187
f 189/122/187 188/121/186 187/120/185
f 189/122/187 177/110/175 190/123/188
f 190/123/188 191/124/189 189/122/187
f 192/125/190 189/122/187 191/124/189
f 191/124/189 193/126/191 192/125/190
f 189/122/187 192/125/190 194/127/192
f 194/127/192 188/121/186 189/122/187
f 195/128/193 194/127/192 192/125/190
f 192/125/190 196/129/194 195/128/193
f 196/129/194 192/125/190 193/126/191
f 193/126/191 197/130/195 196/129/194
f 198/131/196 196/129/194 197/130/195
f 196/129/194 198/131/196 199/132/197
f 199/132/197 195/128/193 196/129/194
f 200/133/198 199/132/197 198/131/196
f 198/131/196 201/134/199 200/133/198
f 201/134/199 198/131/196 197/130/195
f 197/130/195 202/135/200 201/134/199
f 200/133/198 201/134/199 203/136/201
f 204/137/202 206/136/203 205/133/204
f 205/133/204 207/138/205 204/137/202
f 207/138/205 205/133/204 208/132/206
f 208/132/206 209/139/207 207/138/205
f 209/139/207 208/132/206 210/140/208
f 210/140/208 211/141/209 209/139/207
f 211/141/209 210/140/208 212/127/210
f 212/127/210 213/142/211 211/141/209
f 213/142/211 212/127/210 214/117/212
f 214/117/212 215/143/213 213/142/211
f 215/143/213 214/117/212 216/118/214
f 216/118/214 217/144/215 215/143/213
f 218/145/216 220/146/217 219/147/218
f 219/147/218 221/148/219 218/145/216
f 222/149/220 218/145/216 221/148/219
f 221/148/219 223/150/221 222/149/220
f 224/137/78 226/135/83 225/151/222
f 225/151/222 227/136/83 224/137/78
f 228/152/223 230/153/224 229/154/225
f 229/154/225 231/155/226 228/152/223
f 232/156/227 228/152/223 231/155/226
f 231/155/226 233/157/228 232/156/227
f 234/158/229 236/159/230 235/160/231
f 235/160/231 237/161/232 234/158/229
f 237/161/232 235/160/231 238/162/233
f 238/162/233 239/163/234 237/161/232
f 240/164/235 242/165/236 241/166/237
f 241/166/237 243/167/238 240/164/235
f 244/168/239 240/164/235 243/167/238
f 243/167/238 245/169/240 244/168/239
f 246/170/241 248/32/242 247/31/243
f 247/31/243 249/171/244 246/170/241
f 250/149/245 252/150/246 251/171/247
f 251/171/247 253/172/246 250/149/245
f 254/173/248 256/174/249 255/166/250
f 255/166/250 257/167/251 254/173/248
f 258/175/252 254/173/248 257/167/251
f 257/167/251 259/176/253 258/175/252
f 260/177/254 262/86/255 261/85/256
f 261/85/256 263/178/257 260/177/254
f 264/179/258 266/156/259 265/157/258
f 265/157/258 267/180/259 264/179/258
f 268/166/260 270/174/261 269/172/262
f 269/172/262 271/171/261 268/166/260
f 272/181/263 274/182/264 273/175/265
f 273/175/265 275/176/264 272/181/263
f 276/183/241 278/88/242 277/89/243
f 277/89/243 279/184/266 276/183/241
f 280/185/246 282/154/247 281/153/246
f 281/153/246 283/186/245 280/185/246
f 284/168/267 286/169/268 285/187/267
f 285/187/267 287/188/269 284/168/267
f 288/144/270 290/118/271 289/114/272
f 289/114/272 291/189/273 288/144/270
f 292/143/274 288/144/270 291/189/273
f 293/190/275 291/189/273 289/114/272
f 289/114/272 294/106/276 293/190/275
f 295/191/277 293/190/275 294/106/276
f 294/106/276 296/105/278 295/191/277
f 297/97/279 295/191/277 296/105/278
f 298/192/280 295/191/277 297/97/279
f 297/97/279 299/193/281 298/192/280
f 300/194/282 298/192/280 299/193/281
f 299/193/281 301/195/283 300/194/282
f 302/196/284 300/194/282 301/195/283
f 301/195/283 303/197/285 302/196/284
f 300/194/282 302/196/284 304/198/286
f 304/198/286 298/192/280 300/194/282
f 298/192/280 304/198/286 305/199/287
f 305/199/287 295/191/277 298/192/280
f 295/191/277 305/199/287 306/200/288
f 306/200/288 293/190/275 295/191/277
f 293/190/275 306/200/288 307/201/289
f 307/201/289 291/189/273 293/190/275
f 291/189/273 307/201/289 308/202/290
f 308/202/290 292/143/274 291/189/273
f 309/203/291 292/143/274 308/202/290
f 308/202/290 307/201/289 309/203/291
f 310/204/292 309/203/291 307/201/289
f 307/201/289 311/205/293 310/204/292
f 311/205/293 307/201/289 306/200/288
f 306/200/288 312/206/294 311/205/293
f 312/206/294 306/200/288 305/199/287
f 305/199/287 313/207/295 312/206/294
f 313/207/295 305/199/287 304/198/286
f 304/198/286 314/208/296 313/207/295
f 314/208/296 304/198/286 302/196/284
f 302/196/284 303/197/285 314/208/296
f 315/78/297 314/208/296 303/197/285
f 314/208/296 315/78/297 316/74/298
f 316/74/298 313/207/295 314/208/296
f 313/207/295 316/74/298 317/75/299
f 317/75/299 312/206/294 313/207/295
f 312/206/294 317/75/299 318/100/300
f 318/100/300 311/205/293 312/206/294
f 311/205/293 318/100/300 319/102/301
f 319/102/301 310/204/292 311/205/293
f 310/204/292 319/102/301 320/209/302
f 320/209/302 321/110/303 310/204/292
f 309/203/291 310/204/292 321/110/303
f 321/110/303 292/143/274 309/203/291
f 292/143/274 321/110/303 322/210/304
f 322/210/304 323/142/305 292/143/274
f 323/142/305 322/210/304 324/123/306
f 324/123/306 325/211/307 323/142/305
f 326/141/308 323/142/305 325/211/307
f 325/211/307 327/212/309 326/141/308
f 328/139/310 326/141/308 327/212/309
f 327/212/309 329/130/311 328/139/310
f 330/138/312 328/139/310 329/130/311
f 329/130/311 331/135/313 330/138/312
f 332/137/314 330/138/312 331/135/313
f 333/183/260 335/184/261 334/91/262
f 334/91/262 336/90/261 333/183/260
f 337/185/315 339/186/316 338/159/317
f 338/159/317 340/158/318 337/185/315
f 341/170/317 343/171/318 342/166/315
f 342/166/315 344/165/316 341/170/317
o mesh1
v -0.250041 0.036526 0.166694
v -0.273373 0.020003 0.273373
v -0.333389 0.020003 0.166694
v -0.166694 0.036526 0.250041
v -0.166694 0.020003 0.333389
v -0.133512 0.124503 0.133512
v -0.237001 0.048837 0.000129
v -0.152817 0.149124 -0.000000
v -0.188751 0.036526 -0.108594
v -0.110961 0.137775 -0.112196
v -0.132973 0.036526 -0.218843
v 0.000000 0.048837 -0.259533
v 0.000000 0.163051 -0.152817
v 0.166694 0.036526 -0.250041
v 0.000000 0.198888 -0.083347
v -0.083347 0.183502 -0.000000
v 0.000000 0.198888 0.083347
v 0.000000 0.122449 0.152817
v 0.000000 0.048837 0.259533
v 0.000000 0.020003 0.352371
v 0.151467 0.020003 0.281296
v 0.116496 0.036526 0.197213
v 0.242418 0.020003 0.232612
v 0.133513 0.122410 0.133512
v 0.083347 0.198888 -0.000000
v 0.000000 0.216722 -0.000000
v 0.133513 0.138430 -0.133513
v 0.250042 0.036526 -0.166694
v 0.152817 0.147030 -0.000000
v 0.259533 0.048837 -0.000000
v 0.219087 0.036526 0.125933
v 0.302434 0.020003 0.125933
v 0.338501 0.020003 -0.002153
v 0.333389 0.020003 -0.166694
v 0.273373 0.020003 -0.273373
v 0.166694 0.020003 -0.333389
vn -0.7276 -0.0695 -0.6824
vn -0.9552 -0.1969 -0.2209
vn 0.7112 -0.0532 0.7010
vn -0.9915 0.0652 0.1123
vn 0.9859 0.1467 -0.0799
vn 0.7113 -0.1990 0.6741
vn 0.2841 -0.4334 -0.8553
vn -0.3447 -0.8504 0.3974
vn 0.2401 -0.2738 -0.9313
vn -0.7106 -0.5102 0.4846
vn 0.8561 -0.0994 -0.5072
vn 0.9479 0.3030 -0.0981
vn 0.0394 -0.7001 -0.7129
vn 0.5531 0.5052 0.6624
vn 0.8093 -0.4013 -0.4289
vn 0.2596 -0.3063 0.9159
vn -0.8925 -0.4470 0.0609
vn 0.0139 0.9053 -0.4245
vn -0.4282 -0.1123 0.8967
vn -0.9198 0.2275 -0.3197
vn -0.9709 0.1340 0.1984
vn 0.0216 0.8938 -0.4479
vn -0.7160 -0.0496 0.6964
vn -0.5984 0.4565 -0.6584
vn -0.4673 -0.3825 -0.7971
vn -0.5915 -0.5405 -0.5984
vn -0.7223 -0.1714 -0.6700
vn 0.8976 -0.1940 -0.3958
vn 0.0464 -0.2831 -0.9580
vn 0.7970 -0.5232 0.3017
vn -0.7371 0.4729 0.4828
vn -0.0711 -0.1991 0.9774
vn 0.3212 -0.4206 0.8485
vn 0.1288 -0.2474 -0.9603
vn -0.7126 -0.0590 -0.6991
vn 0.2162 0.2319 0.9484
vt 0.176800 -0.707000
vt 0.083000 -0.705100
vt 0.155300 -0.827100
vt 0.275400 -0.806600
vt 0.278300 -0.898400
vt 0.326200 -0.657200
vt 0.178700 -0.511700
vt 0.307600 -0.518600
vt 0.229500 -0.379900
vt 0.354500 -0.402300
vt 0.304700 -0.254900
vt 0.463900 -0.208000
vt 0.468800 -0.362300
vt 0.660200 -0.222700
vt 0.467800 -0.430700
vt 0.377900 -0.516600
vt 0.466800 -0.596700
vt 0.466800 -0.689500
vt 0.469700 -0.821300
vt 0.468800 -0.923800
vt 0.643600 -0.845700
vt 0.609400 -0.755900
vt 0.749000 -0.788100
vt 0.603500 -0.651400
vt 0.551800 -0.514600
vt 0.467800 -0.514600
vt 0.605500 -0.378900
vt 0.759800 -0.324200
vt 0.628900 -0.515600
vt 0.775400 -0.518600
vt 0.727500 -0.668900
vt 0.818400 -0.664100
vt 0.860400 -0.515600
vt 0.850600 -0.327100
vt 0.780300 -0.203100
vt 0.656200 -0.132800
s 1
usemtl AM_A_1000_1
f 345/213/319 347/214/320 346/215/321
f 346/215/321 348/216/322 345/213/319
f 349/217/323 348/216/322 346/215/321
f 345/213/319 348/216/322 350/218/324
f 350/218/324 351/219/325 345/213/319
f 351/219/325 350/218/324 352/220/326
f 352/220/326 353/221/327 351/219/325
f 353/221/327 352/220/326 354/222/328
f 354/222/328 355/223/329 353/221/327
f 356/224/330 355/223/329 354/222/328
f 354/222/328 357/225/331 356/224/330
f 358/226/332 356/224/330 357/225/331
f 359/227/333 357/225/331 354/222/328
f 354/222/328 360/228/334 359/227/333
f 360/228/334 354/222/328 352/220/326
f 352/220/326 350/218/324 360/228/334
f 361/229/335 360/228/334 350/218/324
f 350/218/324 362/230/336 361/229/335
f 362/230/336 350/218/324 348/216/322
f 348/216/322 363/231/337 362/230/336
f 363/231/337 348/216/322 349/217/323
f 349/217/323 364/232/338 363/231/337
f 365/233/339 363/231/337 364/232/338
f 366/234/340 363/231/337 365/233/339
f 365/233/339 367/235/341 366/234/340
f 363/231/337 366/234/340 368/236/342
f 368/236/342 362/230/336 363/231/337
f 361/229/335 362/230/336 368/236/342
f 368/236/342 369/237/343 361/229/335
f 370/238/344 361/229/335 369/237/343
f 360/228/334 361/229/335 370/238/344
f 370/238/344 359/227/333 360/228/334
f 359/227/333 370/238/344 369/237/343
f 369/237/343 371/239/345 359/227/333
f 357/225/331 359/227/333 371/239/345
f 371/239/345 358/226/332 357/225/331
f 372/240/346 358/226/332 371/239/345
f 371/239/345 373/241/347 372/240/346
f 373/241/347 371/239/345 369/237/343
f 369/237/343 368/236/342 373/241/347
f 374/242/348 373/241/347 368/236/342
f 372/240/346 373/241/347 374/242/348
f 375/243/349 374/242/348 368/236/342
f 368/236/342 366/234/340 375/243/349
f 367/235/341 375/243/349 366/234/340
f 375/243/349 367/235/341 376/244/350
f 376/244/350 374/242/348 375/243/349
f 374/242/348 376/244/350 377/245/351
f 377/245/351 378/246/352 374/242/348
f 372/240/346 374/242/348 378/246/352
f 378/246/352 379/247/353 372/240/346
f 358/226/332 372/240/346 379/247/353
f 379/247/353 380/248/354 358/226/332
o mesh2
v 0.224762 0.025004 0.266357
v 0.623506 0.025004 0.121227
v 0.496699 0.025004 0.393164
v 0.351568 0.025004 -0.005580
v 0.000000 0.023947 -0.528557
v -0.166694 0.023947 -0.333389
v -0.166694 0.023947 -0.500083
v 0.000000 0.023947 -0.352371
v 0.000000 0.052781 -0.259533
v -0.166694 0.040470 -0.250042
v 0.166694 0.023947 -0.333389
v 0.166694 0.040470 -0.250041
v 0.166694 0.023947 -0.500083
v -0.195604 0.025004 -0.492465
v -0.260708 0.025004 -0.249493
v -0.349642 0.025004 -0.403532
v -0.106670 0.025004 -0.338427
v -0.377011 0.025004 -0.280095
v -0.197782 0.025004 -0.024130
v -0.415379 0.025004 -0.062498
v -0.159414 0.025004 -0.241727
v -0.368436 0.025004 -0.032181
v -0.641193 0.025004 0.292878
v -0.667344 0.025004 -0.006030
v -0.342285 0.025004 0.266727
v -0.208393 0.066195 0.157165
v -0.141274 0.010191 0.393031
v -0.295235 0.016368 0.304177
v -0.054432 0.060018 0.246018
v -0.140460 0.114916 -0.146959
v -0.103394 0.208216 0.083682
v -0.232835 0.114955 0.005041
v -0.011019 0.208177 -0.068317
v 0.173805 0.157895 -0.054484
v 0.057945 0.165237 0.168667
v 0.026637 0.235571 0.008324
v 0.205113 0.087561 0.105859
v 0.136659 0.025004 0.248919
v 0.071555 0.025004 0.491891
v -0.017379 0.025004 0.337853
v 0.225593 0.025004 0.402957
vn -0.0871 0.0111 0.9961
vn 0.0871 0.0111 -0.9961
vn -0.0872 0.0111 0.9961
vn 0.7071 0.0111 -0.7071
vn -0.8160 0.0111 -0.5779
vn -0.7333 0.0802 -0.6752
vn 0.5585 0.1240 -0.8202
vn 0.8037 0.2476 0.5411
vn -0.6226 0.1981 0.7571
vn 0.7509 0.0821 -0.6552
vn 0.6160 0.1977 0.7625
vn 0.5779 0.0111 0.8161
vn 0.9659 0.0111 -0.2588
vn -0.9659 0.0111 0.2588
vn 0.9658 0.0111 -0.2590
vn -0.4226 0.0111 -0.9062
vn 0.4226 0.0111 0.9063
vn 0.4226 0.0111 0.9062
vn 0.8191 0.0111 0.5735
vn -0.8191 0.0111 -0.5736
vn -0.8191 0.0111 -0.5735
vn 0.3446 0.4008 -0.8489
vn -0.3726 -0.1592 0.9142
vn -0.3725 -0.1592 0.9143
vn 0.7564 0.6006 0.2591
vn -0.8477 -0.4271 -0.3147
vn 0.3730 0.1674 -0.9126
vn -0.2602 0.0036 0.9655
vn -0.2602 0.0035 0.9656
vt 0.000000 -1.000000
vt 1.000000 -1.000000
vt 1.000000 -0.000000
vt 0.000000 -0.000000
vt 0.502900 -0.992200
vt 1.000000 -0.886700
vt 0.996100 -0.297900
vt 0.499000 -0.369100
vt 0.497100 -0.028300
vt 0.994100 0.003900
vt 0.002000 -0.306600
vt 0.000000 -0.004900
vt 0.005900 -0.895500
s 1
usemtl AM_A_1000_2
f 381/249/355 383/250/356 382/251/357
f 382/251/357 384/252/356 381/249/355
f 385/253/358 387/254/359 386/255/360
f 386/255/360 388/256/361 385/253/358
f 389/257/362 388/256/361 386/255/360
f 386/255/360 390/258/363 389/257/362
f 391/259/364 388/256/361 389/257/362
f 389/257/362 392/260/365 391/259/364
f 388/256/361 391/259/364 393/261/366
f 393/261/366 385/253/358 388/256/361
f 394/251/367 396/252/368 395/249/369
f 395/249/369 397/250/368 394/251/367
f 398/251/370 400/252/371 399/249/370
f 399/249/370 401/250/372 398/251/370
f 402/251/373 404/252/374 403/249/373
f 403/249/373 405/250/375 402/251/373
f 406/251/376 408/252/377 407/249/376
f 407/249/376 409/250/378 406/251/376
f 410/251/379 412/252/380 411/249/379
f 411/249/379 413/250/380 410/251/379
f 414/251/381 416/252/382 415/249/381
f 415/249/381 417/250/383 414/251/381
f 418/251/367 420/252/368 419/249/369
f 419/249/369 421/250/368 418/251/367
o mesh3
v 0.000000 0.048837 -0.259533
v 0.166694 0.020003 -0.333389
v 0.166694 0.036526 -0.250041
v 0.000000 0.020003 -0.352371
v -0.142065 0.020003 -0.294985
v -0.132973 0.036526 -0.218843
v -0.223864 0.020003 -0.232252
v -0.188751 0.036526 -0.108594
v -0.211432 0.020003 -0.479735
v -0.010976 0.020003 -0.404430
v 0.163571 0.020003 -0.400761
v 0.273373 0.020003 -0.273373
v 0.339795 0.020003 -0.424927
v 0.406216 0.020003 -0.576481
v 0.216660 0.020003 -0.659590
v -0.036597 0.020003 -0.643421
v -0.363807 0.020003 -0.383932
v -0.474805 0.020003 -0.268745
v -0.264289 0.020003 -0.143818
v -0.237001 0.048837 0.000129
v -0.326676 0.020003 -0.023899
v -0.523297 0.020003 -0.097239
v -0.422770 0.020003 0.010786
v -0.673224 0.020003 -0.037275
v -0.416736 0.020003 0.166694
v -0.700468 0.020003 0.221850
v -0.659861 0.020003 0.426229
v -0.372105 0.020003 0.293632
v -0.441946 0.020003 0.644144
v -0.333389 0.020003 0.166694
v -0.250041 0.036526 0.166694
v -0.273373 0.020003 0.273373
v -0.293632 0.020003 0.372105
v -0.166694 0.020003 0.333389
v -0.166636 0.020003 0.401413
v -0.237485 0.020003 0.625240
v 0.013367 0.020003 0.520884
v 0.006683 0.020003 0.436628
v 0.000000 0.020003 0.352371
v 0.151467 0.020003 0.281296
v 0.196128 0.020003 0.439729
v 0.240789 0.020003 0.598161
v 0.306139 0.020003 0.343388
v 0.242418 0.020003 0.232612
v 0.340051 0.020003 0.258919
v 0.302434 0.020003 0.125933
v 0.453779 0.020003 0.155223
v 0.338501 0.020003 -0.002153
v 0.691182 0.020003 0.240968
v 0.671901 0.020003 0.423964
v 0.507424 0.020003 0.620996
v 0.610504 0.020003 -0.019457
v 0.475757 0.020003 0.003216
v 0.688235 0.020003 -0.241050
v 0.416736 0.020003 -0.166694
v 0.333389 0.020003 -0.166694
v 0.432463 0.020003 -0.347320
v 0.591552 0.020003 -0.421266
vn 0.9547 0.1772 0.2391
vn 0.5335 0.2843 0.7966
vn 0.2163 0.2182 0.9516
vn 0.7349 0.1215 -0.6672
vn -0.8016 0.0451 -0.5961
vn 0.8022 0.0988 -0.5889
vn -0.9543 0.0142 -0.2986
vn 0.1894 0.1694 -0.9672
vn -0.5041 0.0111 -0.8636
vn 0.5922 0.0111 0.8057
vn -0.4958 0.0111 0.8684
vn -0.7071 0.0116 -0.7070
vn 0.4870 0.0111 0.8733
vn 0.9476 0.0111 0.3194
vn 0.9064 0.0111 -0.4222
vn -0.0308 0.0111 -0.9995
vn -0.5478 0.0111 -0.8365
vn -0.9671 0.0111 -0.2542
vn 0.9548 0.2283 0.1904
vn -0.0113 -0.2106 -0.9775
vn -0.9990 -0.0447 -0.0018
vn -0.7772 0.0111 -0.6291
vn 0.9521 0.0111 -0.3056
vn -0.8728 0.0111 -0.4880
vn 0.9276 0.0111 -0.3734
vn -0.6396 0.0111 0.7686
vn 0.1949 0.0111 0.9808
vn -0.9998 0.0111 -0.0154
vn 0.9957 0.0111 -0.0921
vn -0.9758 0.0115 -0.2183
vn -0.7123 -0.0992 -0.6948
vn 0.7069 0.0180 0.7070
vn 0.2010 0.0111 -0.9795
vn 0.9930 0.0181 -0.1166
vn -0.2856 0.0111 0.9583
vn 0.2945 0.0111 -0.9556
vn 0.6585 0.0111 -0.7525
vn 0.6163 0.0111 0.7875
vn -0.9204 0.0178 -0.3905
vn -0.9854 0.0178 0.1691
vn -0.8643 0.0111 -0.5028
vn 0.9314 0.0111 -0.3638
vn 0.9500 0.0111 0.3120
vn -0.7129 0.0177 0.7010
vn 0.1400 0.0111 0.9901
vn -0.0274 0.0183 0.9995
vn -0.2351 0.0111 0.9719
vn 0.4759 0.0177 0.8793
vn -0.5564 0.0111 0.8309
vn -0.9998 0.0111 -0.0153
vn -0.0043 0.0111 -0.9999
vn -0.7327 0.0111 0.6805
vn -0.7233 0.0111 -0.6905
vn -0.5893 0.0111 0.8078
vn -0.9831 0.0111 -0.1828
vn 0.1811 0.0241 -0.9832
vn 0.9059 0.0111 0.4233
vn 0.5487 0.0111 0.8360
vt 0.463900 -0.208000
vt 0.660200 -0.222700
vt 0.656200 -0.132800
vt 0.464800 -0.107400
vt 0.299800 -0.170900
vt 0.304700 -0.254900
vt 0.201200 -0.242200
vt 0.229500 -0.379900
vt 0.229500 0.033200
vt 0.455100 -0.052700
vt 0.652300 -0.059600
vt 0.780300 -0.203100
vt 0.851600 -0.035200
vt 0.924800 0.131800
vt 0.710900 0.226600
vt 0.427700 0.211900
vt 0.050800 -0.072300
vt -0.079100 -0.205100
vt 0.150400 -0.345700
vt 0.178700 -0.511700
vt 0.082000 -0.486300
vt -0.134800 -0.404300
vt -0.019500 -0.528300
vt -0.295900 -0.478500
vt -0.008800 -0.706100
vt -0.322300 -0.766600
vt -0.273400 -0.995100
vt 0.044900 -0.848600
vt -0.029300 -1.238300
vt 0.083000 -0.705100
vt 0.176800 -0.707000
vt 0.155300 -0.827100
vt 0.134800 -0.937500
vt 0.278300 -0.898400
vt 0.279300 -0.972700
vt 0.201200 -1.220700
vt 0.483400 -1.106400
vt 0.475600 -1.014600
vt 0.468800 -0.923800
vt 0.643600 -0.845700
vt 0.690400 -1.017600
vt 0.739300 -1.192400
vt 0.816400 -0.909200
vt 0.749000 -0.788100
vt 0.856400 -0.813500
vt 0.818400 -0.664100
vt 0.983400 -0.695300
vt 0.860400 -0.515600
vt 1.246100 -0.789100
vt 1.222700 -0.996100
vt 1.038100 -1.216800
vt 1.157200 -0.496100
vt 1.008800 -0.521500
vt 1.242200 -0.246100
vt 0.941400 -0.328100
vt 0.850600 -0.327100
vt 0.957000 -0.124000
vt 1.132800 -0.043000
s 1
usemtl AM_A_1000_3
f 422/262/384 424/263/385 423/264/386
f 423/264/386 425/265/387 422/262/384
f 426/266/388 422/262/384 425/265/387
f 427/267/389 422/262/384 426/266/388
f 426/266/388 428/268/390 427/267/389
f 429/269/391 427/267/389 428/268/390
f 430/270/392 428/268/390 426/266/388
f 426/266/388 425/265/387 430/270/392
f 431/271/393 430/270/392 425/265/387
f 425/265/387 432/272/394 431/271/393
f 432/272/394 425/265/387 423/264/386
f 423/264/386 433/273/395 432/272/394
f 434/274/396 432/272/394 433/273/395
f 432/272/394 434/274/396 435/275/397
f 435/275/397 436/276/398 432/272/394
f 431/271/393 432/272/394 436/276/398
f 436/276/398 437/277/399 431/271/393
f 430/270/392 431/271/393 437/277/399
f 428/268/390 430/270/392 438/278/400
f 438/278/400 439/279/401 428/268/390
f 440/280/402 428/268/390 439/279/401
f 429/269/391 428/268/390 440/280/402
f 440/280/402 441/281/403 429/269/391
f 442/282/404 441/281/403 440/280/402
f 440/280/402 443/283/405 442/282/404
f 439/279/401 443/283/405 440/280/402
f 444/284/406 442/282/404 443/283/405
f 443/283/405 445/285/407 444/284/406
f 446/286/408 442/282/404 444/284/406
f 444/284/406 445/285/407 446/286/408
f 447/287/409 446/286/408 445/285/407
f 446/286/408 447/287/409 448/288/410
f 448/288/410 449/289/411 446/286/408
f 450/290/412 449/289/411 448/288/410
f 446/286/408 449/289/411 451/291/413
f 451/291/413 442/282/404 446/286/408
f 441/281/403 442/282/404 451/291/413
f 451/291/413 452/292/414 441/281/403
f 453/293/415 451/291/413 449/289/411
f 449/289/411 454/294/416 453/293/415
f 450/290/412 454/294/416 449/289/411
f 455/295/417 453/293/415 454/294/416
f 454/294/416 450/290/412 456/296/418
f 456/296/418 455/295/417 454/294/416
f 456/296/418 450/290/412 457/297/419
f 457/297/419 458/298/420 456/296/418
f 459/299/421 456/296/418 458/298/420
f 456/296/418 459/299/421 460/300/422
f 460/300/422 455/295/417 456/296/418
f 461/301/423 460/300/422 459/299/421
f 459/299/421 462/302/424 461/301/423
f 462/302/424 459/299/421 458/298/420
f 458/298/420 463/303/425 462/302/424
f 464/304/426 462/302/424 463/303/425
f 461/301/423 462/302/424 464/304/426
f 464/304/426 465/305/427 461/301/423
f 465/305/427 464/304/426 466/306/428
f 466/306/428 467/307/429 465/305/427
f 467/307/429 466/306/428 468/308/430
f 468/308/430 469/309/431 467/307/429
f 470/310/432 468/308/430 466/306/428
f 466/306/428 471/311/433 470/310/432
f 471/311/433 466/306/428 464/304/426
f 464/304/426 472/312/434 471/311/433
f 463/303/425 472/312/434 464/304/426
f 468/308/430 470/310/432 473/313/435
f 473/313/435 474/314/436 468/308/430
f 469/309/431 468/308/430 474/314/436
f 474/314/436 473/313/435 475/315/437
f 475/315/437 476/316/438 474/314/436
f 469/309/431 474/314/436 476/316/438
f 476/316/438 477/317/439 469/309/431
f 433/273/395 477/317/439 476/316/438
f 476/316/438 478/318/440 433/273/395
f 434/274/396 433/273/395 478/318/440
f 478/318/440 435/275/397 434/274/396
f 479/319/441 435/275/397 478/318/440
f 478/318/440 476/316/438 479/319/441
f 475/315/437 479/319/441 476/316/438
o mesh4
v -0.061844 0.221754 0.025995
v -0.074762 0.241173 0.049829
v -0.082325 0.217909 0.044440
v -0.043755 0.223013 0.038986
v -0.054147 0.220930 0.056680
v -0.082325 0.217909 0.044440
v -0.117505 0.208062 0.116346
v -0.131855 0.212719 0.104706
v -0.114569 0.235728 0.093513
v -0.074495 0.219990 0.092902
v -0.052153 0.196883 0.094709
v -0.114569 0.235728 0.093513
v -0.068129 0.205657 0.068624
v -0.068129 0.205657 0.068624
v -0.079736 0.189880 0.071911
v -0.313617 0.042558 -0.129669
v -0.316073 0.049490 -0.147248
v -0.298875 0.073911 -0.139417
v -0.268426 0.057970 -0.113482
v -0.251220 0.034601 -0.099544
v -0.298875 0.073911 -0.139417
v -0.245173 0.048263 -0.127640
v -0.245173 0.048263 -0.127640
v -0.253711 0.032323 -0.135851
v 0.222238 0.042558 -0.182868
v 0.219782 0.049490 -0.200447
v 0.236980 0.073911 -0.192616
v 0.267429 0.057970 -0.166681
v 0.284634 0.034601 -0.152743
v 0.236980 0.073911 -0.192616
v 0.290682 0.048263 -0.180839
v 0.290682 0.048263 -0.180839
v 0.282143 0.032323 -0.189050
v -0.157668 0.056793 0.410380
v -0.223360 0.041416 0.366692
v -0.208727 0.021861 0.388329
v -0.168650 0.066833 0.398477
v -0.233015 0.047647 0.379682
v -0.208727 0.021861 0.388329
v -0.223681 0.025755 0.400806
v -0.216451 0.053101 0.406743
v -0.223681 0.025755 0.400806
v -0.180877 0.056606 0.430746
v -0.157668 0.056793 0.410380
v -0.180877 0.056606 0.430746
v 0.085482 0.042558 0.296517
v 0.083026 0.049490 0.278938
v 0.100224 0.073912 0.286769
v 0.130673 0.057970 0.312704
v 0.147879 0.034601 0.326642
v 0.100224 0.073912 0.286769
v 0.153926 0.048264 0.298546
v 0.153926 0.048264 0.298546
v 0.145388 0.032323 0.290335
v -0.133003 0.042719 0.384456
v -0.140306 0.030230 0.382540
v -0.151298 0.041477 0.371755
v -0.119664 0.054363 0.356198
v -0.151298 0.041477 0.371755
v -0.113173 0.032987 0.367529
v -0.141434 0.034197 0.355168
v -0.113173 0.032987 0.367529
v 0.033466 0.042952 0.378526
v 0.005764 0.047044 0.365669
v 0.016123 0.033171 0.363900
v 0.020332 0.058109 0.382590
v 0.011584 0.038793 0.402298
v 0.001279 0.044476 0.404851
v -0.001593 0.047057 0.383748
v -0.009301 0.022472 0.393425
v -0.251390 0.064517 0.096333
v -0.212672 0.097709 0.060400
v -0.202154 0.081691 0.068551
v -0.260414 0.077653 0.090288
v -0.212969 0.083642 0.053502
v -0.255736 0.066088 0.081633
v -0.295624 0.052608 0.110736
v -0.290799 0.065648 0.119639
v -0.283976 0.054847 0.123037
v -0.309960 0.049066 0.133131
v -0.027322 0.243502 -0.005281
v 0.019816 0.208767 0.024873
v -0.021684 0.226770 -0.013235
v 0.009124 0.229224 0.026787
v 0.022566 0.215457 -0.015437
v 0.053275 0.200666 -0.022971
v 0.043786 0.209690 -0.007935
v -0.033316 0.208634 -0.050229
v -0.028613 0.199245 -0.051930
v 0.040462 0.183488 -0.082820
v -0.085517 0.182013 -0.058696
v -0.086357 0.165845 -0.066026
v -0.085515 0.157504 -0.081109
v -0.097053 0.161652 -0.086237
v -0.091859 0.152949 -0.091324
v -0.088445 0.182972 -0.087680
v -0.088643 0.191591 -0.068285
v -0.029493 0.182161 -0.110371
v 0.000367 0.178117 -0.122997
v 0.008664 0.168252 -0.130660
v -0.017386 0.156607 -0.147505
v -0.017694 0.178742 -0.123964
v -0.040983 0.153397 -0.129074
v -0.063002 0.161797 -0.095423
v -0.071792 0.179239 -0.095697
v -0.076456 0.144087 -0.096301
v -0.094607 0.134586 -0.087975
v -0.096611 0.141227 -0.084944
v -0.088995 0.129912 -0.083051
v -0.102758 0.129164 -0.071205
v -0.122944 0.157070 -0.104089
v -0.132043 0.165737 -0.100590
v -0.121531 0.191361 -0.101988
v 0.173678 0.110908 0.138701
v 0.199348 0.070970 0.177468
v 0.189097 0.102429 0.187667
v 0.192607 0.058021 0.169273
v 0.175450 0.056030 0.152587
v 0.150589 0.112800 0.116850
v 0.075132 0.221292 0.023745
v 0.096536 0.212613 0.045840
v 0.053551 0.228863 0.004091
v 0.049443 0.274569 -0.000063
v 0.037957 0.251891 -0.020310
v 0.025792 0.286888 -0.023334
v 0.019904 0.295377 -0.010602
v 0.017561 0.254066 -0.038836
v 0.005789 0.272265 -0.036096
v 0.363003 0.037213 -0.034912
v 0.372440 0.051633 -0.041599
v 0.345417 0.041982 -0.073175
v 0.373449 0.042532 -0.015300
v 0.362160 0.066003 -0.032079
v 0.345417 0.041982 -0.073175
v 0.332653 0.051175 -0.058140
v 0.332206 0.039119 -0.059110
v 0.340001 0.044688 -0.028706
v 0.341081 0.061033 -0.027714
v 0.344411 0.045671 -0.013527
v 0.359523 0.034450 -0.013268
v 0.373449 0.042532 -0.015300
v 0.372440 0.051633 -0.041599
v 0.184981 0.058060 -0.355004
v 0.205596 0.037817 -0.348153
v 0.177418 0.034796 -0.360393
v 0.215988 0.039900 -0.365847
v 0.197899 0.038641 -0.378838
v 0.177418 0.034796 -0.360393
v -0.014714 0.056793 -0.277577
v -0.080406 0.041416 -0.321265
v -0.065773 0.021861 -0.299628
v -0.025696 0.066833 -0.289480
v -0.090061 0.047647 -0.308274
v -0.065773 0.021861 -0.299628
v -0.080727 0.025755 -0.287151
v -0.073497 0.053101 -0.281214
v -0.080727 0.025755 -0.287151
v -0.037923 0.056606 -0.257210
v -0.014714 0.056793 -0.277577
v -0.037923 0.056606 -0.257210
v 0.261314 0.053807 -0.087581
v 0.212711 0.091343 -0.076592
v 0.205603 0.072165 -0.080506
v 0.267701 0.069373 -0.084852
v 0.211812 0.080684 -0.065141
v 0.261421 0.060922 -0.073912
v 0.308327 0.044194 -0.085735
v 0.305469 0.052561 -0.099679
v 0.300364 0.040387 -0.100368
v 0.328364 0.035309 -0.101200
v 0.359552 0.035815 -0.303098
v 0.306196 0.048676 -0.329191
v 0.311455 0.036755 -0.335400
v 0.355958 0.045780 -0.297950
v 0.302943 0.036393 -0.321841
v 0.348605 0.034409 -0.294515
v 0.393124 0.035404 -0.271059
v 0.396311 0.046750 -0.282342
v 0.398183 0.038294 -0.285503
v 0.419082 0.039340 -0.267703
v -0.294188 0.065168 -0.020101
v -0.304954 0.064963 -0.034699
v -0.285438 0.061559 -0.027191
v -0.317949 0.054594 -0.010694
v -0.285438 0.061559 -0.027191
v -0.304954 0.064963 -0.034699
v -0.301948 0.059101 -0.049333
v -0.319096 0.055209 -0.049250
v -0.322146 0.048389 -0.034537
v -0.301948 0.059101 -0.049333
v -0.345390 0.068373 0.275177
v -0.327382 0.065659 0.297639
v -0.350976 0.036823 0.275182
v -0.299946 0.079720 0.234791
v -0.310640 0.057059 0.226647
v -0.348312 0.034454 0.258418
v -0.350976 0.036823 0.275182
v -0.333505 0.012533 0.287229
v -0.323565 0.013515 0.255695
v -0.295467 0.045532 0.234341
v -0.231733 0.078848 0.160522
v -0.236756 0.106819 0.148138
v -0.105982 0.170353 0.031665
v -0.085275 0.163205 0.038218
v -0.092666 0.197074 0.037100
v -0.249427 0.099953 0.186947
v -0.303825 0.052761 0.272034
v -0.231011 0.089784 0.176177
v -0.080173 0.172685 0.045399
v -0.085275 0.163205 0.038218
v -0.231733 0.078848 0.160522
v -0.295467 0.045532 0.234341
v -0.305768 0.015636 0.280114
v -0.323565 0.013515 0.255695
v -0.333505 0.012533 0.287229
v -0.350976 0.036823 0.275182
v -0.163309 0.114435 -0.065117
v -0.085812 0.190960 -0.052890
v -0.156794 0.112218 -0.080807
v -0.085569 0.198965 -0.045651
v -0.009551 0.227062 0.041566
v 0.045451 0.201278 0.033399
v 0.019726 0.242902 0.051088
v -0.016674 0.212113 0.044031
v -0.008057 0.190088 0.048200
v 0.209303 0.110522 0.028225
v 0.188197 0.134360 0.025415
v 0.272440 0.101736 0.026887
v 0.297918 0.077402 0.030262
v 0.264098 0.078585 0.042175
v 0.304357 0.087812 0.041172
v 0.264098 0.078585 0.042175
v 0.295187 0.051768 0.040856
v 0.050831 0.194686 0.059885
v 0.209303 0.110522 0.028225
v 0.045451 0.201278 0.033399
v 0.264098 0.078585 0.042175
v 0.214359 0.113583 0.040496
v 0.272440 0.101736 0.026887
v 0.293385 0.072151 0.053009
v 0.295187 0.051768 0.040856
v 0.304357 0.087812 0.041172
v 0.304357 0.087812 0.041172
v 0.297918 0.077402 0.030262
v 0.188197 0.134360 0.025415
v 0.045451 0.201278 0.033399
v 0.051470 0.217211 0.046933
v 0.019726 0.242902 0.051088
v 0.011030 0.208447 0.073049
v 0.045451 0.201278 0.033399
v 0.002609 0.230109 0.068602
v -0.008057 0.190088 0.048200
v -0.016674 0.212113 0.044031
v 0.002609 0.230109 0.068602
v -0.009551 0.227062 0.041566
v 0.019726 0.242902 0.051088
v -0.129585 0.227886 0.016656
v -0.113739 0.176429 0.006061
v -0.100420 0.216267 -0.003259
v -0.134851 0.189684 0.020898
v -0.156196 0.203054 0.063813
v -0.145486 0.229982 0.055719
v -0.148797 0.207058 0.095401
v -0.159254 0.187949 0.099279
v -0.127423 0.198621 0.141491
v -0.134301 0.181558 0.146530
v -0.133689 0.162189 0.143183
v -0.145995 0.161885 0.097255
v -0.138366 0.161034 0.051313
v -0.113060 0.139785 0.114220
v -0.104960 0.148462 0.160769
v -0.096077 0.140406 0.151398
v -0.085479 0.132204 0.111945
v -0.039078 0.191829 0.193815
v -0.021051 0.187936 0.200303
v -0.024016 0.185828 0.201598
v -0.028563 0.201651 0.191082
v -0.060093 0.200201 0.192083
v -0.006599 0.213322 0.190844
v -0.001996 0.185814 0.194377
v -0.051782 0.215308 0.192741
v -0.086319 0.210649 0.188985
v -0.081627 0.224400 0.184611
v -0.044157 0.215896 0.159390
v -0.026819 0.190044 0.141289
v -0.091169 0.180729 0.162663
v -0.105248 0.234705 0.174733
v -0.116288 0.222589 0.180077
v -0.127423 0.198621 0.141491
v -0.114681 0.203421 0.137455
v 0.017375 0.189170 0.182493
v 0.010576 0.180824 0.190717
v 0.014993 0.175940 0.192410
v 0.020561 0.168069 0.187422
v 0.013669 0.170815 0.193180
v 0.030191 0.183822 0.180149
v 0.045463 0.176392 0.177599
v 0.041311 0.159803 0.181041
v 0.028162 0.196724 0.159773
v 0.043037 0.189768 0.157048
v 0.036378 0.197257 0.135686
v 0.024494 0.201602 0.135448
v 0.010451 0.211664 0.134563
v 0.004106 0.210163 0.112193
v 0.005279 0.222712 0.140999
v 0.006646 0.242980 0.120062
v 0.002646 0.223236 0.151587
v 0.012775 0.208313 0.151244
v 0.020433 0.202465 0.172284
v 0.006736 0.221887 0.166708
v -0.003059 0.154232 -0.144257
v -0.026802 0.163827 -0.127979
v -0.012806 0.156476 -0.148172
v -0.008998 0.166632 -0.127020
v -0.003091 0.180200 -0.098031
v 0.005159 0.173633 -0.109273
v 0.024495 0.174623 -0.105818
v 0.026716 0.183236 -0.093023
v 0.050807 0.175297 -0.111623
v 0.061131 0.177752 -0.100468
v 0.099313 0.177053 -0.054039
v 0.045593 0.157947 -0.016357
v 0.045958 0.169847 -0.028089
v 0.106097 0.171410 -0.044802
v -0.007334 0.159948 -0.084168
v -0.000952 0.159654 -0.054628
v -0.018850 0.153999 -0.077323
v 0.009754 0.165907 -0.067836
v 0.036986 0.166622 -0.046928
v 0.042359 0.174711 -0.061048
v 0.083656 0.178182 -0.074328
v 0.089235 0.175835 -0.065992
v 0.007696 0.132391 -0.136769
v -0.013056 0.153195 -0.118496
v -0.013830 0.143206 -0.112543
v 0.003582 0.144537 -0.140977
v 0.168308 0.133685 -0.067447
v 0.121816 0.158091 -0.005154
v 0.161889 0.142374 -0.074967
v 0.127283 0.149927 0.003576
v 0.154056 0.145861 -0.081452
v 0.112468 0.169448 -0.028936
v 0.142579 0.152624 -0.089983
v 0.118025 0.161900 -0.017901
v 0.136471 0.141259 0.019356
v 0.174918 0.136188 -0.015384
v 0.143133 0.130055 0.026807
v 0.170509 0.140275 -0.028790
v 0.183589 0.130700 -0.031826
v 0.176384 0.127570 -0.068217
v 0.183885 0.123940 -0.064769
v 0.187631 0.126795 -0.022984
v 0.186036 0.129015 -0.014639
v 0.191020 0.122269 -0.019343
v 0.188739 0.124967 -0.003574
v 0.206544 0.094927 -0.001583
v 0.187302 0.123216 -0.052385
v 0.199645 0.107606 -0.051748
v 0.193810 0.114510 0.005261
v 0.185857 0.124560 0.009616
v 0.188721 0.114853 0.016523
v 0.261762 0.057607 0.052513
v 0.251187 0.038270 0.073734
v 0.261732 0.051648 0.076274
v 0.251246 0.044945 0.050895
v 0.255233 0.048098 0.038890
v 0.265120 0.059815 0.040489
v 0.220470 0.037494 0.054228
v 0.223231 0.032218 0.074437
v 0.221224 0.041227 0.042683
v -0.070512 0.157951 0.187453
v -0.067595 0.146886 0.170023
v -0.067681 0.147485 0.182895
v -0.067308 0.170153 0.192011
v -0.063074 0.144650 0.140417
v -0.053582 0.179939 0.196826
v -0.042284 0.165242 0.157094
v -0.028109 0.138904 0.140999
v -0.038198 0.177466 0.191082
v -0.039801 0.142867 0.168314
v -0.030276 0.153890 0.190844
v -0.040232 0.140692 0.187879
v -0.067595 0.146886 0.170023
v -0.052300 0.140135 0.179817
v -0.067681 0.147485 0.182895
v -0.052337 0.141919 0.169658
v -0.040232 0.140692 0.187879
v -0.039801 0.142867 0.168314
v -0.066509 0.138331 0.170658
v -0.053790 0.131426 0.166435
v -0.077918 0.141884 0.167060
v -0.066509 0.138331 0.170658
v -0.080955 0.141624 0.168436
v 0.204922 0.092620 -0.180043
v 0.162292 0.063813 -0.224503
v 0.167034 0.051401 -0.222478
v 0.196891 0.102677 -0.182708
v 0.227616 0.067697 -0.172997
v 0.180236 0.037154 -0.215563
v 0.187714 0.025982 -0.213468
v 0.220200 0.079458 -0.178666
v 0.127740 0.145643 -0.178587
v 0.109912 0.112794 -0.219400
v 0.136795 0.140731 -0.178471
v 0.106096 0.127666 -0.211787
v 0.064130 0.116485 -0.224810
v 0.061515 0.104114 -0.234875
v 0.025012 0.114536 -0.204405
v 0.023690 0.126072 -0.205401
v 0.022217 0.121673 -0.171111
v 0.018979 0.133172 -0.177390
v 0.250472 0.069274 -0.129520
v 0.239809 0.056346 -0.170471
v 0.244727 0.044549 -0.165463
v 0.245841 0.080285 -0.132249
v 0.246602 0.075543 -0.119593
v 0.239260 0.087677 -0.123057
v 0.247183 0.064931 -0.097694
v 0.229895 0.093576 -0.111282
v 0.230819 0.095960 -0.120552
v 0.205519 0.109769 -0.095469
v 0.211597 0.098783 -0.080016
v 0.195003 0.115734 -0.091062
v 0.201194 0.099658 -0.066650
v 0.203120 0.086736 -0.061803
v 0.182951 0.128387 -0.083330
v 0.188070 0.118945 -0.095853
v 0.218018 0.105288 -0.113249
v 0.184031 0.122080 -0.104633
v 0.212593 0.109211 -0.128322
v 0.223806 0.100104 -0.131005
v 0.225979 0.098490 -0.113676
v 0.220200 0.079458 -0.178666
v 0.227616 0.067697 -0.172997
v 0.170428 0.136713 -0.107054
v 0.149826 0.149735 -0.115517
v 0.131985 0.158911 -0.114406
v 0.154494 0.143829 -0.118163
v 0.136513 0.152867 -0.131139
v 0.146855 0.147535 -0.123659
v 0.162058 0.130104 -0.177151
v 0.152221 0.138001 -0.179167
v 0.126439 0.155924 -0.133442
v 0.117348 0.159617 -0.137027
v 0.136795 0.140731 -0.178471
v 0.127740 0.145643 -0.178587
v 0.101102 0.164006 -0.150676
v 0.070253 0.174650 -0.145420
v 0.079277 0.170921 -0.159565
v 0.094116 0.153406 -0.178477
v 0.078785 0.154646 -0.177791
v 0.167010 0.136299 -0.112089
v 0.176224 0.131792 -0.108870
v 0.204922 0.092620 -0.180043
v 0.196891 0.102677 -0.182708
v 0.186503 0.111355 -0.179853
v 0.176752 0.122000 -0.180968
v 0.258326 0.067810 0.081152
v 0.261762 0.057607 0.052513
v 0.261732 0.051648 0.076274
v 0.257973 0.072784 0.057885
v 0.233253 0.090391 0.067511
v 0.235812 0.084284 0.087511
v 0.261486 0.073971 0.045388
v 0.265120 0.059815 0.040489
v 0.233569 0.092312 0.055511
v 0.209979 0.104868 0.077282
v 0.212108 0.102529 0.062543
v 0.199801 0.106843 0.060492
v 0.191396 0.112030 0.064544
v 0.190629 0.107837 0.095090
v 0.186474 0.115191 0.071300
v 0.183725 0.115098 0.095288
v 0.198272 0.104810 0.114680
v 0.189310 0.111482 0.126526
v 0.209154 0.101850 0.094892
v 0.207528 0.098466 0.133105
v 0.221026 0.094932 0.082626
v 0.221316 0.093767 0.090850
v -0.082696 0.254350 0.006061
v -0.129585 0.227886 0.016656
v -0.100420 0.216267 -0.003259
v -0.107139 0.259243 0.020898
v -0.088263 0.268975 0.026156
v -0.048113 0.263784 0.021733
v -0.134515 0.234835 0.054922
v -0.145486 0.229982 0.055719
v -0.148797 0.207058 0.095401
v -0.128088 0.209261 0.090589
v -0.127423 0.198621 0.141491
v -0.114681 0.203421 0.137455
v -0.091169 0.180729 0.162663
v -0.098235 0.214706 0.094225
v -0.097865 0.228296 0.012818
v -0.050679 0.224261 0.009928
v -0.005912 0.211826 0.090875
v -0.026819 0.190044 0.141289
v -0.003216 0.255483 0.111371
v -0.024058 0.242584 0.140417
v -0.017385 0.253850 0.047929
v -0.041295 0.238822 0.002124
v -0.082696 0.254350 0.006061
v -0.057992 0.199364 -0.007689
v -0.100420 0.216267 -0.003259
v -0.005221 0.247643 0.048884
v -0.005788 0.218731 0.020566
v 0.011731 0.225966 0.054021
v 0.006063 0.246962 0.102993
v 0.006646 0.242980 0.120062
v 0.005279 0.222712 0.140999
v 0.004106 0.210163 0.112193
v 0.012735 0.224733 0.086788
v 0.011375 0.209911 0.083998
v 0.023732 0.210673 0.076711
v 0.024042 0.210124 0.062463
v -0.114569 0.235728 0.093513
v -0.079736 0.189880 0.071911
v -0.068129 0.205657 0.068624
v -0.135242 0.220466 0.091969
v -0.131855 0.212719 0.104706
v 0.085964 0.235376 -0.059647
v -0.016693 0.140156 -0.205199
v 0.103403 0.221293 -0.055139
v -0.029698 0.158284 -0.183678
v 0.081485 0.230779 -0.029989
v -0.092998 0.100452 -0.265819
v -0.078228 0.086323 -0.267942
v -0.092782 0.069889 -0.310234
v -0.123563 0.079131 -0.305198
v -0.111839 0.043648 -0.316749
v -0.133028 0.064847 -0.304832
v -0.143962 0.068673 -0.274958
v -0.098579 0.093464 -0.241035
v -0.050745 0.125123 -0.196760
v -0.027236 0.127333 -0.195734
v 0.100170 0.214660 -0.044508
v 0.103403 0.221293 -0.055139
v -0.016693 0.140156 -0.205199
v -0.078228 0.086323 -0.267942
v -0.102309 0.055315 -0.266718
v -0.136703 0.041480 -0.268322
v -0.133028 0.064847 -0.304832
v -0.088767 0.041810 -0.299605
v -0.111839 0.043648 -0.316749
v -0.133028 0.064847 -0.304832
v -0.092782 0.069889 -0.310234
v -0.219122 0.053920 -0.147298
v -0.201025 0.029295 -0.143360
v -0.196182 0.045997 -0.142676
v -0.225291 0.034477 -0.145669
v -0.226008 0.042074 -0.117744
v -0.226993 0.030809 -0.113605
v -0.211489 0.048855 -0.116762
v -0.196182 0.045997 -0.142676
v -0.201025 0.029295 -0.143360
v -0.202403 0.036209 -0.103971
v -0.211489 0.048855 -0.116762
v -0.202403 0.036209 -0.103971
v -0.298875 0.073911 -0.139417
v -0.253711 0.032323 -0.135851
v -0.245173 0.048263 -0.127640
v -0.310443 0.059500 -0.157339
v -0.316073 0.049490 -0.147248
v 0.316733 0.053920 -0.200498
v 0.334830 0.029295 -0.196559
v 0.339673 0.045997 -0.195875
v 0.310564 0.034477 -0.198868
v 0.309847 0.042074 -0.170943
v 0.308861 0.030809 -0.166804
v 0.324365 0.048855 -0.169961
v 0.339673 0.045997 -0.195875
v 0.334830 0.029295 -0.196559
v 0.333452 0.036209 -0.157171
v 0.324365 0.048855 -0.169961
v 0.333452 0.036209 -0.157171
v 0.236980 0.073911 -0.192616
v 0.282143 0.032323 -0.189050
v 0.290682 0.048263 -0.180839
v 0.225412 0.059500 -0.210538
v 0.219782 0.049490 -0.200447
v 0.179977 0.053920 0.278888
v 0.198074 0.029295 0.282826
v 0.202917 0.045997 0.283510
v 0.173808 0.034477 0.280517
v 0.173091 0.042074 0.308442
v 0.172106 0.030809 0.312580
v 0.187610 0.048855 0.309424
v 0.202917 0.045997 0.283510
v 0.198074 0.029295 0.282826
v 0.196696 0.036209 0.322214
v 0.187610 0.048855 0.309424
v 0.196696 0.036209 0.322214
v -0.078529 0.093454 0.244208
v -0.093264 0.082836 0.239286
v -0.095268 0.095043 0.235664
v -0.087856 0.085191 0.247506
v 0.008587 0.096405 0.228833
v 0.003054 0.088938 0.231809
v -0.095268 0.095043 0.235664
v -0.078529 0.093454 0.244208
v 0.004320 0.096912 0.236067
v 0.117880 0.100485 0.221766
v 0.115370 0.103784 0.205143
v 0.115370 0.103784 0.205143
v 0.143762 0.090076 0.202816
v 0.157986 0.108317 0.202936
v 0.164999 0.102030 0.210812
v 0.140549 0.112691 0.215353
v 0.157986 0.108317 0.202936
v 0.136995 0.104342 0.232428
v 0.129109 0.091360 0.228526
v 0.145625 0.093932 0.214871
v 0.164999 0.102030 0.210812
v 0.129109 0.091360 0.228526
v -0.087856 0.085191 0.247506
v 0.003054 0.088938 0.231809
v -0.093264 0.082836 0.239286
v 0.002675 0.091835 0.236623
v -0.078529 0.093454 0.244208
v 0.004320 0.096912 0.236067
v 0.117880 0.100485 0.221766
v 0.125224 0.086003 0.215688
v 0.143762 0.090076 0.202816
v 0.145625 0.093932 0.214871
v 0.164999 0.102030 0.210812
v 0.129109 0.091360 0.228526
v -0.127895 0.225059 -0.000885
v -0.110193 0.230510 -0.004205
v -0.117341 0.240690 -0.000823
v -0.117735 0.225575 -0.008801
v -0.170615 0.169104 0.052765
v -0.162955 0.167495 0.046938
v -0.117341 0.240690 -0.000823
v -0.127895 0.225059 -0.000885
v -0.171292 0.170261 0.044459
v -0.228774 0.095387 0.109288
v -0.224204 0.104356 0.123151
v -0.224204 0.104356 0.123151
v -0.227687 0.076128 0.136951
v -0.249355 0.077282 0.144968
v -0.250918 0.065901 0.140637
v -0.247918 0.088716 0.126405
v -0.249355 0.077282 0.144968
v -0.245541 0.080804 0.108923
v -0.229963 0.079549 0.107617
v -0.235870 0.073498 0.127474
v -0.250918 0.065901 0.140637
v -0.229963 0.079549 0.107617
v -0.117735 0.225575 -0.008801
v -0.162955 0.167495 0.046938
v -0.110193 0.230510 -0.004205
v -0.166684 0.168098 0.042762
v -0.127895 0.225059 -0.000885
v -0.171292 0.170261 0.044459
v -0.228774 0.095387 0.109288
v -0.219280 0.082933 0.116728
v -0.227687 0.076128 0.136951
v -0.235870 0.073498 0.127474
v -0.250918 0.065901 0.140637
v -0.229963 0.079549 0.107617
v 0.100224 0.073912 0.286769
v 0.145388 0.032323 0.290335
v 0.153926 0.048264 0.298546
v 0.088656 0.059500 0.268847
v 0.083026 0.049490 0.278938
v -0.318332 0.060240 0.053824
v -0.278367 0.041831 0.078526
v -0.318032 0.042299 0.062813
v -0.277329 0.056439 0.062432
v -0.272589 0.045516 0.060261
v -0.294329 0.049799 0.037346
v -0.301010 0.064395 0.040756
v -0.305029 0.050087 0.025672
v -0.314109 0.033842 0.028493
v -0.327497 0.035550 0.037507
v -0.318032 0.042299 0.062813
v 0.040166 0.245246 -0.069704
v 0.045241 0.234897 -0.007618
v 0.044324 0.256485 -0.063187
v 0.047586 0.223749 -0.010269
v 0.019816 0.208767 0.024873
v 0.009124 0.229224 0.026787
v -0.073414 0.250839 -0.032123
v -0.067836 0.229667 -0.038619
v -0.108461 0.240002 -0.024305
v -0.041269 0.173772 -0.087884
v -0.137196 0.218661 -0.022036
v -0.151315 0.188625 -0.049703
v -0.154805 0.165317 -0.075066
v -0.112254 0.130712 -0.118337
v -0.047837 0.122244 -0.142868
v -0.036470 0.156490 -0.108522
v -0.029493 0.182161 -0.110371
v -0.006867 0.189562 -0.123351
v 0.000367 0.178117 -0.122997
v -0.060492 0.193280 -0.120381
v -0.017694 0.178742 -0.123964
v 0.000367 0.178117 -0.122997
v -0.071792 0.179239 -0.095697
v -0.081252 0.188947 -0.114027
v -0.083727 0.187294 -0.101630
v -0.108304 0.175335 -0.110434
v -0.121531 0.191361 -0.101988
v -0.106551 0.201038 -0.103158
v -0.132043 0.165737 -0.100590
v -0.122944 0.157070 -0.104089
v -0.081541 0.192034 -0.100536
v -0.088445 0.182972 -0.087680
v -0.071792 0.179239 -0.095697
v -0.083727 0.187294 -0.101630
v -0.108304 0.175335 -0.110434
v -0.122944 0.157070 -0.104089
v -0.121531 0.191361 -0.101988
v 0.014536 0.303353 -0.056277
v 0.015568 0.284565 -0.056477
v 0.007425 0.298686 -0.065963
v 0.012985 0.295476 -0.050119
v 0.077874 0.222099 -0.063574
v 0.077444 0.229792 -0.057585
v 0.007425 0.298686 -0.065963
v 0.015568 0.284565 -0.056477
v 0.071531 0.222857 -0.058098
v 0.150349 0.139896 -0.062357
v 0.154125 0.144732 -0.078353
v 0.154125 0.144732 -0.078353
v 0.182140 0.132279 -0.070642
v 0.180353 0.110773 -0.078972
v 0.185259 0.106920 -0.068397
v 0.160694 0.117573 -0.072290
v 0.180353 0.110773 -0.078972
v 0.155800 0.120139 -0.053761
v 0.160247 0.134897 -0.050864
v 0.175636 0.125035 -0.062343
v 0.185259 0.106920 -0.068397
v 0.160247 0.134897 -0.050864
v 0.077444 0.229792 -0.057585
v 0.012985 0.295476 -0.050119
v 0.014536 0.303353 -0.056277
v 0.073284 0.226936 -0.055084
v 0.015568 0.284565 -0.056477
v 0.071531 0.222857 -0.058098
v 0.150349 0.139896 -0.062357
v 0.166684 0.144777 -0.059204
v 0.182140 0.132279 -0.070642
v 0.175636 0.125035 -0.062343
v 0.185259 0.106920 -0.068397
v 0.160247 0.134897 -0.050864
v 0.199348 0.070970 0.177468
v 0.174981 0.079181 0.192532
v 0.189097 0.102429 0.187667
v 0.192607 0.058021 0.169273
v 0.157849 0.077125 0.176338
v 0.175450 0.056030 0.152587
v 0.150589 0.112800 0.116850
v 0.147446 0.109118 0.147791
v 0.053551 0.228863 0.004091
v 0.189097 0.102429 0.187667
v 0.174981 0.079181 0.192532
v 0.168551 0.120921 0.157321
v 0.173678 0.110908 0.138701
v 0.065057 0.225296 0.031990
v 0.096536 0.212613 0.045840
v 0.049443 0.274569 -0.000063
v 0.028912 0.255244 -0.006718
v 0.037957 0.251891 -0.020310
v 0.017561 0.254066 -0.038836
v 0.006720 0.277297 -0.012853
v 0.019904 0.295377 -0.010602
v 0.005789 0.272265 -0.036096
v 0.019904 0.295377 -0.010602
v 0.025792 0.286888 -0.023334
v 0.186312 0.066217 -0.199103
v 0.217379 0.060138 -0.226378
v 0.185098 0.063160 -0.213329
v 0.214630 0.058610 -0.216092
v 0.220882 0.064948 -0.210277
v 0.201264 0.070486 -0.198846
v 0.051783 0.053920 -0.406137
v 0.069880 0.029294 -0.402198
v 0.074723 0.045997 -0.401515
v 0.045614 0.034477 -0.404508
v 0.044897 0.042074 -0.376582
v 0.043911 0.030809 -0.372444
v 0.059415 0.048855 -0.375600
v 0.074723 0.045997 -0.401515
v 0.069880 0.029294 -0.402198
v 0.068502 0.036209 -0.362810
v 0.059415 0.048855 -0.375600
v 0.068502 0.036209 -0.362810
v 0.217016 0.080974 -0.228037
v 0.185098 0.063160 -0.213329
v 0.217379 0.060138 -0.226378
v 0.213896 0.086994 -0.216860
v 0.186312 0.066217 -0.199103
v 0.201264 0.070486 -0.198846
v 0.221512 0.082455 -0.213662
v 0.217016 0.080974 -0.228037
v 0.220882 0.064948 -0.210277
v 0.217379 0.060138 -0.226378
v 0.212711 0.091343 -0.076592
v 0.211812 0.080684 -0.065141
v 0.205603 0.072165 -0.080506
v 0.131855 0.130410 0.112823
v 0.138640 0.133170 0.100056
v 0.142019 0.140748 0.113764
v 0.252887 0.038007 0.251736
v 0.225303 0.051633 0.288255
v 0.220997 0.043908 0.283803
v 0.256615 0.044432 0.254862
v 0.228700 0.042752 0.291486
v 0.256559 0.036729 0.260701
v 0.281762 0.033147 0.230338
v 0.275538 0.041772 0.226753
v 0.272980 0.036258 0.225094
v 0.289577 0.034320 0.211543
v 0.017864 0.152039 -0.162251
v 0.019383 0.138811 -0.168453
v 0.027824 0.151733 -0.172726
v -0.119526 0.052991 -0.237872
v -0.151322 0.053369 -0.229982
v -0.110548 0.037881 -0.220312
v -0.141634 0.085936 -0.234931
v -0.166753 0.069151 -0.199244
v -0.110548 0.037881 -0.220312
v -0.143773 0.091514 -0.110296
v -0.133245 0.062676 -0.151588
v -0.127434 0.077716 -0.156868
v -0.111159 0.070662 -0.225446
v -0.134555 0.106050 0.038856
v -0.149250 0.120719 0.055659
v -0.143250 0.149515 0.156700
v -0.122797 0.160108 0.176307
v -0.145402 0.139896 0.176351
v -0.143376 0.166944 0.205238
v -0.131939 0.171714 0.201341
v -0.108384 0.161055 0.208620
v -0.113342 0.144480 0.212453
v -0.148055 0.137691 0.212551
v -0.125638 0.136540 0.224579
v -0.120102 0.129767 0.215216
v -0.125638 0.136540 0.224579
v -0.113342 0.144480 0.212453
v -0.115752 0.141549 0.179370
v -0.122797 0.160108 0.176307
v -0.108384 0.161055 0.208620
v -0.131939 0.171714 0.201341
v -0.143773 0.091514 -0.110296
v -0.141634 0.085936 -0.234931
v -0.119526 0.052991 -0.237872
v -0.110548 0.037881 -0.220312
v -0.295976 0.036048 -0.012014
v -0.251727 0.065182 -0.023481
v -0.305738 0.041173 -0.025229
v -0.266751 0.049362 -0.013774
v -0.077393 0.176925 0.008111
v -0.179193 0.118040 -0.000484
v -0.273001 0.057450 -0.016743
v -0.305738 0.041173 -0.025229
v -0.251727 0.065182 -0.023481
v -0.184021 0.125851 -0.016855
v -0.077393 0.176925 0.008111
v -0.054578 0.194874 0.019828
v -0.041527 0.205949 0.013917
v 0.059496 0.247718 0.028895
v 0.050049 0.253103 0.035299
v 0.075973 0.264129 0.046628
v 0.053966 0.246122 0.051044
v 0.058135 0.241016 0.049645
v 0.059496 0.247718 0.028895
v 0.075973 0.264129 0.046628
v -0.024260 0.265207 -0.031108
v -0.085812 0.190960 -0.052890
v -0.085569 0.198965 -0.045651
v -0.010547 0.261826 -0.040741
v -0.020540 0.269840 -0.039298
v -0.087016 0.200436 -0.050891
v -0.156794 0.112218 -0.080807
v -0.186481 0.103224 -0.086905
v -0.185176 0.080249 -0.084549
v -0.195671 0.080912 -0.078212
v -0.010547 0.261826 -0.040741
v -0.024260 0.265207 -0.031108
v -0.024260 0.265207 -0.031108
v -0.087016 0.200436 -0.050891
v -0.020540 0.269840 -0.039298
v -0.085569 0.198965 -0.045651
v -0.177295 0.119724 -0.073893
v -0.186481 0.103224 -0.086905
v -0.163309 0.114435 -0.065117
v -0.178620 0.114288 -0.060578
v -0.187164 0.100180 -0.074498
v -0.195671 0.080912 -0.078212
v -0.179470 0.123834 -0.063240
v -0.204722 0.113524 -0.064846
v -0.191961 0.099838 -0.062788
v -0.119691 0.189295 -0.031469
v -0.114405 0.186283 -0.032870
v -0.061314 0.232670 -0.022118
v -0.072828 0.234015 -0.016057
v -0.126664 0.190316 -0.020761
v -0.177689 0.116894 -0.054043
v -0.191961 0.099838 -0.062788
v -0.179470 0.123834 -0.063240
v -0.124309 0.187136 -0.018024
v -0.114405 0.186283 -0.032870
v -0.061314 0.232670 -0.022118
v -0.067472 0.234611 -0.003440
v -0.071708 0.236842 -0.006465
v -0.040248 0.264263 -0.005269
v -0.029455 0.264158 -0.020924
v -0.029863 0.249135 -0.019086
v -0.020298 0.264581 -0.017761
v -0.015987 0.271112 0.008710
v -0.023186 0.271914 0.002886
v -0.022976 0.267196 0.009546
v -0.043253 0.255883 0.002829
v -0.032187 0.253889 0.003646
v -0.029863 0.249135 -0.019086
v -0.021233 0.258993 0.005862
v -0.015987 0.271112 0.008710
v -0.020298 0.264581 -0.017761
v 0.070253 0.174650 -0.145420
v 0.086775 0.174582 -0.116791
v 0.066604 0.180275 -0.129594
v 0.131985 0.158911 -0.114406
v 0.106605 0.167546 -0.111621
v 0.114761 0.164543 -0.105824
v 0.122907 0.162910 -0.098959
v 0.142193 0.155368 -0.097466
v 0.182951 0.128387 -0.083330
v 0.134204 0.156873 -0.093741
v 0.159938 0.144456 -0.082245
v 0.142579 0.152624 -0.089983
v 0.154056 0.145861 -0.081452
v 0.168308 0.133685 -0.067447
v 0.161889 0.142374 -0.074967
v 0.176384 0.127570 -0.068217
v 0.183885 0.123940 -0.064769
v 0.201194 0.099658 -0.066650
v 0.199645 0.107606 -0.051748
v 0.187302 0.123216 -0.052385
v 0.203120 0.086736 -0.061803
v 0.099313 0.177053 -0.054039
v 0.134204 0.156873 -0.093741
v 0.106097 0.171410 -0.044802
v 0.122907 0.162910 -0.098959
v 0.032918 0.144903 0.177599
v 0.020561 0.168069 0.187422
v 0.041311 0.159803 0.181041
v 0.016720 0.150010 0.180149
v 0.006376 0.142038 0.159773
v 0.021959 0.136860 0.157048
v 0.003738 0.154940 0.182493
v -0.003184 0.143185 0.172284
v 0.011106 0.166184 0.192410
v 0.013669 0.170815 0.193180
v 0.004540 0.165675 0.190717
v -0.008018 0.170697 0.194377
v -0.030276 0.153890 0.190844
v -0.023312 0.182259 0.200303
v -0.012796 0.140889 0.182324
v -0.028954 0.129499 0.173907
v -0.040232 0.140692 0.187879
v -0.053790 0.131426 0.166435
v -0.052300 0.140135 0.179817
v -0.067681 0.147485 0.182895
v -0.066509 0.138331 0.170658
v -0.074550 0.151825 0.185001
v -0.070512 0.157951 0.187453
v -0.080955 0.141624 0.168436
v -0.068029 0.178504 0.193471
v -0.067308 0.170153 0.192011
v -0.053582 0.179939 0.196826
v -0.060093 0.200201 0.192083
v -0.037688 0.186060 0.192232
v -0.038198 0.177466 0.191082
v -0.024016 0.185828 0.201598
v -0.039078 0.191829 0.193815
v -0.086319 0.210649 0.188985
v -0.102250 0.184403 0.184611
v -0.104960 0.148462 0.160769
v -0.096077 0.140406 0.151398
v -0.133689 0.162189 0.143183
v -0.126486 0.193164 0.174733
v -0.116288 0.222589 0.180077
v -0.127423 0.198621 0.141491
v -0.134301 0.181558 0.146530
v -0.000020 0.176268 0.128863
v 0.032918 0.144903 0.177599
v 0.041311 0.159803 0.181041
v 0.021959 0.136860 0.157048
v -0.031265 0.188716 0.170437
v -0.023312 0.182259 0.200303
v -0.024016 0.185828 0.201598
v -0.012928 0.167912 0.167409
v 0.003615 0.174820 0.170533
v -0.008018 0.170697 0.194377
v 0.004540 0.165675 0.190717
v 0.011106 0.166184 0.192410
v 0.013669 0.170815 0.193180
v 0.009710 0.136877 -0.214332
v 0.014030 0.141619 -0.184673
v 0.004885 0.143419 -0.190009
v 0.023742 0.142467 -0.204450
v 0.050009 0.141006 -0.223614
v 0.047140 0.142647 -0.208559
v 0.063553 0.145794 -0.198189
v 0.075411 0.147294 -0.208188
v 0.078785 0.154646 -0.177791
v 0.094116 0.153406 -0.178477
v 0.084093 0.043417 -0.229225
v 0.146908 0.081952 -0.226498
v 0.083441 0.056007 -0.228843
v 0.154266 0.068838 -0.227583
v 0.186503 0.111355 -0.179853
v 0.176752 0.122000 -0.180968
v 0.152221 0.138001 -0.179167
v 0.134571 0.092271 -0.226791
v 0.162058 0.130104 -0.177151
v 0.129521 0.108169 -0.225717
v 0.073063 0.085819 -0.233467
v 0.073719 0.071031 -0.233509
v 0.026986 0.096867 -0.202434
v 0.028108 0.087477 -0.200421
v 0.028684 0.103925 -0.164764
v 0.025625 0.112983 -0.170408
v -0.006599 0.213322 0.190844
v -0.006678 0.219975 0.168314
v 0.006736 0.221887 0.166708
v -0.023123 0.213337 0.157094
v -0.028563 0.201651 0.191082
v -0.051782 0.215308 0.192741
v -0.044157 0.215896 0.159390
v -0.024058 0.242584 0.140417
v -0.026819 0.190044 0.141289
v 0.005279 0.222712 0.140999
v 0.002646 0.223236 0.151587
v 0.006736 0.221887 0.166708
v 0.012775 0.208313 0.151244
v -0.021051 0.187936 0.200303
v -0.031265 0.188716 0.170437
v -0.024016 0.185828 0.201598
v -0.003646 0.191212 0.167409
v 0.003615 0.174820 0.170533
v -0.001996 0.185814 0.194377
v 0.010576 0.180824 0.190717
v 0.014993 0.175940 0.192410
v 0.013669 0.170815 0.193180
v 0.045463 0.176392 0.177599
v -0.000020 0.176268 0.128863
v 0.041311 0.159803 0.181041
v 0.043037 0.189768 0.157048
v 0.036378 0.197257 0.135686
v 0.024494 0.201602 0.135448
v 0.004106 0.210163 0.112193
v 0.011375 0.209911 0.083998
v 0.006736 0.221887 0.166708
v 0.012775 0.208313 0.151244
v 0.020433 0.202465 0.172284
v -0.067321 0.214900 0.118083
v -0.108540 0.194893 0.139226
v -0.078981 0.201242 0.109121
v -0.091620 0.202954 0.150281
v -0.093575 0.191040 0.151131
v -0.063691 0.193771 0.140379
v -0.061405 0.209943 0.138783
v -0.048974 0.193335 0.134542
v -0.051126 0.181866 0.119771
v -0.053778 0.189845 0.105890
v -0.078981 0.201242 0.109121
v 0.068328 0.083489 0.256534
v 0.088693 0.070403 0.240017
v 0.058923 0.064566 0.259586
v 0.087961 0.088791 0.243984
v 0.068328 0.083489 0.256534
v 0.063500 0.077798 0.247577
v 0.087961 0.088791 0.243984
v -0.008441 0.058324 0.307071
v -0.018410 0.066449 0.294668
v -0.085244 0.062026 0.319154
v -0.078012 0.055017 0.336158
v -0.115262 0.061108 0.351719
v -0.118666 0.068313 0.329782
v -0.126276 0.063685 0.356516
v -0.135237 0.062032 0.333997
v -0.129311 0.055868 0.360200
v -0.117416 0.048831 0.341886
v -0.076805 0.050932 0.332426
v -0.009190 0.054632 0.304078
v 0.058923 0.064566 0.259586
v 0.063500 0.077798 0.247577
v 0.088693 0.070403 0.240017
v 0.087961 0.088791 0.243984
v -0.018410 0.066449 0.294668
v -0.085244 0.062026 0.319154
v -0.128685 0.056993 0.328927
v -0.118666 0.068313 0.329782
v -0.135237 0.062032 0.333997
v -0.230590 0.079392 0.100550
v -0.227124 0.054479 0.115587
v -0.212981 0.074860 0.089361
v -0.241070 0.066889 0.118012
v -0.230590 0.079392 0.100550
v -0.220194 0.079035 0.105816
v -0.241070 0.066889 0.118012
v -0.187096 0.125558 0.029433
v -0.181892 0.137723 0.041439
v -0.148501 0.187907 0.003327
v -0.154665 0.178815 -0.013101
v -0.142774 0.212300 -0.033205
v -0.137088 0.218288 -0.011375
v -0.139878 0.222702 -0.039066
v -0.124462 0.227353 -0.020876
v -0.134069 0.220304 -0.045730
v -0.129042 0.205663 -0.028796
v -0.151065 0.175094 -0.010805
v -0.182892 0.123639 0.030770
v -0.212981 0.074860 0.089361
v -0.220194 0.079035 0.105816
v -0.227124 0.054479 0.115587
v -0.241070 0.066889 0.118012
v -0.181892 0.137723 0.041439
v -0.148501 0.187907 0.003327
v -0.122866 0.218826 -0.016543
v -0.137088 0.218288 -0.011375
v -0.124462 0.227353 -0.020876
v 0.172820 0.119617 -0.051253
v 0.155651 0.135200 -0.045466
v 0.175937 0.116954 -0.044336
v 0.162211 0.144353 -0.048483
v 0.122287 0.168846 -0.035954
v 0.089832 0.204727 -0.035370
v 0.084384 0.198699 -0.027286
v 0.089349 0.198212 -0.018741
v 0.033199 0.248653 -0.019008
v 0.038344 0.243690 -0.027346
v 0.038981 0.254704 -0.036911
v 0.011084 0.275421 -0.044786
v -0.000243 0.271347 -0.024789
v -0.010609 0.277584 -0.026931
v 0.002079 0.291108 -0.042623
v -0.016872 0.288777 -0.022689
v -0.011535 0.283413 -0.019927
v 0.009214 0.271078 -0.018656
v 0.038341 0.250832 -0.018068
v 0.092761 0.201562 -0.018207
v 0.156671 0.152375 -0.032824
v 0.184051 0.130086 -0.040361
v 0.162211 0.144353 -0.048483
v 0.175937 0.116954 -0.044336
v 0.172820 0.119617 -0.051253
v 0.093260 0.205854 -0.030276
v 0.089832 0.204727 -0.035370
v 0.038981 0.254704 -0.036911
v 0.044859 0.251352 -0.025716
v 0.011190 0.282189 -0.022836
v -0.007658 0.289992 -0.022815
v -0.016872 0.288777 -0.022689
v 0.011393 0.289858 -0.040233
v 0.011084 0.275421 -0.044786
v 0.002079 0.291108 -0.042623
v 0.184051 0.130086 -0.040361
v 0.175937 0.116954 -0.044336
v 0.155651 0.135200 -0.045466
v 0.225303 0.051633 0.288255
v 0.228700 0.042752 0.291486
v 0.220997 0.043908 0.283803
v 0.306196 0.048676 -0.329191
v 0.302943 0.036393 -0.321841
v 0.311455 0.036755 -0.335400
v -0.176602 0.099762 -0.055021
v -0.187164 0.100180 -0.074498
v -0.178620 0.114288 -0.060578
v -0.171233 0.089725 -0.070651
v -0.185176 0.080249 -0.084549
v -0.195671 0.080912 -0.078212
v -0.156794 0.112218 -0.080807
v -0.163309 0.114435 -0.065117
v -0.178620 0.114288 -0.060578
v 0.114761 0.164543 -0.105824
v 0.083656 0.178182 -0.074328
v 0.106605 0.167546 -0.111621
v 0.089235 0.175835 -0.065992
v 0.061131 0.177752 -0.100468
v 0.066604 0.180275 -0.129594
v 0.086775 0.174582 -0.116791
v 0.050807 0.175297 -0.111623
v -0.081682 0.194689 -0.074800
v -0.108461 0.240002 -0.024305
v -0.137196 0.218661 -0.022036
v -0.073414 0.250839 -0.032123
v -0.151315 0.188625 -0.049703
v -0.154805 0.165317 -0.075066
v -0.112254 0.130712 -0.118337
v -0.047837 0.122244 -0.142868
v -0.036470 0.156490 -0.108522
v -0.041269 0.173772 -0.087884
v -0.035421 0.191145 -0.084017
v -0.043579 0.236984 -0.082328
v -0.001044 0.204485 -0.088231
v -0.037162 0.229569 -0.054572
v -0.001620 0.244267 -0.054137
v 0.017501 0.254575 -0.083587
v 0.040166 0.245246 -0.069704
v 0.044324 0.256485 -0.063187
v 0.019016 0.250165 -0.054832
v 0.024479 0.241192 -0.028401
v 0.045241 0.234897 -0.007618
v 0.008194 0.234774 -0.007624
v 0.009124 0.229224 0.026787
v -0.027322 0.243502 -0.005281
v -0.017641 0.243485 -0.022273
v -0.353087 0.038971 0.273865
v -0.330102 0.045441 0.287449
v -0.336714 0.032817 0.293731
v -0.326386 0.038605 0.282505
v -0.295460 0.034305 0.322523
v -0.296727 0.045154 0.313795
v -0.292289 0.035374 0.308959
v -0.241215 0.039470 0.337862
v -0.247104 0.051599 0.343012
v -0.249715 0.037249 0.349622
v -0.091057 0.134271 -0.076750
v -0.091859 0.152949 -0.091324
v -0.085515 0.157504 -0.081109
v -0.096611 0.141227 -0.084944
v -0.076456 0.144087 -0.096301
v -0.102758 0.129164 -0.071205
v -0.088995 0.129912 -0.083051
v 0.261107 0.046337 0.140185
v 0.236851 0.068727 0.137616
v 0.238479 0.060739 0.124208
v 0.230967 0.061722 0.138854
v 0.190602 0.096107 0.110543
v 0.197157 0.098192 0.123251
v 0.189389 0.089296 0.122985
v 0.131855 0.130410 0.112823
v 0.142019 0.140748 0.113764
v 0.138640 0.133170 0.100056
v 0.073253 0.132210 -0.136592
v 0.019383 0.138811 -0.168453
v 0.063051 0.122483 -0.136882
v 0.027824 0.151733 -0.172726
v 0.017864 0.152039 -0.162251
v 0.065698 0.132633 -0.127555
v 0.019383 0.138811 -0.168453
v 0.063051 0.122483 -0.136882
v 0.104567 0.110787 -0.105739
v 0.103480 0.126789 -0.102521
v 0.127769 0.114376 -0.090996
v 0.108724 0.125226 -0.109944
v 0.104567 0.110787 -0.105739
vn 0.9943 0.0656 0.0839
vn -0.3693 0.2664 0.8903
vn 0.4407 -0.8415 -0.3126
vn -0.2000 -0.5639 -0.8013
vn -0.6581 -0.7475 0.0908
vn -0.9686 -0.1618 0.1889
vn -0.5325 -0.1218 0.8376
vn 0.1772 -0.9773 -0.1159
vn -0.9731 -0.1526 0.1724
vn -0.1752 0.8559 -0.4865
vn 0.1280 -0.1915 0.9731
vn -0.9454 0.0377 -0.3238
vn 0.3242 -0.2150 -0.9212
vn -0.7828 0.5136 -0.3512
vn -0.7195 -0.2681 0.6406
vn -0.7611 0.6484 -0.0165
vn 0.7634 0.4096 0.4994
vn 0.4065 0.2406 0.8814
vn 0.2670 -0.5880 -0.7636
vn -0.7147 -0.0405 -0.6982
vn -0.9706 -0.2408 -0.0047
vn 0.0660 -0.5761 0.8147
vn -0.4916 0.2775 -0.8254
vn 0.6458 -0.6179 -0.4484
vn -0.7484 0.4269 -0.5076
vn -0.6966 -0.5440 -0.4679
vn -0.4419 0.8970 -0.0024
vn -0.3525 0.8038 -0.4791
vn -0.6966 -0.5439 -0.4679
vn -0.4419 0.8971 -0.0024
vn -0.3525 0.8039 -0.4792
vn 0.4140 0.9051 0.0974
vn 0.7684 -0.4547 -0.4503
vn -0.1589 0.1211 0.9798
vn 0.0667 -0.1027 0.9925
vn 0.5831 -0.5857 0.5630
vn -0.5032 0.6974 -0.5103
vn 0.6171 -0.2312 -0.7522
vn 0.9618 0.2006 0.1861
vn 0.4680 0.6559 0.5922
vn 0.3425 0.2151 -0.9145
vn 0.7351 0.5178 -0.4377
vn -0.5609 -0.6157 0.5534
vn 0.6391 0.2116 0.7394
vn 0.2670 -0.5880 -0.7635
vn -0.9706 -0.2408 -0.0046
vn -0.4916 0.2774 -0.8254
vn -0.6967 -0.5439 -0.4677
vn -0.4420 0.8970 -0.0024
vn -0.3525 0.8038 -0.4792
vn -0.5270 -0.7048 -0.4749
vn -0.7067 0.7039 -0.0714
vn 0.5371 -0.5477 0.6415
vn -0.4468 -0.7419 0.4999
vn 0.2809 -0.3359 0.8990
vn 0.9904 -0.0704 -0.1189
vn 0.6603 -0.1168 -0.7419
vn 0.3789 -0.9075 0.1815
vn 0.9902 -0.0223 0.1378
vn -0.1542 -0.9712 -0.1818
vn -0.7423 -0.0221 -0.6697
vn 0.4462 -0.8949 0.0019
vn -0.3083 -0.9064 -0.2887
vn -0.5332 -0.1651 0.8297
vn 0.8683 -0.2267 -0.4412
vn 0.8690 0.3043 -0.3901
vn -0.2104 -0.8331 -0.5115
vn -0.0264 -0.4918 0.8703
vn 0.9790 -0.1616 0.1246
vn 0.3524 -0.8716 0.3407
vn 0.0521 -0.6646 -0.7454
vn 0.2882 0.9511 -0.1112
vn 0.5206 -0.2553 -0.8148
vn 0.2796 0.0160 -0.9600
vn 0.6074 -0.4519 -0.6533
vn -0.1940 -0.7789 0.5963
vn 0.6964 -0.3402 0.6319
vn -0.7199 0.6383 0.2726
vn 0.1749 -0.9840 0.0332
vn -0.6166 -0.7813 0.0970
vn 0.8528 -0.4060 0.3285
vn -0.9487 0.1843 -0.2571
vn -0.0237 0.4427 0.8963
vn 0.9630 -0.1344 -0.2335
vn -0.6656 -0.6058 -0.4359
vn -0.1223 0.7913 0.5991
vn 0.2102 -0.2479 -0.9457
vn 0.6601 -0.6331 -0.4043
vn 0.5608 0.4897 -0.6676
vn -0.9511 0.2262 0.2103
vn 0.9052 -0.3089 0.2919
vn 0.2307 0.9107 0.3428
vn -0.2944 -0.2206 0.9299
vn 0.3073 -0.8160 0.4895
vn -0.9689 -0.2088 0.1331
vn 0.6958 -0.5120 -0.5036
vn -0.0830 -0.5427 -0.8358
vn 0.9474 0.2642 0.1807
vn 0.5665 -0.3870 -0.7276
vn 0.1714 -0.2161 -0.9612
vn 0.6934 -0.2205 -0.6860
vn 0.7201 0.4828 -0.4984
vn -0.7186 -0.6939 -0.0467
vn 0.9498 -0.2570 0.1787
vn 0.8312 -0.5499 -0.0817
vn 0.6740 -0.7384 0.0233
vn 0.9963 0.0736 -0.0434
vn -0.9669 0.0621 0.2474
vn 0.3307 -0.8663 -0.3745
vn -0.7771 0.5858 0.2299
vn -0.6503 -0.0809 -0.7553
vn -0.9028 -0.0787 -0.4227
vn -0.9315 -0.1684 -0.3225
vn -0.7356 0.3127 0.6009
vn -0.4323 0.8812 -0.1912
vn 0.6869 -0.6172 -0.3837
vn -0.5998 -0.6031 -0.5258
vn -0.7954 -0.3038 0.5244
vn 0.3354 -0.7243 -0.6024
vn -0.9606 0.0751 0.2677
vn -0.7191 0.6294 0.2945
vn 0.3688 -0.7436 0.5577
vn 0.3990 0.2221 0.8896
vn 0.9488 0.0629 -0.3096
vn 0.1781 0.7662 -0.6174
vn -0.1243 0.0493 -0.9910
vn -0.2707 0.6300 0.7279
vn 0.6044 0.1451 -0.7834
vn -0.4140 0.8472 -0.3329
vn 0.0132 -0.9792 -0.2025
vn -0.3253 -0.7249 -0.6073
vn -0.7192 -0.4480 -0.5311
vn -0.1006 -0.9722 0.2116
vn 0.5116 -0.7550 -0.4103
vn 0.0325 -0.6244 0.7805
vn -0.3484 -0.9180 -0.1896
vn -0.1595 -0.9872 0.0043
vn -0.7831 0.0323 0.6210
vn 0.6379 0.3001 0.7092
vn -0.4980 -0.4852 0.7188
vn 0.5832 -0.5856 0.5629
vn 0.6171 -0.2312 -0.7521
vn 0.3425 0.2151 -0.9146
vn 0.0894 -0.8933 -0.4406
vn -0.7569 0.2481 -0.6046
vn -0.9670 0.2539 -0.0211
vn -0.4386 -0.5889 0.6788
vn 0.1364 0.0328 0.9901
vn -0.7905 0.4943 0.3616
vn -0.8242 0.5112 0.2439
vn -0.8743 -0.4389 0.2075
vn 0.2504 -0.9681 0.0096
vn 0.0920 -0.8298 -0.5504
vn -0.3534 -0.3062 -0.8840
vn 0.3424 0.0009 -0.9396
vn -0.0060 -0.6389 -0.7693
vn 0.4157 -0.5285 -0.7402
vn -0.7526 -0.0748 0.6542
vn 0.4220 -0.4074 0.8099
vn 0.8196 0.0922 0.5654
vn -0.3249 -0.8039 -0.4981
vn -0.3495 -0.7073 -0.6145
vn 0.7101 -0.6143 -0.3440
vn 0.4311 -0.5356 -0.7261
vn 0.7190 -0.1338 0.6820
vn -0.4380 -0.8641 0.2479
vn 0.9833 0.1814 -0.0120
vn 0.9916 0.0940 -0.0884
vn -0.7153 0.6988 0.0034
vn -0.6878 0.2106 0.6947
vn -0.5185 0.4186 0.7456
vn 0.9795 0.1965 -0.0447
vn -0.4138 -0.4818 0.7725
vn -0.3396 0.0129 -0.9405
vn 0.3464 -0.7470 -0.5674
vn 0.4637 0.1144 0.8786
vn -0.0189 -0.0796 -0.9966
vn 0.9080 -0.2406 0.3429
vn -0.2520 0.6938 0.6746
vn 0.8646 0.1704 -0.4726
vn 0.6606 -0.7357 -0.1496
vn 0.2834 0.5406 -0.7921
vn 0.1887 0.9693 -0.1576
vn 0.2513 -0.7753 -0.5794
vn -0.3123 -0.8984 -0.3087
vn -0.4846 -0.7960 0.3627
vn 0.4065 -0.6743 0.6165
vn 0.7481 -0.0787 0.6589
vn 0.9031 -0.4293 -0.0064
vn -0.1481 0.4860 -0.8613
vn -0.3598 0.8417 0.4025
vn 0.1670 -0.8989 -0.4050
vn -0.1213 -0.5367 -0.8350
vn 0.0074 -0.6317 -0.7752
vn -0.5590 0.7512 0.3510
vn 0.2167 0.7578 0.6154
vn 0.0049 0.9391 -0.3435
vn 0.2141 -0.0968 -0.9720
vn -0.3706 -0.6788 -0.6340
vn -0.6689 -0.7433 -0.0108
vn 0.7134 -0.2328 -0.6610
vn -0.0644 0.2341 0.9701
vn -0.7636 -0.3579 -0.5374
vn -0.0642 -0.6307 -0.7734
vn 0.4061 0.8308 -0.3806
vn -0.7722 -0.3535 0.5280
vn -0.8977 0.1111 0.4263
vn -0.3630 -0.7154 -0.5970
vn 0.6392 0.1190 0.7597
vn 0.7611 -0.6211 -0.1871
vn -0.9632 0.2638 0.0521
vn -0.9195 0.1318 -0.3704
vn -0.3309 0.4258 0.8421
vn -0.8563 -0.0902 0.5086
vn 0.7940 0.0259 -0.6074
vn -0.8874 0.4567 0.0624
vn -0.7954 -0.1443 0.5886
vn 0.4115 0.3067 -0.8583
vn -0.5417 0.2162 0.8123
vn 0.3378 0.9353 0.1057
vn -0.2914 0.0973 -0.9516
vn 0.7184 -0.4988 0.4849
vn 0.9290 -0.3012 0.2152
vn -0.4624 0.8770 -0.1309
vn -0.0525 0.9841 0.1695
vn -0.5113 0.3270 -0.7948
vn -0.8982 -0.3869 -0.2088
vn -0.0915 0.6253 0.7750
vn -0.6479 -0.4879 0.5850
vn -0.6896 -0.7178 0.0957
vn -0.9492 0.0164 0.3144
vn 0.6310 -0.7241 -0.2783
vn 0.1426 -0.9845 -0.1018
vn -0.8984 0.2588 0.3548
vn 0.1035 0.8545 -0.5091
vn 0.1972 -0.6851 0.7013
vn 0.4609 0.7193 0.5198
vn 0.2723 -0.5908 -0.7595
vn 0.8880 -0.4584 0.0363
vn 0.1179 -0.2051 -0.9716
vn 0.9016 0.0046 0.4326
vn 0.3932 0.7679 0.5058
vn 0.3498 -0.9365 -0.0242
vn -0.6316 0.0542 0.7734
vn -0.4652 0.4921 0.7358
vn 0.4424 -0.8947 -0.0616
vn 0.3449 0.5335 0.7723
vn 0.2283 -0.8034 0.5499
vn -0.0657 -0.9055 0.4193
vn 0.7309 0.2692 0.6272
vn -0.7574 -0.6493 0.0687
vn -0.1738 0.8322 -0.5265
vn 0.4806 -0.7230 -0.4963
vn -0.1858 0.8070 0.5606
vn -0.6124 0.5227 0.5931
vn 0.9730 0.0166 0.2302
vn 0.3725 -0.6020 -0.7062
vn -0.8040 0.5073 -0.3101
vn 0.6233 -0.0231 0.7817
vn -0.1189 -0.6812 0.7224
vn -0.8450 0.0646 -0.5309
vn -0.9122 -0.3112 -0.2667
vn 0.7660 -0.1609 0.6224
vn 0.0235 -0.9995 -0.0206
vn -0.3045 -0.9496 -0.0742
vn -0.5930 0.7277 -0.3448
vn 0.5871 0.2944 -0.7541
vn -0.0303 -0.9293 0.3682
vn 0.5355 -0.8366 -0.1153
vn 0.1744 -0.9204 -0.3500
vn -0.1811 0.9632 -0.1988
vn -0.2427 0.7424 -0.6245
vn -0.2644 -0.9524 -0.1516
vn 0.5761 -0.3394 0.7436
vn -0.5289 -0.6675 0.5241
vn -0.8823 -0.0504 0.4680
vn 0.8495 0.1923 -0.4913
vn 0.9097 -0.4122 -0.0495
vn -0.3133 0.8250 0.4703
vn -0.1327 0.9503 -0.2818
vn -0.4687 0.0120 0.8833
vn 0.2779 0.5955 -0.7538
vn 0.9223 0.3723 -0.1039
vn -0.5615 0.2237 0.7967
vn -0.8141 0.4635 0.3498
vn -0.0787 0.6022 -0.7945
vn -0.7480 0.5714 -0.3376
vn -0.7658 0.6427 -0.0217
vn 0.7623 -0.5957 -0.2531
vn 0.3066 0.9517 -0.0159
vn -0.0004 -0.9303 0.3667
vn -0.2419 -0.0869 0.9664
vn 0.2456 -0.9411 -0.2324
vn -0.5790 0.8150 0.0247
vn -0.6416 0.1648 0.7492
vn -0.5846 0.7811 0.2194
vn 0.1175 0.0233 -0.9928
vn -0.1028 0.1795 0.9784
vn 0.7965 0.1669 -0.5811
vn -0.9999 0.0092 -0.0075
vn -0.6732 -0.0226 -0.7391
vn -0.7069 0.0487 -0.7057
vn 0.8392 0.5437 -0.0066
vn 0.8933 0.4430 0.0762
vn 0.2842 0.4983 0.8191
vn 0.9879 0.0171 -0.1543
vn -0.2943 0.8639 -0.4087
vn 0.4401 -0.5056 0.7421
vn -0.2189 0.8808 -0.4198
vn 0.3594 -0.0632 0.9310
vn 0.6570 0.3157 -0.6846
vn -0.7047 -0.4339 0.5614
vn 0.9749 0.1737 0.1393
vn 0.9725 0.2236 0.0656
vn 0.6793 0.3995 -0.6156
vn 0.7685 0.4112 -0.4903
vn -0.1534 0.6476 -0.7464
vn 0.1653 0.0015 0.9863
vn -0.7672 0.6305 -0.1177
vn 0.0342 -0.9908 -0.1313
vn -0.5865 0.7332 -0.3442
vn 0.1127 -0.9806 -0.1602
vn 0.6140 -0.5238 0.5904
vn -0.2461 0.8302 -0.5003
vn 0.5623 -0.4933 0.6637
vn -0.3054 0.7555 -0.5796
vn 0.6267 -0.5996 0.4978
vn -0.8861 0.2594 -0.3840
vn 0.3616 -0.5044 0.7841
vn -0.2956 0.6005 -0.7430
vn 0.6516 -0.6587 0.3761
vn -0.5442 0.8342 0.0891
vn -0.9655 0.2488 -0.0772
vn -0.4806 -0.1988 0.8541
vn -0.1360 -0.2315 -0.9633
vn -0.9558 0.2654 -0.1261
vn -0.4569 0.3535 -0.8163
vn -0.7479 0.5177 -0.4155
vn -0.8032 0.5916 -0.0700
vn 0.3071 -0.4886 0.8167
vn 0.3962 -0.6228 0.6746
vn -0.1894 0.4684 0.8630
vn 0.6559 -0.6434 0.3948
vn -0.4793 0.8461 -0.2332
vn -0.3881 0.6876 0.6137
vn 0.7046 -0.6961 0.1379
vn -0.1573 0.9870 0.0318
vn 0.4167 -0.2586 0.8715
vn 0.7519 0.0545 0.6571
vn -0.6130 -0.1508 0.7756
vn 0.5833 0.4630 0.6673
vn -0.6282 0.2213 0.7459
vn 0.9183 0.3471 -0.1904
vn 0.7271 0.2404 -0.6430
vn -0.7489 -0.0542 -0.6604
vn 0.6863 -0.2242 0.6919
vn 0.0387 -0.4066 -0.9128
vn -0.9838 -0.0153 -0.1786
vn -0.2489 -0.7159 -0.6524
vn 0.1366 -0.8254 -0.5478
vn -0.0323 -0.1870 0.9818
vn -0.7256 -0.6172 0.3043
vn -0.6429 -0.3211 0.6954
vn -0.2870 -0.3216 0.9023
vn 0.1091 -0.9649 -0.2387
vn 0.3159 -0.4931 0.8106
vn -0.0492 -0.8301 -0.5555
vn 0.8561 -0.3758 -0.3548
vn 0.8986 0.3659 -0.2420
vn -0.3089 -0.7831 -0.5398
vn 0.7912 0.5524 0.2623
vn -0.2396 0.0889 0.9668
vn 0.1873 -0.8039 -0.5645
vn 0.7662 0.6286 0.1331
vn -0.1805 -0.7446 -0.6427
vn 0.5401 0.1669 0.8249
vn -0.9518 -0.2516 0.1755
vn -0.5550 -0.1268 -0.8221
vn 0.2110 0.5615 -0.8001
vn -0.4812 -0.0157 0.8765
vn 0.8662 0.4650 0.1832
vn -0.5208 -0.4877 -0.7007
vn 0.6425 0.4680 0.6068
vn -0.2608 -0.1425 -0.9548
vn 0.6449 0.6902 0.3282
vn -0.4975 -0.5675 -0.6561
vn 0.6068 0.6862 0.4012
vn -0.4102 -0.4890 -0.7698
vn -0.5415 0.2027 -0.8159
vn 0.9613 0.2331 0.1467
vn 0.0175 -0.8095 -0.5869
vn 0.0232 -0.8998 -0.4356
vn 0.8839 -0.2492 -0.3958
vn 0.9026 -0.1944 -0.3842
vn 0.4855 -0.8093 0.3307
vn 0.6459 0.3490 -0.6790
vn 0.0051 -1.0000 -0.0022
vn -0.4857 0.8612 -0.1499
vn 0.3751 -0.8799 0.2916
vn 0.0557 -0.2210 -0.9737
vn 0.5090 0.3211 0.7986
vn 0.2345 -0.9440 0.2321
vn 0.1645 -0.2695 0.9489
vn -0.4739 0.8796 0.0417
vn -0.1363 0.1426 0.9804
vn 0.4522 -0.5661 0.6893
vn 0.1704 -0.1023 -0.9800
vn -0.6147 0.7882 0.0296
vn -0.4981 0.0680 0.8645
vn 0.7623 -0.6469 -0.0214
vn 0.7547 0.1561 -0.6372
vn -0.1367 0.4925 0.8595
vn 0.0465 -0.6175 -0.7852
vn -0.1161 0.7157 0.6887
vn -0.8936 0.2990 -0.3347
vn 0.3654 -0.3051 0.8794
vn 0.6063 -0.7935 0.0536
vn 0.0308 -0.4148 -0.9094
vn -0.0784 0.0826 -0.9935
vn 0.2096 0.4054 0.8898
vn 0.2421 -0.5148 -0.8224
vn -0.8622 0.4656 0.1997
vn -0.9661 0.2561 0.0328
vn -0.9654 0.2522 0.0668
vn 0.9186 0.0040 0.3952
vn 0.4000 0.0564 0.9148
vn 0.6641 -0.3441 -0.6638
vn -0.3304 0.2325 -0.9148
vn 0.3206 0.0587 0.9454
vn -0.3381 0.0564 -0.9394
vn 0.0648 0.3749 0.9248
vn -0.4724 0.0968 -0.8761
vn 0.4053 0.1359 0.9040
vn -0.3830 -0.1532 -0.9110
vn 0.1043 -0.1394 -0.9847
vn 0.7683 -0.5993 0.2249
vn -0.6676 -0.2817 -0.6892
vn 0.2835 -0.2297 -0.9310
vn 0.5128 -0.2742 -0.8136
vn -0.6996 0.6714 0.2446
vn 0.0615 0.2182 -0.9740
vn 0.2349 0.0007 0.9720
vn -0.1656 0.2823 -0.9449
vn 0.2414 -0.2358 0.9414
vn -0.6317 0.5972 -0.4942
vn -0.0741 -0.3757 -0.9238
vn -0.0649 0.2722 0.9601
vn -0.3338 0.3572 0.8723
vn 0.2706 -0.3478 0.8977
vn -0.5970 0.5432 -0.5904
vn -0.5393 0.8197 -0.1929
vn 0.1194 -0.9618 0.2464
vn -0.7636 0.4440 -0.4688
vn 0.7074 -0.7068 -0.0067
vn -0.4172 0.1474 0.8968
vn -0.2360 0.3247 0.9159
vn -0.9180 0.3517 0.1833
vn 0.3274 0.0917 -0.9404
vn -0.2153 0.2295 0.9492
vn 0.2491 -0.1585 -0.9554
vn -0.5891 0.2361 0.7728
vn -0.7043 0.4385 0.5582
vn -0.3180 -0.0768 0.9450
vn -0.8111 0.3737 -0.4499
vn 0.3533 0.1541 -0.9227
vn 0.6147 -0.3509 -0.7064
vn 0.3370 0.5998 0.7258
vn 0.8472 0.0875 -0.5241
vn -0.2357 -0.6696 -0.7043
vn 0.9020 0.3162 0.2940
vn -0.5556 -0.8129 -0.1744
vn 0.0895 -0.9673 0.2372
vn 0.5942 -0.2921 0.7494
vn -0.7448 -0.4245 0.5148
vn -0.3312 0.3436 0.8788
vn -0.1818 0.0693 0.9809
vn 0.7092 0.6927 -0.1312
vn -0.8549 -0.3983 0.3325
vn -0.9496 -0.0929 0.2994
vn 0.5906 -0.3342 0.7345
vn -0.0666 0.7838 0.6174
vn 0.0810 0.7702 0.6326
vn -0.9682 0.0101 -0.2501
vn 0.1417 0.9692 0.2014
vn 0.0392 -0.9040 -0.4258
vn 0.7142 -0.6525 0.2535
vn 0.5240 -0.3661 -0.7690
vn -0.2721 -0.8868 -0.3735
vn 0.4359 0.8813 0.1824
vn 0.9718 0.1884 -0.1419
vn -0.9589 0.1484 -0.2418
vn 0.6220 -0.6117 0.4888
vn -0.2629 -0.0499 -0.9635
vn -0.4215 0.5056 -0.7528
vn -0.3763 -0.0143 -0.9264
vn -0.5490 -0.1054 0.8291
vn -0.2354 0.2340 0.9433
vn -0.2684 -0.8311 0.4870
vn 0.1995 0.4473 -0.8719
vn 0.3298 0.5136 0.7921
vn -0.3228 -0.4692 0.8220
vn -0.3473 0.5465 -0.7620
vn 0.8657 0.4318 -0.2531
vn -0.0405 0.8508 -0.5240
vn -0.9106 0.3866 0.1457
vn 0.6625 -0.6103 -0.4343
vn 0.6590 0.2745 0.7002
vn 0.2786 0.1123 0.9538
vn 0.5153 -0.8455 -0.1398
vn 0.5458 0.2406 -0.8026
vn -0.5388 -0.7943 -0.2807
vn 0.9765 -0.1653 0.1381
vn 0.6192 -0.4868 -0.6162
vn -0.6770 0.0617 -0.7334
vn 0.8761 -0.2722 -0.3979
vn -0.3748 -0.9191 0.1218
vn 0.6977 0.6249 0.3502
vn 0.9947 -0.0972 -0.0333
vn 0.7081 0.1051 -0.6983
vn 0.1879 0.8475 -0.4965
vn -0.6072 0.7774 -0.1642
vn 0.2500 0.0343 -0.9676
vn -0.4927 0.7113 0.5013
vn 0.6172 0.2023 -0.7604
vn -0.8617 0.2137 0.4601
vn 0.1885 -0.5950 -0.7813
vn -0.0668 0.6148 0.7858
vn 0.4089 0.6279 -0.6623
vn 0.0749 -0.9970 0.0183
vn -0.9375 0.2422 0.2499
vn 0.6537 0.7472 -0.1194
vn -0.3932 0.2912 -0.8721
vn -0.3392 -0.5041 0.7943
vn -0.0885 -0.7533 0.6517
vn -0.1684 0.5903 -0.7894
vn 0.7109 -0.6973 -0.0913
vn 0.6013 -0.7547 0.2626
vn -0.2353 -0.9712 -0.0377
vn 0.4662 -0.8121 0.3509
vn -0.5591 -0.3070 -0.7701
vn -0.9908 -0.0925 -0.0991
vn 0.4112 0.0389 -0.9107
vn -0.9117 0.4010 0.0893
vn -0.7461 0.5716 0.3414
vn -0.1950 0.0861 0.9770
vn 0.1204 0.9910 0.0584
vn 0.4957 0.6758 -0.5456
vn 0.3755 -0.6150 -0.6934
vn 0.8586 -0.3954 0.3263
vn -0.1610 -0.0167 0.9868
vn -0.1683 0.5903 -0.7894
vn 0.6012 -0.7547 0.2625
vn -0.2354 -0.9712 -0.0378
vn 0.4662 -0.8121 0.3510
vn -0.9118 0.4009 0.0892
vn -0.7462 0.5716 0.3414
vn 0.3756 -0.6150 -0.6934
vn -0.1609 -0.0167 0.9868
vn -0.0884 -0.7533 0.6517
vn -0.1683 0.5903 -0.7895
vn 0.7109 -0.6973 -0.0914
vn -0.2354 -0.9712 -0.0377
vn 0.4663 -0.8121 0.3509
vn -0.9118 0.4008 0.0894
vn -0.1950 0.0862 0.9770
vn -0.8776 -0.4755 -0.0609
vn -0.2760 0.9101 0.3090
vn 0.8108 0.1853 -0.5552
vn 0.8538 -0.4817 -0.1975
vn -0.9865 0.0572 0.1537
vn 0.8001 -0.1459 -0.5819
vn 0.4285 -0.4698 -0.7718
vn 0.0903 -0.0257 0.9956
vn 0.9170 0.3824 0.1131
vn -0.9673 0.1782 -0.1806
vn 0.6071 0.2648 0.7492
vn 0.8684 0.4808 0.1212
vn 0.9434 -0.3290 -0.0416
vn -0.9540 -0.2610 -0.1474
vn -0.9418 0.0547 -0.3317
vn -0.7497 -0.4119 0.5180
vn 0.2902 -0.9527 0.0904
vn -0.9876 -0.1134 -0.1089
vn -0.5987 -0.2115 -0.7725
vn 0.7685 0.6248 0.1379
vn -0.5317 0.3496 0.7714
vn -0.3710 -0.4160 0.8302
vn 0.2061 -0.8585 0.4696
vn 0.1275 0.2058 0.9703
vn 0.5744 -0.5926 -0.5646
vn 0.9275 0.3272 0.1809
vn 0.3707 0.8978 0.2378
vn 0.7653 0.5644 0.3095
vn -0.8930 -0.2699 0.3600
vn 0.3672 -0.9284 0.0573
vn 0.8315 0.2676 -0.4869
vn -0.9570 0.0748 0.2803
vn -0.5118 -0.6970 0.5022
vn 0.3759 -0.1356 0.9167
vn 0.8109 0.0839 -0.5791
vn -0.8280 0.3448 -0.4421
vn 0.5677 0.0984 -0.8173
vn -0.4343 0.4999 -0.7493
vn -0.8671 -0.3258 0.3769
vn 0.5881 -0.2672 0.7634
vn -0.2336 -0.3916 0.8900
vn -0.6870 0.5956 -0.4163
vn 0.2502 -0.5263 -0.8127
vn 0.4172 0.9049 -0.0844
vn 0.2923 0.8863 -0.3593
vn 0.4777 0.8782 0.0233
vn 0.3583 -0.4148 -0.8364
vn 0.4501 0.7493 0.4859
vn -0.9203 -0.3059 0.2438
vn 0.6310 0.7728 -0.0680
vn 0.1122 -0.8548 0.5067
vn 0.4670 -0.8799 0.0874
vn 0.6702 0.6153 -0.4151
vn 0.4142 0.1393 0.8995
vn -0.6553 -0.6777 -0.3336
vn -0.0954 0.4354 -0.8952
vn 0.4542 -0.4977 0.7389
vn -0.0211 -0.3532 -0.9353
vn -0.9300 -0.2148 0.2982
vn -0.5604 0.1036 -0.8217
vn -0.7209 -0.6522 0.2343
vn -0.8571 -0.4544 0.2426
vn 0.8007 -0.1499 -0.5800
vn 0.6863 0.3392 -0.6434
vn 0.0884 0.6141 -0.7842
vn -0.9674 -0.2226 -0.1206
vn -0.7468 -0.6334 0.2027
vn 0.5130 -0.1177 -0.8503
vn 0.1290 -0.3119 0.9413
vn -0.0556 0.2698 0.9613
vn 0.1204 0.9910 0.0583
vn -0.1610 -0.0166 0.9868
vn 0.9215 -0.3883 -0.0023
vn -0.8024 -0.2810 0.5266
vn -0.5923 -0.7353 0.3294
vn -0.0152 -0.8401 -0.5423
vn -0.4250 -0.2615 -0.8666
vn -0.1159 -0.3227 -0.9394
vn 0.4873 -0.8423 -0.2303
vn 0.3368 0.2433 0.9096
vn 0.3425 0.5618 -0.7530
vn -0.3028 -0.6037 -0.7374
vn 0.3045 0.9205 0.2449
vn 0.3803 -0.1460 0.9133
vn 0.0833 -0.0595 -0.9947
vn -0.2490 -0.9678 0.0361
vn -0.1042 -0.9892 -0.1032
vn -0.6270 0.5319 -0.5691
vn -0.5337 0.1519 0.8319
vn 0.2680 0.9495 0.1630
vn 0.6934 -0.6606 -0.2877
vn -0.6948 -0.7164 0.0639
vn 0.7174 0.4173 0.5578
vn -0.4716 0.5886 0.6566
vn -0.0708 -0.8285 -0.5555
vn 0.9189 -0.3604 -0.1602
vn 0.8093 0.2027 0.5514
vn -0.2879 0.3806 0.8788
vn -0.4120 -0.8362 -0.3620
vn 0.9966 -0.0410 0.0716
vn -0.8814 0.3868 0.2711
vn 0.2876 -0.5150 -0.8075
vn -0.4794 -0.8775 0.0143
vn -0.7665 0.1416 0.6265
vn 0.6039 -0.7252 0.3308
vn 0.6431 -0.6144 -0.4570
vn 0.6509 -0.7356 -0.1877
vn -0.8235 0.5441 0.1608
vn 0.7063 -0.6977 0.1202
vn -0.0895 0.9487 -0.3033
vn 0.4304 0.8984 -0.0875
vn 0.3185 0.9479 0.0086
vn -0.6950 0.5704 0.4378
vn -0.7359 0.6710 0.0907
vn 0.9721 -0.2170 0.0893
vn 0.5993 -0.0025 0.8005
vn -0.9267 0.3315 -0.1770
vn 0.8077 0.2090 0.5513
vn -0.0633 0.9060 0.4186
vn 0.0521 0.9973 -0.0517
vn 0.1487 0.9471 -0.2845
vn 0.4938 0.4620 -0.7367
vn 0.3450 -0.8960 -0.2796
vn -0.2463 0.6103 0.7529
vn 0.5392 0.8088 0.2345
vn 0.7006 0.6868 -0.1935
vn -0.9651 -0.1723 -0.1973
vn -0.6703 0.6508 0.3566
vn -0.1078 -0.9917 -0.0694
vn 0.7600 -0.4834 -0.4344
vn 0.9214 0.2969 -0.2508
vn 0.3197 -0.9468 -0.0356
vn 0.3219 0.4186 0.8492
vn -0.2181 0.1031 -0.9705
vn 0.4220 0.8876 -0.1847
vn -0.6820 0.3788 0.6256
vn -0.7564 0.5176 -0.3998
vn 0.3226 0.8315 -0.4522
vn -0.9627 -0.2486 -0.1071
vn 0.7820 0.4523 -0.4288
vn -0.5165 0.8023 0.2993
vn 0.3738 -0.2866 0.8821
vn -0.9743 0.2193 0.0517
vn -0.3982 -0.6664 -0.6303
vn 0.1938 0.8426 0.5024
vn 0.7761 -0.0236 -0.6302
vn -0.6793 0.7219 0.1323
vn 0.8561 0.4685 -0.2183
vn -0.6848 -0.7272 0.0472
vn -0.3378 -0.8994 0.2773
vn 0.4219 0.0721 0.9038
vn 0.5886 -0.4677 -0.6594
vn -0.9974 -0.0088 0.0717
vn -0.0351 0.5585 -0.8287
vn -0.6045 0.4047 0.6861
vn -0.8536 0.1364 -0.5028
vn 0.6418 -0.7190 0.2667
vn -0.9616 -0.1427 0.2343
vn -0.3294 0.8446 0.4220
vn 0.7529 -0.6575 0.0285
vn 0.3082 -0.3777 -0.8731
vn -0.7928 0.1723 -0.5846
vn 0.0488 0.0207 0.9986
vn 0.5503 0.1653 0.8184
vn -0.1241 0.4384 0.8902
vn 0.3707 0.6158 0.6952
vn 0.6137 0.1644 -0.7722
vn -0.0572 -0.0273 -0.9980
vn 0.1347 0.4924 -0.8599
vn 0.5557 0.8229 -0.1182
vn 0.2264 0.6381 0.7359
vn -0.6041 0.6527 0.4572
vn -0.3342 -0.6449 -0.6873
vn -0.6004 -0.6810 -0.4193
vn 0.6752 0.4915 0.5500
vn 0.9972 0.0753 0.0040
vn 0.5463 0.3300 0.7698
vn 0.9702 0.1264 0.2068
vn 0.2280 -0.9670 -0.1138
vn 0.2498 0.7288 -0.6376
vn 0.3480 -0.4259 0.8352
vn 0.0770 0.8643 -0.4970
vn -0.9983 -0.0151 -0.0559
vn -0.3831 0.6286 0.6768
vn 0.4602 -0.0352 0.8871
vn -0.7861 0.1793 -0.5915
vn -0.1682 0.5904 -0.7894
vn 0.6013 -0.7546 0.2626
vn -0.5591 -0.3071 -0.7701
vn -0.9118 0.4009 0.0893
vn 0.0449 0.9109 -0.4102
vn -0.5559 -0.3175 -0.7683
vn -0.4421 -0.5859 -0.6791
vn 0.5709 -0.7967 -0.1983
vn 0.8585 -0.5092 -0.0613
vn -0.4252 -0.3912 0.8162
vn -0.1155 -0.8523 -0.5101
vn -0.5918 -0.1350 0.7947
vn -0.7461 0.6530 -0.1300
vn -0.3899 0.9194 0.0524
vn 0.4693 -0.8747 -0.1212
vn 0.0441 0.1716 -0.9842
vn 0.7628 0.4117 -0.4987
vn -0.3825 -0.0686 0.9214
vn -0.0733 -0.9913 -0.1091
vn -0.9321 0.2869 0.2210
vn -0.0403 -0.2080 -0.9773
vn -0.2048 0.3456 0.9158
vn 0.5112 -0.7991 0.3166
vn 0.3615 -0.6633 0.6552
vn -0.7719 0.5885 0.2406
vn -0.0970 -0.2846 0.9537
vn -0.0210 -0.1279 0.9916
vn 0.7510 -0.6565 0.0709
vn 0.0688 -0.5636 -0.8232
vn -0.9004 -0.2026 -0.3851
vn 0.9082 -0.2635 0.3251
vn -0.3679 -0.3107 0.8764
vn 0.7114 0.1683 -0.6823
vn 0.7986 -0.0561 -0.5992
vn 0.5010 -0.8373 -0.2188
vn 0.1490 0.9803 0.1299
vn 0.4422 -0.7368 0.5115
vn 0.7594 -0.3713 -0.5342
vn -0.6119 0.7440 -0.2684
vn -0.6987 -0.2783 -0.6590
vn -0.9037 0.0471 -0.4256
vn 0.3651 -0.8185 0.4436
vn -0.2914 -0.8751 -0.3865
vn -0.6704 -0.1287 -0.7307
vn 0.2806 -0.1573 -0.9469
vn 0.5069 0.5874 0.6309
vn 0.4443 0.6048 -0.6609
vn 0.6455 -0.1507 0.7488
vn 0.2632 -0.5477 -0.7942
vn 0.3080 -0.8301 0.4647
vn -0.0522 0.6930 0.7191
vn 0.5400 0.4265 0.7256
vn 0.3710 -0.0597 -0.9267
vn -0.7432 -0.6080 -0.2794
vn -0.5391 0.8223 0.1820
vn -0.9032 0.3341 0.2695
vn -0.7042 0.3466 -0.6196
vn -0.5213 -0.4707 0.7118
vn 0.0938 -0.9766 -0.1934
vn -0.9143 -0.2640 -0.3072
vn 0.2940 0.2871 0.9117
vn -0.5554 0.3920 -0.7334
vn 0.2469 0.2345 -0.9402
vn -0.2124 0.0944 0.9726
vn -0.2723 -0.7981 -0.5375
vn 0.3612 0.6406 -0.6776
vn 0.4447 0.1907 -0.8752
vn -0.8591 -0.4617 -0.2210
vn -0.8995 -0.0626 -0.4324
vn -0.9343 0.0802 0.3473
vn 0.9623 0.2707 -0.0282
vn 0.3202 0.3593 -0.8766
vn 0.5975 0.0712 -0.7987
vn -0.8665 -0.4830 0.1262
vn -0.1866 -0.7612 -0.6211
vn -0.2635 -0.7426 -0.6157
vn -0.8156 -0.1741 -0.5518
vn -0.5288 -0.6247 -0.5746
vn -0.6259 -0.7557 0.1931
vn 0.9199 -0.1783 0.3492
vn 0.0108 0.4539 0.8910
vn -0.4718 -0.8075 -0.3540
vn 0.1958 0.4550 -0.8687
vn -0.5595 -0.4188 -0.7153
vn -0.8098 0.4486 0.3782
vn 0.8941 -0.0224 -0.4473
vn -0.0756 0.8123 0.5783
vn 0.1016 -0.6939 -0.7129
vn -0.3097 0.2669 0.9126
vn 0.9050 0.0288 -0.4245
vn 0.2684 0.7709 -0.5777
vn -0.7804 -0.4999 -0.3757
vn 0.5840 0.8117 -0.0020
vn -0.6038 -0.5792 -0.5477
vn 0.9993 -0.0091 0.0354
vn 0.9589 0.2192 0.1801
vn 0.9631 0.0414 -0.2658
vn 0.0650 0.4243 0.9032
vn 0.5612 0.3785 -0.7361
vn -0.1637 -0.9401 0.2990
vn 0.8129 -0.0166 0.5822
vn 0.6576 0.6853 0.3129
vn -0.2360 -0.8350 0.4971
vn 0.7150 0.6535 0.2485
vn -0.9772 0.2025 -0.0642
vn 0.9914 0.0576 -0.1171
vn 0.3735 -0.2936 -0.8800
vn 0.5390 0.5711 0.6191
vn -0.5935 -0.7968 0.1134
vn -0.7198 0.1593 -0.6757
vn 0.9432 0.1230 0.3086
vn -0.1739 -0.7496 -0.6387
vn -0.8450 -0.3370 -0.4152
vn -0.9158 -0.3090 -0.2566
vn 0.6775 0.7313 0.0787
vn 0.6297 -0.0974 0.7707
vn -0.6089 -0.0990 -0.7870
vn -0.5885 0.5256 -0.6143
vn -0.4334 -0.8651 -0.2525
vn 0.1540 0.9800 0.1261
vn -0.8026 -0.5918 0.0754
vn -0.8216 -0.5454 0.1658
vn 0.8969 0.3603 -0.2566
vn 0.7372 0.2491 0.6281
vn -0.2211 -0.7471 0.6269
vn -0.7215 -0.1545 0.6749
vn -0.2502 -0.7545 -0.6067
vn -0.4567 -0.8524 0.2546
vn -0.5159 -0.1758 0.8384
vn 0.4297 -0.5665 0.7032
vn -0.6229 -0.4164 -0.6623
vn -0.2914 -0.9342 -0.2056
vn 0.8813 0.4565 0.1221
vn -0.8656 -0.0742 0.4953
vn -0.5981 0.7270 0.3372
vn -0.9866 -0.0950 0.1327
vn -0.0934 -0.6281 -0.7725
vn 0.2170 0.1833 0.9588
vn -0.1246 -0.2778 -0.9525
vn -0.9154 0.3684 0.1621
vn -0.9843 0.1691 0.0507
vn 0.2067 -0.1288 -0.9699
vn -0.9156 0.2683 -0.2994
vn 0.3341 -0.4195 -0.8440
vn 0.0496 -0.5602 -0.8269
vn 0.3675 -0.3504 -0.8615
vn -0.3873 0.6426 -0.6611
vn 0.2436 -0.4610 -0.8533
vn 0.9789 -0.0726 -0.1909
vn 0.0268 0.6311 -0.7753
vn 0.3440 0.3715 -0.8623
vn 0.4884 -0.8456 -0.2156
vn 0.1241 0.5356 -0.8353
vn -0.6632 0.4886 -0.5669
vn -0.2392 -0.3588 -0.9022
vn 0.1169 0.1489 0.9819
vn -0.3907 0.8593 -0.3300
vn 0.1414 -0.7871 0.6004
vn 0.4964 -0.6762 0.5444
vn -0.7429 0.2809 -0.6076
vn 0.7002 -0.6044 0.3799
vn -0.9119 0.2332 -0.3377
vn 0.6115 -0.7810 -0.1272
vn 0.5850 -0.4009 0.7050
vn 0.3339 0.5145 0.7898
vn -0.4034 -0.6343 -0.6595
vn -0.0157 -0.8588 -0.5121
vn -0.8737 0.4569 0.1669
vn -0.2683 -0.9126 -0.3084
vn -0.7274 -0.5566 0.4014
vn 0.4135 0.8391 -0.3534
vn 0.8337 -0.1037 -0.5424
vn -0.9545 -0.0831 -0.2863
vn -0.9614 0.2175 -0.1683
vn -0.7927 -0.5993 0.1120
vn -0.3339 0.9263 0.1747
vn -0.9364 0.1855 0.2980
vn -0.7107 -0.3914 -0.5845
vn -0.5004 0.4093 0.7629
vn 0.5287 -0.7725 -0.3517
vn 0.9508 -0.1006 -0.2929
vn 0.1120 0.0244 0.9934
vn 0.9751 0.2214 -0.0073
vn 0.0294 0.9604 0.2772
vn 0.5546 -0.7999 0.2293
vn 0.8920 -0.2721 0.3609
vn 0.9133 0.4064 -0.0277
vn -0.5924 -0.7700 0.2371
vn -0.8948 0.0547 -0.4431
vn 0.0150 -0.9911 0.1320
vn -0.8317 -0.5425 0.1187
vn 0.5380 -0.7317 0.4184
vn 0.0381 0.1374 0.9898
vn 0.2221 -0.8480 -0.4812
vn 0.0585 -0.9732 -0.2225
vn 0.3297 -0.8474 -0.4162
vn 0.3271 -0.8121 -0.4832
vn 0.5659 -0.6535 -0.5027
vn 0.0723 -0.9951 -0.0674
vn 0.8922 -0.4517 -0.0011
vn 0.8031 -0.5563 0.2134
vn 0.3345 0.8375 -0.4322
vn 0.1096 0.7337 -0.6706
vn -0.1841 -0.8982 -0.3992
vn -0.2784 -0.7462 0.6048
vn -0.9673 0.2435 0.0707
vn -0.3157 0.6947 -0.6463
vn -0.4865 0.8582 -0.1635
vn -0.7750 -0.2829 0.5652
vn -0.1432 0.9179 0.3701
vn 0.6133 0.4115 0.6742
vn -0.4760 -0.0683 0.8768
vn -0.4085 0.8973 0.1674
vn -0.7314 0.6815 0.0262
vn 0.3700 0.6629 0.6509
vn -0.1999 0.0896 -0.9757
vn 0.5937 0.0139 -0.8046
vn -0.1247 -0.1441 -0.9817
vn 0.9392 0.3430 0.0157
vn 0.8889 -0.0757 -0.4518
vn 0.4299 0.2432 0.8695
vn 0.3879 0.2378 0.8905
vn -0.6844 0.0759 0.7251
vn -0.6826 -0.0183 0.7306
vn 0.1102 0.2947 0.9492
vn 0.9062 0.2431 0.3461
vn -0.9155 0.4006 -0.0378
vn 0.9394 -0.3427 -0.0048
vn 0.2537 -0.9009 0.3520
vn 0.2917 -0.9217 0.2558
vn 0.9294 0.3087 0.2024
vn -0.3192 0.1346 -0.9381
vn -0.2144 0.0479 -0.9756
vn 0.9422 0.2284 0.2451
vn 0.1830 -0.8833 0.4316
vn 0.1334 -0.9010 0.4127
vn 0.7585 -0.5027 0.4147
vn 0.5527 0.7503 0.3628
vn 0.6876 0.1799 -0.7035
vn 0.6117 0.1428 -0.7781
vn -0.2902 -0.1753 -0.9408
vn -0.1384 0.0663 0.9882
vn -0.6496 0.2778 0.7077
vn 0.8286 0.5569 -0.0576
vn -0.3064 -0.5661 0.7653
vn -0.4460 0.8844 -0.1377
vn 0.6699 0.7117 0.2114
vn 0.4244 -0.0795 -0.9020
vn 0.0735 -0.4747 -0.8771
vn 0.4684 0.3051 -0.8292
vn 0.6104 -0.1488 -0.7780
vn 0.3995 0.7975 0.4521
vn 0.6952 -0.6408 -0.3257
vn -0.9393 -0.3234 0.1143
vn -0.2489 0.3079 -0.9183
vn -0.4905 -0.8125 0.3151
vn -0.3900 -0.1370 -0.9105
vn -0.0032 -0.8296 0.5584
vn -0.2346 -0.3432 0.9095
vn -0.3272 -0.9409 0.0870
vn -0.7875 -0.6142 -0.0520
vn 0.4954 -0.8663 -0.0643
vn -0.2262 0.5620 -0.7956
vn 0.7370 0.0760 0.6716
vn -0.8512 0.5121 -0.1149
vn -0.5488 0.7436 -0.3818
vn 0.9037 0.4010 -0.1500
vn -0.5159 0.3269 -0.7918
vn -0.9345 0.3557 0.0158
vn -0.4296 0.0144 -0.9029
vn 0.3393 -0.4913 -0.8022
vn 0.2134 -0.3903 -0.8956
vn 0.0736 -0.8709 0.4859
vn -0.3066 0.5871 0.7492
vn -0.2106 0.6973 0.6851
vn 0.0487 -0.6098 0.7910
vn 0.8066 0.5875 0.0653
vn -0.0863 -0.8101 0.5799
vn 0.6953 0.0375 -0.7178
vn 0.5510 -0.7119 -0.4353
vn -0.4954 -0.8657 0.0721
vn -0.7927 0.1030 -0.6008
vn -0.8257 0.2066 0.5249
vn 0.5295 -0.3041 -0.7919
vn -0.9110 0.3937 -0.1228
vn -0.7037 0.1094 -0.7020
vn 0.2805 -0.6592 -0.6977
vn 0.4401 0.8843 0.1563
vn -0.8358 0.2090 -0.5077
vn 0.1385 -0.9597 -0.2445
vn -0.7259 0.6752 -0.1312
vn -0.8569 -0.5011 0.1206
vn 0.3771 0.7002 -0.6062
vn -0.1260 0.5607 -0.8184
vn 0.9578 0.2857 -0.0309
vn 0.8090 0.5878 0.0003
vn -0.8980 0.2075 -0.3881
vn 0.2251 0.2685 -0.9366
vn 0.9305 -0.3660 -0.0129
vn 0.0820 0.0123 -0.9966
vn 0.3205 0.7647 -0.5590
vn 0.1913 0.1212 -0.9740
vn 0.1468 0.4581 -0.8767
vn 0.4606 0.4471 -0.7668
vn -0.8476 0.5306 -0.0036
vn 0.5944 0.7979 -0.1006
vn 0.9368 -0.0978 0.3358
vn -0.4569 -0.2154 -0.8630
vn 0.2910 -0.7635 -0.5766
vn 0.9994 0.0314 -0.0135
vn 0.9268 0.2460 0.2837
vn -0.1555 0.7115 0.6852
vn 0.8250 0.2909 -0.4844
vn 0.9709 0.2178 -0.0999
vn -0.4422 0.4030 -0.8012
vn -0.6974 -0.2745 -0.6620
vn -0.4109 -0.8323 -0.3721
vn 0.2120 0.5694 0.7942
vn 0.3638 -0.8394 -0.4039
vn 0.1558 0.0097 0.9877
vn -0.1717 0.5741 0.8006
vn -0.0767 0.1276 0.9889
vn -0.9873 0.1379 -0.0782
vn -0.7957 0.5960 -0.1081
vn 0.3251 -0.5529 0.7672
vn 0.0988 -0.3322 0.9380
vn 0.2506 -0.2255 -0.9415
vn 0.1451 -0.3605 0.9214
vn 0.6232 0.3979 -0.6733
vn -0.0731 -0.0170 0.9972
vn -0.9388 -0.2381 0.2488
vn -0.9923 -0.1226 -0.0192
vn -0.5198 -0.3164 0.7936
vn -0.9795 0.0885 -0.1808
vn -0.3875 -0.7139 -0.5833
vn -0.5484 -0.1047 -0.8296
vn -0.1779 0.6370 0.7501
vn -0.8645 -0.2783 -0.4185
vn -0.7073 0.2359 -0.6663
vn -0.8239 -0.5652 0.0419
vn 0.3131 0.7932 0.5224
vn -0.8428 -0.1304 -0.5222
vn 0.5130 -0.0787 0.8548
vn 0.2403 -0.9332 -0.2671
vn 0.2224 0.6488 0.7277
vn -0.6207 0.7329 -0.2786
vn -0.8281 0.5372 -0.1602
vn 0.7202 -0.6675 -0.1888
vn -0.4322 0.6250 0.6500
vn 0.9808 -0.1028 0.1658
vn -0.4391 0.7726 0.4586
vn 0.7544 -0.6560 0.0225
vn -0.8634 0.5040 -0.0229
vn 0.6821 -0.5841 0.4399
vn 0.7718 -0.0505 0.6338
vn 0.0465 0.9827 -0.1791
vn 0.3088 -0.6918 0.6527
vn 0.9289 0.0984 0.3571
vn -0.2993 0.4415 -0.8459
vn -0.8597 0.0859 -0.5036
vn 0.6944 0.2704 -0.6668
vn 0.2562 0.4377 -0.8618
vn -0.6167 0.7088 -0.3426
vn -0.7429 0.4475 0.4979
vn -0.6804 0.4836 0.5507
vn -0.1396 -0.1162 -0.9834
vn 0.7852 -0.2243 0.5772
vn 0.0056 -0.3693 -0.9293
vn 0.7637 -0.6448 -0.0324
vn -0.5837 0.7876 -0.1976
vn 0.2165 -0.4774 0.8516
vn 0.3955 -0.8922 0.2179
vn -0.8107 -0.4864 0.3259
vn -0.6302 0.0353 0.7756
vn -0.8618 -0.2268 0.4537
vn 0.6823 -0.7164 -0.1457
vn 0.3683 0.4020 -0.8383
vn -0.4982 0.8443 0.1974
vn -0.6991 0.2272 0.6780
vn -0.5707 0.3657 -0.7352
vn 0.4058 -0.3316 0.8517
vn -0.9663 -0.1109 -0.2325
vn 0.0992 -0.1420 0.9849
vn 0.8993 -0.1299 -0.4177
vn 0.5757 0.8115 0.1000
vn 0.3181 0.7609 0.5655
vn 0.2643 0.6758 -0.6880
vn 0.4541 -0.8595 0.2347
vn -0.9319 -0.2503 0.2626
vn 0.0610 0.5701 -0.8193
vn -0.8649 0.4879 -0.1179
vn 0.8587 -0.1007 0.5025
vn -0.2953 -0.2233 -0.9289
vn -0.5005 0.8656 -0.0152
vn 0.3725 0.7999 0.4705
vn 0.1329 -0.2283 -0.9645
vn -0.8311 0.1163 -0.5438
vn 0.5464 -0.4901 0.6791
vn -0.7209 0.0357 -0.6921
vn -0.8282 -0.3212 0.4594
vn 0.5563 -0.1721 -0.8130
vn -0.4277 -0.3401 0.8375
vn -0.6967 -0.3493 -0.6266
vn 0.3525 0.8859 0.3015
vn -0.1760 0.9199 0.3505
vn 0.7599 0.5966 -0.2582
vn 0.7808 0.2982 0.5490
vn -0.9498 0.2194 0.2229
vn -0.8522 -0.3816 -0.3579
vn 0.1255 -0.5260 -0.8412
vn 0.5528 0.7829 0.2854
vn 0.9666 0.0794 -0.2438
vn 0.8401 0.3841 -0.3829
vn 0.6671 0.7323 -0.1364
vn 0.5100 -0.8561 -0.0839
vn 0.3919 -0.8974 0.2025
vn 0.5000 0.6913 -0.5217
vn 0.9448 0.2356 -0.2277
vn 0.4100 -0.8893 0.2025
vn 0.6712 -0.3134 0.6718
vn 0.4700 -0.8427 0.2625
vn 0.8359 -0.0382 0.5476
vn -0.9752 0.1352 0.1752
vn -0.9498 0.2980 -0.0952
vn -0.8813 0.4096 -0.2357
vn -0.7280 0.3486 -0.5903
vn 0.4507 -0.1053 -0.8865
vn 0.9455 -0.2557 0.2015
vn 0.6756 -0.3033 -0.6721
vn 0.1424 -0.3952 0.9075
vn -0.3114 -0.7761 0.5484
vn -0.6811 -0.0930 -0.7263
vn 0.4220 -0.2773 0.8632
vn -0.0732 -0.4987 -0.8637
vn -0.3208 -0.1993 -0.9260
vn 0.9029 -0.4023 -0.1511
vn 0.2597 -0.9410 -0.2169
vn 0.5056 0.8480 0.1590
vn -0.8424 -0.1910 -0.5038
vn 0.5422 0.1020 -0.8340
vn 0.4533 0.3038 0.8380
vn -0.6451 0.5770 0.5009
vn -0.6112 -0.6380 -0.4684
vn 0.8380 -0.3251 0.4382
vn -0.5558 0.7517 -0.3549
vn -0.0005 -0.5877 0.8091
vn -0.5476 0.8363 0.0250
vn 0.5208 -0.8382 -0.1616
vn -0.2399 -0.9606 0.1406
vn -0.4038 0.8859 0.2284
vn 0.1724 -0.0438 -0.9841
vn -0.4603 -0.8783 0.1293
vn -0.7994 0.6004 0.0222
vn -0.9259 0.2632 -0.2709
vn 0.5429 0.0111 0.8397
vn 0.0197 0.4723 0.8812
vn -0.5615 0.5250 -0.6396
vn 0.1750 -0.5286 -0.8307
vn -0.5178 0.6253 -0.5838
vn -0.3715 0.1638 -0.9139
vn 0.9057 -0.3215 0.2764
vn 0.9929 0.0219 -0.1173
vn -0.8913 0.3707 -0.2609
vn 0.7734 0.0267 0.6333
vn -0.2431 -0.9692 -0.0392
vn -0.5237 0.3641 -0.7702
vn 0.1926 -0.9335 0.3023
vn 0.7845 0.1494 0.6018
vt 3.874000 2.448200
vt 3.978500 2.461900
vt 3.943400 2.543900
vt 3.817400 2.502900
vt 3.842800 2.571300
vt 3.933600 2.630900
vt 3.585900 2.780300
vt 3.456100 2.860400
vt 3.527300 2.741200
vt 3.834000 2.849600
vt 3.728500 2.895500
vt 3.576200 2.923800
vt 3.796900 2.971700
vt 3.948200 2.872100
vt 3.919900 2.773400
vt 3.536100 2.654300
vt 3.795900 2.667000
vt 3.837900 2.785200
vt 3.871100 2.360400
vt 3.892600 2.414100
vt 3.893600 2.114300
vt 3.973600 2.224600
vt 3.903300 2.253900
vt 3.863300 2.169900
vt 3.759800 2.143600
vt 3.760700 2.182600
vt 3.813500 2.234400
vt 3.714800 2.275400
vt 3.865200 1.526400
vt 3.869100 1.968800
vt 3.781200 1.981400
vt 3.789100 1.532200
vt 3.692400 1.964800
vt 3.707000 1.564500
vt 3.716800 1.173800
vt 3.808600 1.208000
vt 3.857400 1.204100
vt 3.833000 1.001000
vt 3.824200 0.373000
vt 3.750000 0.358400
vt 3.835000 0.127900
vt 3.889600 0.196300
vt 2.962900 2.016600
vt 2.936500 1.905300
vt 2.837900 1.895500
vt 2.918900 2.341800
vt 2.973600 2.341800
vt 2.587900 2.086900
vt 2.943400 2.636700
vt 2.964800 2.706100
vt 2.892600 2.781200
vt 2.843800 2.770500
vt 2.810500 2.801800
vt 2.815400 2.665000
vt 2.897500 2.624000
vt 2.615200 2.450200
vt 2.509800 2.359400
vt 2.439500 2.343800
vt 2.389600 2.502000
vt 2.540000 2.456100
vt 2.485400 2.617200
vt 2.674800 2.705100
vt 2.752000 2.648400
vt 2.708000 2.814500
vt 2.787100 2.889600
vt 2.819300 2.872100
vt 2.757800 2.918000
vt 2.833000 2.970700
vt 2.942400 1.474600
vt 2.843800 1.560500
vt 2.931600 1.534200
vt 0.828100 0.278300
vt 0.720700 0.462900
vt 0.847700 0.501000
vt 0.925800 0.499000
vt 0.996100 0.432600
vt 0.912100 0.183600
vt 0.894500 -0.400400
vt 0.829100 -0.294900
vt 0.966800 -0.498000
vt 0.811500 -0.622100
vt 0.969700 -0.632800
vt 0.856400 -0.744100
vt 0.785200 -0.758800
vt 1.038100 -0.717800
vt 0.961900 -0.796900
vt 3.725600 2.376000
vt 3.714800 2.524400
vt 3.663100 2.381800
vt 3.716800 2.295900
vt 3.596700 2.353500
vt 3.556600 2.538100
vt 3.507800 2.478500
vt 3.479500 2.498000
vt 3.472700 2.369100
vt 3.525400 2.365200
vt 3.492200 2.299800
vt 3.522500 2.232400
vt 3.585900 2.233400
vt 3.630900 2.243200
vt 1.487300 0.115200
vt 1.437500 0.104500
vt 1.496100 0.039100
vt 1.607400 0.100600
vt 1.456100 0.151400
vt 1.466800 0.211900
vt 1.514600 0.259800
vt 1.538100 -0.047900
vt 1.592800 -0.004900
vt 1.467800 -0.017600
vt 3.083000 -0.827100
vt 3.036100 -0.916000
vt 3.183600 -0.860400
vt 3.138700 -0.627000
vt 3.015600 -0.631800
vt 2.972700 -0.801800
vt 2.971700 -0.855500
vt 2.884800 -0.842800
vt 2.887700 -0.744100
vt 2.930700 -0.599600
vt 3.000000 -0.282200
vt 3.100600 -0.266600
vt 3.101600 0.328100
vt 2.971700 0.340800
vt 3.200200 0.369100
vt 3.198200 -0.397500
vt 3.262700 -0.757800
vt 3.294900 -0.352500
vt 3.296900 0.349600
vt 3.335000 0.339800
vt 3.380900 -0.318400
vt 3.336900 -0.679700
vt 3.362300 -0.824200
vt 3.433600 -0.793900
vt 3.377000 -0.915000
vt 3.252900 -0.982400
vt 1.647500 -0.162100
vt 1.650400 -0.164100
vt 1.691400 -0.595700
vt 1.719700 -0.627000
vt 0.918900 -0.630900
vt 0.937500 -0.638700
vt 1.170900 0.115200
vt 1.041000 0.133800
vt 1.094700 -0.542000
vt 1.150400 -0.772500
vt 1.191400 -0.551800
vt 1.293900 -0.753900
vt 1.177700 -0.893600
vt 1.067400 -0.919900
vt 1.305700 -0.887700
vt 1.206100 -0.977500
vt 1.141600 -0.988300
vt 1.279300 -0.437500
vt 1.352500 0.101600
vt 1.300800 0.139600
vt 1.354500 0.293000
vt 1.154300 0.276400
vt 1.052700 0.117200
vt 1.232400 0.334000
vt 0.984400 0.296900
vt 1.000000 0.385700
vt 1.161100 0.393600
vt 1.041000 0.438500
vt 1.155300 0.498000
vt 2.198200 2.886700
vt 2.440400 2.752000
vt 2.289100 2.498000
vt 2.162100 2.615200
vt 1.832000 2.748000
vt 1.836900 2.960000
vt 1.451200 2.952100
vt 1.504900 2.733400
vt 1.200200 2.849600
vt 1.303700 2.661100
vt 1.368200 2.424800
vt 1.646500 2.473600
vt 1.931600 2.450200
vt 1.539100 2.234400
vt 1.242200 2.256800
vt 1.292000 2.187500
vt 1.519500 2.064500
vt 0.515600 2.247100
vt 0.515600 2.140600
vt 0.522500 2.135700
vt 0.596700 2.216800
vt 0.515600 2.379900
vt 0.703100 2.131800
vt 0.567400 2.038100
vt 0.679700 2.372100
vt 0.515600 2.546900
vt 0.693400 2.585000
vt 0.887700 2.345700
vt 0.992200 2.535200
vt 0.967800 2.795900
vt 0.698200 2.745100
vt 0.515600 2.745100
vt 0.515600 2.978500
vt 0.748000 2.941400
vt 0.643600 1.931600
vt 0.570300 1.960900
vt 0.543900 1.937500
vt 0.515600 1.880900
vt 0.515600 1.935500
vt 0.634800 1.849600
vt 0.618200 1.748000
vt 0.515600 1.743200
vt 0.780300 1.846700
vt 0.763700 1.750000
vt 0.896500 1.738300
vt 0.958000 1.780300
vt 0.983400 1.897500
vt 1.128900 1.857400
vt 0.979500 1.977500
vt 1.124000 2.029300
vt 0.946300 2.012700
vt 0.880900 1.928700
vt 0.750000 1.933600
vt 0.937500 2.071300
vt 0.377000 1.099600
vt 0.415000 1.138700
vt 0.535200 1.084000
vt 0.460900 1.027300
vt 0.517600 0.872100
vt 0.449200 0.908200
vt 0.373000 0.844700
vt 0.401400 0.771500
vt 0.245100 0.800800
vt 0.226600 0.724600
vt 0.413100 1.225600
vt 0.673800 1.225600
vt 0.694300 1.161100
vt 0.411100 1.161100
vt 1.079100 1.326200
vt 1.107400 1.239300
vt 0.956100 1.239300
vt 0.888700 1.326200
vt 0.725600 1.239300
vt 0.682600 1.300800
vt 0.466800 1.300800
vt 0.473600 1.239300
vt 1.496100 1.239300
vt 1.312500 1.239300
vt 1.335000 1.326200
vt 1.533200 1.326200
vt 0.232400 0.286100
vt 0.217800 0.350600
vt 0.634800 0.354500
vt 0.643600 0.276400
vt 0.215800 0.401400
vt 0.210900 0.480500
vt 0.589800 0.457000
vt 0.602500 0.397500
vt 0.719700 0.181600
vt 0.721700 0.105500
vt 0.457000 0.101600
vt 0.418900 0.188500
vt 0.356400 0.107400
vt 0.210900 0.233400
vt 0.205100 0.188500
vt 0.378900 0.060500
vt 0.422900 0.047900
vt 0.380900 0.029300
vt 0.457000 -0.001000
vt 0.362300 -0.177700
vt 0.250000 0.137700
vt 0.198200 0.033200
vt 0.461900 -0.074200
vt 0.516600 0.001000
vt 0.520500 -0.070300
vt 0.534200 1.378900
vt 0.539100 1.543000
vt 0.638700 1.543900
vt 0.630900 1.381800
vt 0.608400 1.334000
vt 0.520500 1.332000
vt 0.815400 1.404300
vt 0.800800 1.549800
vt 0.807600 1.359400
vt 0.355500 1.686500
vt 0.301800 1.724600
vt 0.226600 1.692400
vt 0.420900 1.629900
vt 0.067400 1.511700
vt 0.502900 1.544900
vt 0.252000 1.410200
vt 0.081100 1.289100
vt 0.481400 1.416000
vt 0.258800 1.260700
vt 0.427700 1.271500
vt 0.360400 1.193400
vt 0.123000 1.931600
vt 0.190400 1.938500
vt 0.179700 1.834000
vt 0.124000 1.829100
vt 0.232400 1.768600
vt 0.130900 1.748000
vt 0.089800 1.913100
vt 0.068400 1.825200
vt 0.079100 1.984400
vt 0.085000 1.908200
vt 0.075200 2.002000
vt 0.586900 1.008800
vt 0.834000 1.008800
vt 0.827100 1.074200
vt 0.580100 1.074200
vt 0.571300 0.930700
vt 0.866200 0.930700
vt 0.858400 0.994100
vt 0.570300 0.994100
vt 0.984400 1.326200
vt 1.032200 1.239300
vt 0.736300 -0.070300
vt 0.743200 0.001000
vt 0.128900 0.038100
vt 0.128900 -0.029300
vt 0.128900 0.254900
vt 0.195300 0.377900
vt 0.180700 0.506800
vt 0.128900 0.593800
vt 0.220700 0.603500
vt 0.216800 0.534200
vt 0.503900 0.525400
vt 0.504900 0.603500
vt 0.208000 0.657200
vt 0.201200 0.710000
vt 0.460000 0.654300
vt 0.451200 0.728500
vt 0.221700 0.820300
vt 0.128900 0.949200
vt 0.199200 0.941400
vt 0.348600 0.911100
vt 0.314500 0.982400
vt 0.983400 1.466800
vt 0.950200 1.375000
vt 1.021500 1.348600
vt 1.094700 1.415000
vt 1.112300 1.535200
vt 1.123000 1.389600
vt 1.168900 1.522500
vt 1.094700 1.655300
vt 1.171900 1.708000
vt 1.001000 1.560500
vt 1.066400 1.775400
vt 0.911100 1.497100
vt 0.907200 1.578100
vt 2.296900 2.495100
vt 2.015600 2.224600
vt 1.789100 2.461900
vt 1.777300 2.229500
vt 1.266600 2.221700
vt 1.291000 1.980500
vt 1.941400 2.019500
vt 2.225600 1.887700
vt 2.319300 2.140600
vt 2.460000 1.776400
vt 2.569300 2.049800
vt 1.869100 1.802700
vt 2.081100 1.657200
vt 1.834000 1.631800
vt 1.521500 1.781200
vt 1.384800 1.777300
vt 1.235400 1.859400
vt 1.439500 1.536100
vt 1.623000 1.616200
vt 1.617200 1.517600
vt 1.697300 1.505900
vt 1.786100 1.502900
vt 3.590800 2.546900
vt 3.821300 2.587900
vt 3.564500 2.629900
vt 3.753900 2.083000
vt 3.872100 2.026400
vt 3.803700 2.016600
vt 3.706100 2.020500
vt 3.668000 2.198200
vt 1.865200 -0.986300
vt 1.922900 -0.972700
vt 1.873000 -0.938500
vt 1.832000 -0.968800
vt 1.914100 -0.521500
vt 1.861300 -0.541000
vt 1.948200 -0.944300
vt 1.997100 -0.878900
vt 1.992200 -0.534200
vt 2.027300 -0.084000
vt 1.923800 -0.072300
vt 1.879900 0.011700
vt 1.821300 0.050800
vt 1.914100 0.109400
vt 1.878900 0.151400
vt 2.003900 0.023400
vt 1.953100 0.101600
vt 2.085900 -0.008800
vt 2.106400 -0.065400
vt 2.067400 0.082000
vt 1.979500 0.147500
vt 2.153300 0.024400
vt 1.756800 -0.965800
vt 1.800800 -0.980500
vt 1.746100 -0.626000
vt 1.715800 -0.925800
vt 1.692400 -0.615200
vt 1.712900 -0.120100
vt 1.768600 -0.031200
vt 1.692400 -0.023400
vt 1.693400 0.067400
vt 1.645500 -0.102500
vt 2.592800 0.472700
vt 2.544900 0.486300
vt 2.318400 0.445300
vt 2.313500 0.405300
vt 2.133800 0.491200
vt 2.166000 0.581100
vt 3.876000 0.558600
vt 3.927700 0.684600
vt 3.768600 0.556600
vt 3.468800 0.646500
vt 3.943400 0.817400
vt 3.835900 0.947300
vt 3.727500 1.032200
vt 3.449200 0.997100
vt 3.225600 0.829100
vt 3.367200 0.689500
vt 2.426800 1.349600
vt 2.268600 1.309600
vt 2.294900 1.367200
vt 2.512700 1.502000
vt 2.294900 1.446300
vt 2.222700 1.395500
vt 2.483400 1.676800
vt 2.573200 1.609400
vt 2.560500 1.673800
vt 2.711900 1.698200
vt 2.797900 1.583000
vt 2.740200 1.544900
vt 2.843800 1.676800
vt 2.770500 1.741200
vt 2.652300 1.464800
vt 2.689500 1.407200
vt 2.721700 1.424800
vt 2.674800 1.458000
vt 2.784200 1.466800
vt 1.023400 0.038100
vt 1.094700 -0.641600
vt 1.085000 -0.765600
vt 1.022500 -0.852500
vt 3.440400 2.114300
vt 3.480500 2.070300
vt 3.606400 2.129900
vt 3.569300 2.148400
vt 3.566400 2.188500
vt 3.474600 2.167000
vt 3.390600 2.181600
vt 3.437500 2.250000
vt 3.316400 2.320300
vt 3.341800 2.171900
vt 3.258800 2.305700
vt 3.252000 2.244100
vt 3.313500 2.158200
vt 3.341800 2.110400
vt 3.247100 2.147500
vt 3.259800 2.077100
vt 3.930700 -0.981400
vt 3.926800 -0.982400
vt 3.929700 -0.984400
vt 3.927700 -0.986300
vt 3.924800 -0.986300
vt 3.926800 -0.988300
vt 3.922900 -0.990200
vt 3.920900 -0.990200
vt 3.922900 -0.992200
vt 2.564500 0.436500
vt 2.500000 0.473600
vt 2.522500 0.354500
vt 2.628900 0.341800
vt 2.532200 0.252900
vt 2.293900 0.360400
vt 2.564500 0.005900
vt 2.340800 0.149400
vt 2.245100 0.144500
vt 2.173800 0.335900
vt 2.373000 -0.389600
vt 2.466800 -0.449200
vt 2.507800 -0.739300
vt 2.581100 -0.805700
vt 2.450200 -0.783200
vt 2.513700 -0.876000
vt 2.545900 -0.881800
vt 2.561500 -0.960900
vt 2.499000 -0.966800
vt 2.437500 -0.892600
vt 2.442400 -0.959000
vt 2.359400 -0.881800
vt 2.358400 -0.910200
vt 2.315400 -0.878900
vt 2.325200 -0.786100
vt 2.270500 -0.776400
vt 2.265600 -0.869100
vt 2.199200 -0.830100
vt 2.199200 0.002900
vt 2.050800 0.308600
vt 2.061500 0.369100
vt 2.150400 0.440400
vt 2.689500 0.225600
vt 2.657200 0.258800
vt 2.634800 0.085900
vt 2.676800 0.139600
vt 2.687500 -0.486300
vt 2.718800 -0.165000
vt 2.733400 0.144500
vt 2.764600 0.234400
vt 2.782200 0.084000
vt 2.746100 -0.159200
vt 2.759800 -0.489300
vt 2.726600 -0.567400
vt 2.746100 -0.613300
vt 2.770500 -0.915000
vt 2.743200 -0.900400
vt 2.718800 -0.980500
vt 2.692400 -0.908200
vt 2.675800 -0.910200
vt 2.610400 -0.907200
vt 2.630900 -0.982400
vt 2.015600 -0.918000
vt 1.991200 -0.543000
vt 1.599600 -0.083000
vt 1.636700 0.061500
vt 1.551800 0.013700
vt 1.582000 -0.438500
vt 1.612300 -0.444300
vt 1.610400 -0.711900
vt 1.554700 -0.688500
vt 1.524400 -0.434600
vt 1.428700 -0.080100
vt 1.417000 0.018600
vt 1.366200 -0.059600
vt 1.502900 -0.438500
vt 1.397500 -0.454100
vt 1.363300 -0.728500
vt 1.475600 -0.720700
vt 1.505900 -0.709000
vt 1.546900 -0.860400
vt 1.630900 -0.877900
vt 1.681600 -0.839800
vt 1.645500 -0.910200
vt 1.524400 -0.971700
vt 1.538100 -0.936500
vt 1.497100 -0.941400
vt 1.495100 -0.844700
vt 1.457000 -0.875000
vt 1.342800 -0.864300
vt 1.456100 -0.921900
vt 1.475600 -0.972700
vt 1.340800 -0.939500
vt 0.057600 0.941400
vt 0.036100 0.820300
vt 0.056600 0.710000
vt 0.048800 0.657200
vt 0.037100 0.603500
vt 0.077100 0.506800
vt 0.040000 0.534200
vt 0.061500 0.377900
vt 0.045900 0.480500
vt 0.042000 0.401400
vt 0.025400 0.286100
vt 0.040000 0.350600
vt 0.046900 0.233400
vt 0.052700 0.188500
vt 0.059600 0.033200
vt 0.007800 0.137700
vt 0.414100 1.748000
vt 0.396500 1.849600
vt 0.251000 1.846700
vt 0.268600 1.750000
vt 0.387700 1.931600
vt 0.281200 1.933600
vt 0.487300 1.937500
vt 0.461900 1.960900
vt 0.463900 2.038100
vt 0.328100 2.131800
vt 0.509800 2.135700
vt 0.277300 2.010700
vt 0.175800 2.074200
vt 0.247100 2.175800
vt 0.089800 2.203100
vt 0.180700 2.228500
vt 0.186500 2.327100
vt 0.099600 2.298800
vt 0.204100 2.362300
vt 0.246100 2.343800
vt 0.086900 2.394500
vt 0.384800 2.381800
vt 0.326200 2.359400
vt 0.414100 2.302700
vt 0.484400 2.228500
vt 0.434600 2.216800
vt 0.338900 2.585000
vt 0.076200 2.564500
vt 0.002900 2.504900
vt 0.064500 2.795900
vt 0.334000 2.745100
vt 0.283200 2.941400
vt 1.117200 2.713900
vt 1.087900 2.500000
vt 1.043000 2.525400
vt 1.010700 2.590800
vt 1.328100 2.587900
vt 1.161100 2.608400
vt 1.161100 2.586900
vt 1.293000 2.458000
vt 1.317400 2.379900
vt 1.156200 2.472700
vt 1.167000 2.382800
vt 1.176800 2.335000
vt 1.193400 2.311500
vt 1.156200 1.083000
vt 1.152300 1.151400
vt 0.864300 1.151400
vt 0.866200 1.083000
vt 0.586900 1.083000
vt 0.578100 1.151400
vt 0.969700 1.225600
vt 1.006800 1.161100
vt 1.210900 1.225600
vt 1.210900 1.161100
vt 1.364300 1.161100
vt 1.374000 1.225600
vt 0.147500 1.182600
vt 0.439500 1.613300
vt 0.229500 1.718800
vt 0.006800 1.715800
vt 0.139600 1.288100
vt 0.165000 1.176800
vt 0.064500 1.295900
vt 0.997100 2.659200
vt 1.025400 2.684600
vt 1.057600 2.771500
vt 1.030300 2.856400
vt 1.132800 2.205100
vt 1.010700 2.060500
vt 1.181600 2.053700
vt 1.528300 -0.126000
vt 1.455100 0.028300
vt 1.429700 -0.267600
vt 1.455100 -0.455100
vt 1.428700 -0.699200
vt 1.586900 0.074200
vt 3.924800 -0.987300
vt 3.921900 -0.987300
vt 3.923800 -0.989300
vt 3.920900 -0.994100
vt 3.918900 -0.994100
vt 3.920900 -0.996100
vt 2.678700 1.040000
vt 2.427700 1.252000
vt 2.386700 1.122100
vt 2.373000 0.973600
vt 2.580100 1.319300
vt 2.706100 1.353500
vt 2.956100 1.227500
vt 3.105500 0.995100
vt 2.928700 0.910200
vt 2.835900 0.898400
vt 2.772500 0.857400
vt 2.602500 0.834000
vt 2.769500 0.686500
vt 2.492200 0.832000
vt 2.462900 0.668000
vt 2.597700 0.589800
vt 2.468800 0.589800
vt 2.383800 0.533200
vt 2.314500 0.610400
vt 2.273400 0.764600
vt 2.346700 0.739300
vt 3.947300 1.174800
vt 3.946300 1.565400
vt 3.967800 1.964800
vt 1.294900 1.536100
vt 1.253900 1.410200
vt 1.347700 1.392600
vt 1.349600 1.486300
vt 1.190400 1.381800
vt 1.338900 1.614300
vt 1.247100 1.541000
s 1
usemtl AM_A_1000_4
f 480/320/442 482/321/443 481/322/444
f 481/322/444 483/323/445 480/320/442
f 484/324/446 483/323/445 481/322/444
f 481/322/444 485/325/447 484/324/446
f 486/326/448 488/327/449 487/328/450
f 486/326/451 490/329/452 489/330/453
f 489/330/453 491/331/454 486/326/451
f 492/332/455 491/331/454 489/330/453
f 489/330/453 490/329/452 492/332/455
f 493/333/456 490/329/457 494/334/458
f 495/326/459 497/327/460 496/328/461
f 495/326/462 499/329/463 498/330/464
f 498/330/464 500/331/465 495/326/462
f 501/332/466 500/331/465 498/330/464
f 498/330/464 499/329/463 501/332/466
f 502/333/467 499/329/468 503/334/469
f 504/326/459 506/327/460 505/328/461
f 504/326/462 508/329/463 507/330/464
f 507/330/464 509/331/465 504/326/462
f 510/332/466 509/331/465 507/330/464
f 507/330/464 508/329/463 510/332/466
f 511/333/470 508/329/471 512/334/472
f 513/335/473 515/336/474 514/337/475
f 514/337/475 516/326/476 513/335/473
f 517/329/477 516/326/476 514/337/475
f 514/337/475 518/334/478 517/329/477
f 519/333/479 517/329/477 518/334/478
f 520/330/480 516/326/476 517/329/477
f 517/329/477 521/332/481 520/330/480
f 522/331/482 520/330/480 521/332/481
f 516/326/476 520/330/480 522/331/482
f 523/328/483 516/326/484 524/327/485
f 525/326/459 527/327/486 526/328/461
f 525/326/487 529/329/463 528/330/488
f 528/330/488 530/331/465 525/326/487
f 531/332/466 530/331/465 528/330/488
f 528/330/488 529/329/463 531/332/466
f 532/333/489 529/329/490 533/334/491
f 534/320/492 536/338/493 535/339/494
f 537/322/495 538/323/496 534/320/497
f 534/320/497 539/321/498 537/322/495
f 540/324/499 538/323/496 537/322/495
f 537/322/495 541/325/500 540/324/499
f 542/340/501 544/341/502 543/342/503
f 543/342/503 545/343/504 542/340/501
f 546/344/505 542/340/501 545/343/504
f 545/343/504 547/345/506 546/344/505
f 548/346/507 547/345/506 545/343/504
f 545/343/504 543/342/503 548/346/507
f 549/347/508 548/346/507 543/342/503
f 547/345/506 548/346/507 549/347/508
f 550/348/509 552/349/510 551/350/511
f 551/350/511 553/351/512 550/348/509
f 553/351/512 551/350/511 554/352/513
f 554/352/513 555/353/514 553/351/512
f 556/354/515 553/351/512 555/353/514
f 553/351/512 556/354/515 557/355/516
f 557/355/516 550/348/509 553/351/512
f 558/356/517 550/348/509 557/355/516
f 557/355/516 559/357/518 558/356/517
f 559/357/518 557/355/516 556/354/515
f 560/358/519 562/359/520 561/360/521
f 561/360/521 563/361/522 560/358/519
f 564/362/523 566/363/524 565/364/525
f 565/364/525 567/365/526 564/362/523
f 568/366/527 564/362/523 567/365/526
f 567/365/526 565/364/525 569/367/528
f 568/366/527 567/365/526 570/368/529
f 570/368/529 571/369/530 568/366/527
f 572/370/531 571/369/530 570/368/529
f 570/368/529 573/371/532 572/370/531
f 574/372/533 572/370/531 573/371/532
f 575/373/534 573/371/532 570/368/529
f 570/368/529 576/374/535 575/373/534
f 576/374/535 570/368/529 567/365/526
f 567/365/526 575/373/534 576/374/535
f 577/375/536 575/373/534 567/365/526
f 567/365/526 569/367/528 577/375/536
f 578/376/537 577/375/536 569/367/528
f 569/367/528 579/377/538 578/376/537
f 580/378/539 578/376/537 579/377/538
f 581/379/540 578/376/537 580/378/539
f 580/378/539 582/380/541 581/379/540
f 583/381/542 581/379/540 582/380/541
f 584/382/543 581/379/540 583/381/542
f 583/381/542 574/372/533 584/382/543
f 573/371/532 584/382/543 574/372/533
f 584/382/543 573/371/532 575/373/534
f 574/372/533 583/381/542 585/383/544
f 585/383/544 586/384/545 574/372/533
f 587/385/546 574/372/533 586/384/545
f 586/384/545 585/383/544 588/386/547
f 589/387/548 587/385/546 586/384/545
f 586/384/545 588/386/547 589/387/548
f 590/388/549 592/389/550 591/390/551
f 593/391/552 595/392/553 594/393/554
f 594/393/554 596/394/555 593/391/552
f 597/395/556 593/391/552 596/394/555
f 593/391/552 597/395/556 598/396/557
f 598/396/557 599/397/558 593/391/552
f 600/398/559 593/391/552 599/397/558
f 599/397/558 598/396/557 601/399/560
f 602/400/561 600/398/559 599/397/558
f 599/397/558 601/399/560 603/401/562
f 603/401/562 604/402/563 599/397/558
f 602/400/561 599/397/558 604/402/563
f 604/402/563 605/403/564 602/400/561
f 604/402/563 603/401/562 606/404/565
f 606/404/565 607/405/566 604/402/563
f 608/406/567 610/407/568 609/408/569
f 609/408/569 611/409/570 608/406/567
f 612/410/571 609/408/572 613/411/573
f 613/411/573 614/412/574 612/410/571
f 614/412/574 613/411/573 615/413/575
f 615/413/575 616/414/576 614/412/574
f 617/415/577 614/412/574 616/414/576
f 612/410/571 614/412/574 617/415/577
f 617/415/577 616/414/576 618/416/578
f 618/416/578 612/410/571 617/415/577
f 612/410/571 618/416/578 619/417/579
f 619/417/579 620/418/580 612/410/571
f 621/419/581 612/410/571 620/418/580
f 622/322/444 624/325/447 623/324/446
f 623/324/446 625/323/445 622/322/444
f 626/320/442 622/322/444 625/323/445
f 627/321/443 622/322/444 626/320/442
f 628/335/473 630/336/474 629/337/475
f 629/337/475 631/326/476 628/335/473
f 632/329/582 631/326/476 629/337/475
f 629/337/475 633/334/478 632/329/582
f 634/333/583 632/329/582 633/334/478
f 635/330/480 631/326/476 632/329/582
f 632/329/582 636/332/481 635/330/480
f 637/331/584 635/330/480 636/332/481
f 631/326/476 635/330/480 637/331/584
f 638/328/483 631/326/484 639/327/485
f 640/348/585 642/349/586 641/350/587
f 641/350/587 643/351/588 640/348/585
f 643/351/588 641/350/587 644/352/589
f 644/352/589 645/353/590 643/351/588
f 646/354/591 643/351/588 645/353/590
f 643/351/588 646/354/591 647/355/592
f 647/355/592 640/348/585 643/351/588
f 648/356/593 640/348/585 647/355/592
f 647/355/592 649/357/594 648/356/593
f 649/357/594 647/355/592 646/354/591
f 650/348/595 652/349/596 651/350/597
f 651/350/597 653/351/598 650/348/595
f 653/351/598 651/350/597 654/352/599
f 654/352/599 655/353/600 653/351/598
f 656/354/601 653/351/598 655/353/600
f 653/351/598 656/354/601 657/355/602
f 657/355/602 650/348/595 653/351/598
f 658/356/603 650/348/595 657/355/602
f 657/355/602 659/357/604 658/356/603
f 659/357/604 657/355/602 656/354/601
f 660/420/605 662/421/606 661/422/607
f 661/422/607 663/423/608 660/420/605
f 664/424/609 660/420/605 663/423/608
f 665/425/610 664/424/611 666/426/612
f 663/423/608 661/422/607 667/427/613
f 667/427/613 668/428/614 663/423/608
f 667/427/613 661/422/607 669/429/615
f 670/430/616 672/431/617 671/432/618
f 671/432/618 673/433/619 670/430/616
f 674/434/620 670/430/616 673/433/619
f 670/430/616 674/434/620 675/435/621
f 675/435/621 676/436/622 670/430/616
f 677/437/623 676/436/622 675/435/621
f 675/435/621 678/438/624 677/437/623
f 678/438/624 675/435/621 674/434/620
f 674/434/620 679/439/625 678/438/624
f 680/440/626 679/439/625 674/434/620
f 674/434/620 681/441/627 680/440/626
f 673/433/619 681/441/627 674/434/620
f 680/440/626 681/441/627 682/442/628
f 682/442/628 683/443/629 680/440/626
f 684/444/630 682/442/628 681/441/627
f 681/441/627 685/445/631 684/444/630
f 685/445/631 681/441/627 673/433/619
f 673/433/619 686/446/632 685/445/631
f 671/432/618 686/446/632 673/433/619
f 685/445/631 686/446/632 687/447/633
f 687/447/633 684/444/630 685/445/631
f 688/448/634 684/444/630 687/447/633
f 687/447/633 689/449/635 688/448/634
f 690/450/636 689/449/635 687/447/633
f 687/447/633 691/451/637 690/450/636
f 691/451/637 687/447/633 686/446/632
f 686/446/632 692/452/638 691/451/637
f 671/432/618 692/452/638 686/446/632
f 693/453/639 691/451/637 692/452/638
f 692/452/638 694/454/640 693/453/639
f 694/454/640 692/452/638 671/432/618
f 671/432/618 695/455/641 694/454/640
f 696/456/642 698/457/643 697/458/644
f 697/458/644 699/459/645 696/456/642
f 700/393/646 702/392/647 701/391/648
f 701/391/648 703/394/649 700/393/646
f 703/394/649 701/391/648 704/395/650
f 705/397/651 701/391/652 706/398/653
f 706/398/653 707/400/654 705/397/651
f 708/402/655 705/397/651 707/400/654
f 709/460/656 705/397/651 708/402/655
f 710/403/657 708/402/655 707/400/654
f 711/461/658 708/402/659 712/405/660
f 713/462/661 715/463/662 714/464/663
f 714/464/663 716/465/664 713/462/661
f 717/466/665 713/462/661 716/465/664
f 716/465/664 718/467/666 717/466/665
f 719/468/667 718/467/666 716/465/664
f 716/465/664 720/469/668 719/468/667
f 721/470/669 718/467/666 719/468/667
f 722/471/670 719/468/667 720/469/668
f 720/469/668 723/472/671 722/471/670
f 717/466/665 718/467/666 724/473/672
f 724/473/672 725/474/673 717/466/665
f 726/475/674 717/466/665 725/474/673
f 713/462/661 717/466/665 726/475/674
f 726/475/674 725/474/673 727/476/675
f 727/476/675 713/462/661 726/475/674
f 713/462/661 727/476/675 728/477/676
f 728/477/676 729/478/677 713/462/661
f 728/477/676 727/476/675 730/479/678
f 731/480/679 729/478/677 728/477/676
f 728/477/676 732/481/680 731/480/679
f 732/481/680 728/477/676 733/482/681
f 733/482/681 734/483/682 732/481/680
f 734/483/682 733/482/681 735/484/683
f 736/485/684 738/486/685 737/487/686
f 737/487/686 739/488/687 736/485/684
f 740/489/688 736/485/684 739/488/687
f 741/490/689 736/485/684 740/489/688
f 740/489/688 742/491/690 741/490/689
f 742/491/690 740/489/688 743/492/691
f 743/492/691 744/493/692 742/491/690
f 745/494/693 744/493/692 743/492/691
f 743/492/691 746/495/694 745/494/693
f 747/496/695 746/495/694 743/492/691
f 743/492/691 740/489/688 747/496/695
f 748/497/696 747/496/695 740/489/688
f 740/489/688 739/488/687 748/497/696
f 737/487/686 748/497/696 739/488/687
f 748/497/696 737/487/686 749/498/697
f 749/498/697 747/496/695 748/497/696
f 746/495/694 747/496/695 749/498/697
f 749/498/697 750/499/698 746/495/694
f 751/500/699 750/499/698 749/498/697
f 749/498/697 752/501/700 751/500/699
f 753/502/701 755/503/702 754/504/703
f 754/504/703 756/505/704 753/502/701
f 757/506/705 753/502/701 756/505/704
f 758/507/706 756/505/704 754/504/703
f 754/504/703 759/508/707 758/507/706
f 757/506/705 756/505/704 760/509/708
f 760/509/708 761/510/709 757/506/705
f 762/511/710 761/510/709 760/509/708
f 760/509/708 763/512/711 762/511/710
f 764/513/712 762/511/710 763/512/711
f 762/511/710 764/513/712 765/514/713
f 765/514/713 766/515/714 762/511/710
f 761/510/709 762/511/710 766/515/714
f 766/515/714 767/516/715 761/510/709
f 768/517/716 767/516/715 766/515/714
f 766/515/714 769/518/717 768/517/716
f 765/514/713 769/518/717 766/515/714
f 770/519/718 758/507/706 759/508/707
f 759/508/707 771/520/719 770/519/718
f 772/521/720 770/519/718 771/520/719
f 773/522/721 770/519/718 772/521/720
f 772/521/720 774/523/722 773/522/721
f 775/524/723 770/519/718 773/522/721
f 773/522/721 776/525/724 775/524/723
f 776/525/724 773/522/721 777/526/725
f 775/524/723 776/525/724 778/527/726
f 778/527/726 770/519/718 775/524/723
f 778/527/726 776/525/724 779/528/727
f 779/528/727 780/529/728 778/527/726
f 781/530/729 778/527/726 780/529/728
f 782/531/730 778/527/726 781/530/729
f 781/530/729 783/532/731 782/531/730
f 784/533/732 782/531/730 783/532/731
f 783/532/731 785/534/733 784/533/732
f 782/531/730 784/533/732 786/535/734
f 786/535/734 787/536/735 782/531/730
f 778/527/726 782/531/730 787/536/735
f 787/536/735 788/537/736 778/527/726
f 770/519/718 778/527/726 788/537/736
f 788/537/736 758/507/706 770/519/718
f 789/538/737 758/507/706 788/537/736
f 790/539/738 792/540/739 791/541/740
f 791/541/740 793/542/741 790/539/738
f 793/542/741 791/541/740 794/543/742
f 794/543/742 795/544/743 793/542/741
f 796/545/744 795/544/743 794/543/742
f 794/543/742 797/546/745 796/545/744
f 798/547/746 796/545/744 797/546/745
f 797/546/745 799/548/747 798/547/746
f 800/549/748 802/550/749 801/551/750
f 801/551/750 803/552/751 800/549/748
f 804/553/752 806/554/753 805/555/754
f 805/555/754 807/556/755 804/553/752
f 807/556/755 805/555/754 808/557/756
f 808/557/756 809/558/757 807/556/755
f 810/559/758 809/558/757 808/557/756
f 808/557/756 811/560/759 810/559/758
f 812/561/760 814/562/761 813/563/762
f 813/563/762 815/564/763 812/561/760
f 816/565/764 818/566/765 817/567/766
f 817/567/766 819/568/767 816/565/764
f 820/569/768 822/570/769 821/571/770
f 821/571/770 823/572/771 820/569/768
f 824/573/772 826/574/773 825/575/774
f 825/575/774 827/576/775 824/573/772
f 827/576/775 825/575/774 828/577/776
f 828/577/776 829/578/777 827/576/775
f 829/578/777 828/577/776 830/579/778
f 831/580/779 828/577/776 825/575/774
f 825/575/774 832/581/780 831/580/779
f 833/582/781 831/580/779 832/581/780
f 832/581/780 834/583/782 833/582/781
f 835/584/783 833/582/781 834/583/782
f 836/585/784 833/582/781 835/584/783
f 835/584/783 837/586/785 836/585/784
f 838/587/786 835/584/783 834/583/782
f 834/583/782 839/588/787 838/587/786
f 840/589/788 838/587/786 839/588/787
f 841/590/789 843/591/790 842/592/791
f 842/592/791 844/593/792 841/590/789
f 845/594/793 841/590/789 844/593/792
f 846/595/794 841/590/789 845/594/793
f 847/596/795 845/594/793 844/593/792
f 844/593/792 842/592/791 847/596/795
f 848/597/796 847/596/795 842/592/791
f 845/594/793 847/596/795 849/598/797
f 850/599/798 852/600/799 851/601/800
f 851/601/800 853/602/801 850/599/798
f 853/602/801 851/601/800 854/603/802
f 854/603/802 855/604/803 853/602/801
f 856/605/804 855/604/803 854/603/802
f 854/603/802 857/606/805 856/605/804
f 858/607/806 855/604/803 856/605/804
f 856/605/804 857/606/805 859/608/807
f 860/609/808 858/607/806 856/605/804
f 856/605/804 859/608/807 860/609/808
f 861/610/809 860/609/808 859/608/807
f 862/611/810 864/612/811 863/613/812
f 863/613/812 865/614/813 862/611/810
f 865/614/813 863/613/812 866/615/814
f 866/615/814 867/616/815 865/614/813
f 868/617/816 862/611/810 865/614/813
f 865/614/813 869/618/817 868/617/816
f 870/619/818 862/611/819 871/620/820
f 871/620/820 872/621/821 870/619/818
f 873/622/822 875/623/823 874/624/824
f 874/624/824 876/625/825 873/622/822
f 877/626/826 879/627/827 878/628/828
f 878/628/828 880/629/829 877/626/826
f 881/559/830 883/560/831 882/557/832
f 882/557/832 884/558/833 881/559/830
f 885/630/834 884/558/833 882/557/832
f 882/557/832 886/631/835 885/630/834
f 887/562/836 885/630/834 886/631/835
f 888/563/837 885/630/834 887/562/836
f 887/562/836 889/561/838 888/563/837
f 890/564/839 888/563/837 889/561/838
f 891/589/840 893/632/841 892/633/842
f 892/633/842 894/588/843 891/589/840
f 895/587/844 891/589/840 894/588/843
f 894/588/843 896/583/845 895/587/844
f 897/584/846 895/587/844 896/583/845
f 896/583/845 898/582/847 897/584/846
f 899/581/848 898/582/847 896/583/845
f 897/584/846 898/582/847 900/585/849
f 900/585/849 901/586/850 897/584/846
f 901/586/850 900/585/849 902/579/851
f 902/579/851 903/634/852 901/586/850
f 904/635/853 901/586/850 903/634/852
f 905/636/854 903/634/852 902/579/851
f 902/579/851 906/578/855 905/636/854
f 907/577/856 906/578/855 902/579/851
f 908/565/857 905/636/854 906/578/855
f 909/576/858 906/578/855 907/577/856
f 907/577/856 910/575/859 909/576/858
f 910/575/859 907/577/856 911/580/860
f 911/580/860 899/581/848 910/575/859
f 898/582/847 899/581/848 911/580/860
f 912/573/861 909/576/858 910/575/859
f 910/575/859 913/574/862 912/573/861
f 905/636/854 908/565/857 914/637/863
f 914/637/863 915/638/864 905/636/854
f 916/639/865 905/636/854 915/638/864
f 917/570/866 915/638/864 914/637/863
f 918/640/867 916/639/865 915/638/864
f 915/638/864 919/641/868 918/640/867
f 920/642/869 918/640/867 919/641/868
f 921/643/870 918/640/867 920/642/869
f 916/639/865 918/640/867 922/644/871
f 922/644/871 923/645/872 916/639/865
f 923/645/872 922/644/871 924/646/873
f 924/646/873 925/647/874 923/645/872
f 916/639/865 923/645/872 926/648/875
f 926/648/875 927/649/876 916/639/865
f 928/650/877 927/649/876 926/648/875
f 926/648/875 929/651/878 928/650/877
f 930/652/879 928/650/877 929/651/878
f 917/570/866 914/637/863 931/569/880
f 932/566/881 914/637/863 908/565/857
f 908/565/857 933/568/882 932/566/881
f 934/567/883 932/566/881 933/568/882
f 917/570/866 931/569/880 935/572/884
f 935/572/884 936/571/885 917/570/866
f 937/592/886 939/591/887 938/590/888
f 938/590/888 940/593/889 937/592/886
f 941/596/890 937/592/886 940/593/889
f 942/597/891 937/592/886 941/596/890
f 943/594/892 941/596/890 940/593/889
f 940/593/889 938/590/888 943/594/892
f 944/595/893 943/594/892 938/590/888
f 941/596/890 943/594/892 945/598/894
f 945/598/894 946/653/895 941/596/890
f 946/653/895 945/598/894 947/654/896
f 947/654/896 948/655/897 946/653/895
f 949/656/898 946/653/895 948/655/897
f 950/657/899 946/653/895 949/656/898
f 949/656/898 951/658/900 950/657/899
f 952/659/901 950/657/899 951/658/900
f 953/660/902 950/657/899 952/659/901
f 952/659/901 954/661/903 953/660/902
f 950/657/899 953/660/902 955/662/904
f 955/662/904 946/653/895 950/657/899
f 955/662/904 953/660/902 956/663/905
f 946/653/895 955/662/904 957/664/906
f 957/664/906 941/596/890 946/653/895
f 942/597/891 941/596/890 957/664/906
f 957/664/906 958/665/907 942/597/891
f 959/666/908 961/486/909 960/485/910
f 960/485/910 962/488/911 959/666/908
f 963/497/912 959/666/908 962/488/911
f 964/667/913 959/666/908 963/497/912
f 965/489/914 963/497/912 962/488/911
f 962/488/911 960/485/910 965/489/914
f 966/490/915 965/489/914 960/485/910
f 965/489/914 966/490/915 967/491/916
f 967/491/916 968/492/917 965/489/914
f 968/492/917 967/491/916 969/493/918
f 969/493/918 970/494/919 968/492/917
f 971/495/920 968/492/917 970/494/919
f 968/492/917 971/495/920 972/496/921
f 972/496/921 973/668/922 968/492/917
f 965/489/914 968/492/917 973/668/922
f 973/668/922 963/497/912 965/489/914
f 964/667/913 963/497/912 973/668/922
f 973/668/922 974/669/923 964/667/913
f 974/669/923 973/668/922 972/496/921
f 972/496/921 975/498/924 974/669/923
f 975/498/924 972/496/921 971/495/920
f 971/495/920 976/670/925 975/498/924
f 977/501/926 975/498/924 976/670/925
f 976/670/925 978/671/927 977/501/926
f 975/498/924 977/501/926 979/672/928
f 979/672/928 974/669/923 975/498/924
f 964/667/913 974/669/923 979/672/928
f 979/672/928 980/673/929 964/667/913
f 981/674/930 964/667/913 980/673/929
f 980/673/929 982/675/931 981/674/930
f 983/676/932 981/674/930 982/675/931
f 980/673/929 979/672/928 984/677/933
f 984/677/933 985/678/934 980/673/929
f 986/679/935 985/678/934 984/677/933
f 984/677/933 987/680/936 986/679/935
f 987/680/936 984/677/933 979/672/928
f 979/672/928 977/501/926 987/680/936
f 988/681/937 987/680/936 977/501/926
f 977/501/926 978/671/927 988/681/937
f 989/682/938 988/681/937 978/671/927
f 987/680/936 988/681/937 990/683/939
f 990/683/939 991/684/940 987/680/936
f 986/679/935 987/680/936 991/684/940
f 991/684/940 990/683/939 992/685/941
f 992/685/941 993/686/942 991/684/940
f 986/679/935 991/684/940 993/686/942
f 993/686/942 994/687/943 986/679/935
f 995/688/944 997/689/945 996/336/946
f 996/336/946 998/690/947 995/688/944
f 999/335/948 995/688/944 998/690/947
f 1000/442/949 1002/443/950 1001/440/951
f 1001/440/951 1003/441/952 1000/442/949
f 1004/444/953 1000/442/949 1003/441/952
f 1005/434/954 1003/441/952 1001/440/951
f 1001/440/951 1006/439/955 1005/434/954
f 1007/438/956 1005/434/954 1006/439/955
f 1008/435/957 1005/434/954 1007/438/956
f 1007/438/956 1009/437/958 1008/435/957
f 1010/436/959 1008/435/957 1009/437/958
f 1008/435/957 1010/436/959 1011/430/960
f 1011/430/960 1005/434/954 1008/435/957
f 1005/434/954 1011/430/960 1012/433/961
f 1012/433/961 1003/441/952 1005/434/954
f 1003/441/952 1012/433/961 1013/445/962
f 1013/445/962 1004/444/953 1003/441/952
f 1004/444/953 1013/445/962 1014/447/963
f 1014/447/963 1015/448/964 1004/444/953
f 1016/449/965 1015/448/964 1014/447/963
f 1014/447/963 1017/450/966 1016/449/965
f 1018/451/967 1017/450/966 1014/447/963
f 1014/447/963 1019/446/968 1018/451/967
f 1019/446/968 1014/447/963 1013/445/962
f 1013/445/962 1012/433/961 1019/446/968
f 1020/432/969 1019/446/968 1012/433/961
f 1012/433/961 1011/430/960 1020/432/969
f 1021/431/970 1020/432/969 1011/430/960
f 1022/452/971 1019/446/968 1020/432/969
f 1020/432/969 1023/454/972 1022/452/971
f 1024/455/973 1023/454/972 1020/432/969
f 1022/452/971 1023/454/972 1025/453/974
f 1025/453/974 1018/451/967 1022/452/971
f 1019/446/968 1022/452/971 1018/451/967
f 1026/340/975 1028/341/976 1027/342/977
f 1027/342/977 1029/343/978 1026/340/975
f 1030/344/979 1026/340/975 1029/343/978
f 1029/343/978 1031/345/980 1030/344/979
f 1026/340/975 1030/344/979 1032/691/981
f 1032/691/981 1033/692/982 1026/340/975
f 1034/693/983 1033/692/982 1032/691/981
f 1032/691/981 1035/694/984 1034/693/983
f 1036/695/985 1030/344/979 1031/345/980
f 1031/345/980 1037/347/986 1036/695/985
f 1038/688/987 1040/689/988 1039/336/989
f 1039/336/989 1041/690/990 1038/688/987
f 1042/335/991 1038/688/987 1041/690/990
f 1043/340/975 1045/341/992 1044/342/977
f 1044/342/977 1046/343/993 1043/340/975
f 1047/344/994 1043/340/975 1046/343/993
f 1046/343/993 1048/345/995 1047/344/994
f 1043/340/975 1047/344/994 1049/691/981
f 1049/691/981 1050/692/982 1043/340/975
f 1051/693/983 1050/692/982 1049/691/981
f 1049/691/981 1052/694/996 1051/693/983
f 1053/695/997 1047/344/994 1048/345/995
f 1048/345/995 1054/347/986 1053/695/997
f 1055/688/987 1057/689/988 1056/336/998
f 1056/336/998 1058/690/990 1055/688/987
f 1059/335/999 1055/688/987 1058/690/990
f 1060/340/1000 1062/341/1001 1061/342/1002
f 1061/342/1002 1063/343/993 1060/340/1000
f 1064/344/1003 1060/340/1000 1063/343/993
f 1063/343/993 1065/345/1004 1064/344/1003
f 1060/340/1000 1064/344/1003 1066/691/981
f 1066/691/981 1067/692/982 1060/340/1000
f 1068/693/983 1067/692/982 1066/691/981
f 1066/691/981 1069/694/1005 1068/693/983
f 1070/695/985 1064/344/1003 1065/345/1004
f 1065/345/1004 1071/347/1006 1070/695/985
f 1072/696/1007 1074/697/1008 1073/698/1009
f 1073/698/1009 1075/699/1010 1072/696/1007
f 1076/700/1011 1077/701/1012 1073/698/1013
f 1073/698/1013 1078/702/1014 1076/700/1011
f 1079/703/1015 1076/700/1011 1078/702/1014
f 1076/700/1011 1079/703/1015 1080/704/1016
f 1080/704/1016 1081/705/1017 1076/700/1011
f 1082/706/1018 1076/700/1011 1081/705/1017
f 1077/701/1012 1076/700/1011 1083/707/1019
f 1083/707/1019 1084/708/1020 1077/701/1012
f 1084/708/1020 1083/707/1019 1085/709/1021
f 1085/709/1021 1086/710/1022 1084/708/1020
f 1082/706/1018 1081/705/1017 1087/711/1023
f 1087/711/1023 1088/712/1024 1082/706/1018
f 1089/713/1025 1087/711/1023 1081/705/1017
f 1081/705/1017 1090/714/1026 1089/713/1025
f 1087/711/1023 1089/713/1025 1091/715/1027
f 1091/715/1027 1088/712/1024 1087/711/1023
f 1088/712/1024 1091/715/1027 1092/716/1028
f 1093/717/1029 1091/715/1027 1089/713/1025
f 1094/718/1030 1096/719/1031 1095/720/1032
f 1095/720/1032 1097/459/1033 1094/718/1030
f 1098/721/1034 1094/718/1030 1097/459/1033
f 1097/459/1033 1099/722/1035 1098/721/1034
f 1100/456/1036 1099/722/1035 1097/459/1033
f 1097/459/1033 1101/723/1037 1100/456/1036
f 1101/723/1037 1097/459/1033 1095/720/1032
f 1095/720/1032 1102/724/1038 1101/723/1037
f 1103/725/1039 1101/723/1037 1102/724/1038
f 1102/724/1038 1104/726/1040 1103/725/1039
f 1101/723/1037 1103/725/1039 1105/727/1041
f 1105/727/1041 1100/456/1036 1101/723/1037
f 1106/696/1042 1108/697/1043 1107/698/1044
f 1107/698/1044 1109/699/1045 1106/696/1042
f 1110/700/1046 1111/701/1047 1107/698/1048
f 1107/698/1048 1112/702/1049 1110/700/1046
f 1113/703/1050 1110/700/1046 1112/702/1049
f 1110/700/1046 1113/703/1050 1114/704/1051
f 1114/704/1051 1115/705/1052 1110/700/1046
f 1116/706/1053 1110/700/1046 1115/705/1052
f 1111/701/1047 1110/700/1046 1117/707/1054
f 1117/707/1054 1118/708/1055 1111/701/1047
f 1118/708/1055 1117/707/1054 1119/709/1056
f 1119/709/1056 1120/710/1057 1118/708/1055
f 1116/706/1053 1115/705/1052 1121/711/1058
f 1121/711/1058 1122/712/1059 1116/706/1053
f 1123/713/1060 1121/711/1058 1115/705/1052
f 1115/705/1052 1124/714/1061 1123/713/1060
f 1121/711/1058 1123/713/1060 1125/715/1062
f 1125/715/1062 1122/712/1059 1121/711/1058
f 1122/712/1059 1125/715/1062 1126/716/1063
f 1127/717/1064 1125/715/1062 1123/713/1060
f 1128/718/1065 1130/719/1066 1129/720/1067
f 1129/720/1067 1131/459/1068 1128/718/1065
f 1132/721/1069 1128/718/1065 1131/459/1068
f 1131/459/1068 1133/722/1070 1132/721/1069
f 1134/456/1071 1133/722/1070 1131/459/1068
f 1131/459/1068 1135/723/1072 1134/456/1071
f 1135/723/1072 1131/459/1068 1129/720/1067
f 1129/720/1067 1136/724/1073 1135/723/1072
f 1137/725/1074 1135/723/1072 1136/724/1073
f 1136/724/1073 1138/726/1075 1137/725/1074
f 1135/723/1072 1137/725/1074 1139/727/1076
f 1139/727/1076 1134/456/1071 1135/723/1072
f 1140/688/1077 1142/689/988 1141/336/989
f 1141/336/989 1143/690/990 1140/688/1077
f 1144/335/1078 1140/688/1077 1143/690/990
f 1145/410/1079 1147/408/1080 1146/411/1081
f 1146/411/1081 1148/412/1082 1145/410/1079
f 1148/412/1082 1146/411/1081 1149/413/1083
f 1149/413/1083 1150/414/1084 1148/412/1082
f 1151/415/1085 1148/412/1082 1150/414/1084
f 1145/410/1079 1148/412/1082 1151/415/1085
f 1151/415/1085 1150/414/1084 1152/416/1086
f 1152/416/1086 1145/410/1079 1151/415/1085
f 1145/410/1079 1152/416/1086 1153/417/1087
f 1153/417/1087 1154/418/1088 1145/410/1079
f 1155/419/1089 1145/410/1079 1154/418/1088
f 1156/728/1090 1158/729/1091 1157/730/1092
f 1157/730/1092 1159/731/1093 1156/728/1090
f 1160/732/1094 1159/731/1093 1157/730/1092
f 1157/730/1092 1161/733/1095 1160/732/1094
f 1162/734/1096 1164/735/1097 1163/736/1098
f 1165/737/1099 1164/735/1100 1166/738/1101
f 1166/738/1101 1167/739/1102 1165/737/1099
f 1168/740/1103 1165/737/1099 1167/739/1102
f 1165/737/1099 1168/740/1103 1169/741/1104
f 1169/741/1104 1170/742/1105 1165/737/1099
f 1171/743/1106 1165/737/1099 1170/742/1105
f 1172/744/1107 1174/745/1108 1173/746/1109
f 1173/746/1109 1175/747/1110 1172/744/1107
f 1176/748/1111 1175/747/1110 1173/746/1109
f 1173/746/1109 1177/749/1112 1176/748/1111
f 1175/747/1110 1176/748/1111 1178/750/1113
f 1178/750/1113 1179/751/1114 1175/747/1110
f 1179/751/1114 1178/750/1113 1180/752/1115
f 1180/752/1115 1181/753/1116 1179/751/1114
f 1182/754/1117 1179/751/1114 1181/753/1116
f 1179/751/1114 1182/754/1117 1183/755/1118
f 1183/755/1118 1175/747/1110 1179/751/1114
f 1184/756/1119 1182/754/1117 1181/753/1116
f 1181/753/1116 1185/757/1120 1184/756/1119
f 1175/747/1110 1183/755/1118 1186/758/1121
f 1186/758/1121 1172/744/1107 1175/747/1110
f 1187/759/1122 1172/744/1107 1186/758/1121
f 1186/758/1121 1188/760/1123 1187/759/1122
f 1189/761/1124 1188/760/1123 1186/758/1121
f 1186/758/1121 1190/762/1125 1189/761/1124
f 1190/762/1125 1186/758/1121 1183/755/1118
f 1183/755/1118 1191/388/1126 1190/762/1125
f 1191/388/1126 1183/755/1118 1192/389/1127
f 1193/698/1128 1195/697/1129 1194/696/1130
f 1194/696/1130 1196/699/1131 1193/698/1128
f 1193/698/1132 1198/701/1133 1197/700/1134
f 1197/700/1134 1199/702/1135 1193/698/1132
f 1200/703/1136 1199/702/1135 1197/700/1134
f 1197/700/1134 1201/704/1137 1200/703/1136
f 1202/705/1138 1201/704/1137 1197/700/1134
f 1197/700/1134 1203/706/1139 1202/705/1138
f 1204/707/1140 1197/700/1134 1198/701/1133
f 1198/701/1133 1205/708/1141 1204/707/1140
f 1206/709/1142 1204/707/1140 1205/708/1141
f 1205/708/1141 1207/710/1143 1206/709/1142
f 1208/711/1144 1202/705/1138 1203/706/1139
f 1203/706/1139 1209/712/1145 1208/711/1144
f 1202/705/1138 1208/711/1144 1210/713/1146
f 1210/713/1146 1211/714/1147 1202/705/1138
f 1212/715/1148 1210/713/1146 1208/711/1144
f 1208/711/1144 1209/712/1145 1212/715/1148
f 1213/716/1149 1212/715/1148 1209/712/1145
f 1210/713/1146 1212/715/1148 1214/717/1150
f 1215/720/1151 1217/719/1152 1216/718/1153
f 1216/718/1153 1218/459/1154 1215/720/1151
f 1218/459/1154 1216/718/1153 1219/721/1155
f 1219/721/1155 1220/722/1156 1218/459/1154
f 1221/456/1157 1218/459/1154 1220/722/1156
f 1218/459/1154 1221/456/1157 1222/723/1158
f 1222/723/1158 1215/720/1151 1218/459/1154
f 1223/724/1159 1215/720/1151 1222/723/1158
f 1222/723/1158 1224/725/1160 1223/724/1159
f 1225/726/1161 1223/724/1159 1224/725/1160
f 1226/727/1162 1224/725/1160 1222/723/1158
f 1222/723/1158 1221/456/1157 1226/727/1162
f 1227/483/1163 1229/484/1164 1228/482/1165
f 1228/482/1165 1230/481/1166 1227/483/1163
f 1230/481/1166 1228/482/1165 1231/477/1167
f 1231/477/1167 1232/480/1168 1230/481/1166
f 1233/763/1169 1232/480/1168 1231/477/1167
f 1231/477/1167 1234/462/1170 1233/763/1169
f 1235/764/1171 1233/763/1169 1234/462/1170
f 1236/476/1172 1234/462/1170 1231/477/1167
f 1231/477/1167 1237/479/1173 1236/476/1172
f 1238/475/1174 1234/462/1170 1236/476/1172
f 1236/476/1172 1239/474/1175 1238/475/1174
f 1240/466/1176 1234/462/1170 1238/475/1174
f 1238/475/1174 1239/474/1175 1240/466/1176
f 1241/473/1177 1240/466/1176 1239/474/1175
f 1240/466/1176 1241/473/1177 1242/467/1178
f 1242/467/1178 1243/465/1179 1240/466/1176
f 1234/462/1170 1240/466/1176 1243/465/1179
f 1243/465/1179 1235/764/1171 1234/462/1170
f 1244/765/1180 1235/764/1171 1243/465/1179
f 1243/465/1179 1245/766/1181 1244/765/1180
f 1246/468/1182 1245/766/1181 1243/465/1179
f 1243/465/1179 1242/467/1178 1246/468/1182
f 1247/470/1183 1246/468/1182 1242/467/1178
f 1248/469/1184 1245/766/1181 1246/468/1182
f 1246/468/1182 1249/471/1185 1248/469/1184
f 1250/472/1186 1248/469/1184 1249/471/1185
f 1251/767/1187 1253/768/1188 1252/769/1189
f 1252/769/1189 1254/770/1190 1251/767/1187
f 1255/771/1191 1254/770/1190 1252/769/1189
f 1256/772/1192 1251/767/1187 1254/770/1190
f 1254/770/1190 1255/771/1191 1256/772/1192
f 1257/340/975 1259/341/1193 1258/342/1002
f 1258/342/1002 1260/343/1194 1257/340/975
f 1261/344/1003 1257/340/975 1260/343/1194
f 1260/343/1194 1262/345/995 1261/344/1003
f 1257/340/975 1261/344/1003 1263/691/1195
f 1263/691/1195 1264/692/982 1257/340/975
f 1265/693/983 1264/692/982 1263/691/1195
f 1263/691/1195 1266/694/1196 1265/693/983
f 1267/695/997 1261/344/1003 1262/345/995
f 1262/345/995 1268/347/986 1267/695/997
f 1269/773/1197 1271/774/1198 1270/775/1199
f 1270/775/1199 1272/776/1200 1269/773/1197
f 1272/776/1200 1270/775/1199 1273/777/1201
f 1273/777/1201 1274/778/1202 1272/776/1200
f 1275/779/1203 1272/776/1200 1274/778/1202
f 1276/780/1204 1272/776/1200 1275/779/1203
f 1275/779/1203 1274/778/1202 1277/781/1205
f 1278/782/1206 1276/780/1204 1275/779/1203
f 1275/779/1203 1277/781/1205 1278/782/1206
f 1279/783/1207 1281/784/1208 1280/785/1209
f 1282/786/1210 1284/787/1211 1283/788/1212
f 1285/348/1213 1287/349/1214 1286/350/1215
f 1286/350/1215 1288/351/1216 1285/348/1213
f 1288/351/1216 1286/350/1215 1289/352/1217
f 1289/352/1217 1290/353/1218 1288/351/1216
f 1291/354/1219 1288/351/1216 1290/353/1218
f 1288/351/1216 1291/354/1219 1292/355/1220
f 1292/355/1220 1285/348/1213 1288/351/1216
f 1293/356/1221 1285/348/1213 1292/355/1220
f 1292/355/1220 1294/357/1222 1293/356/1221
f 1294/357/1222 1292/355/1220 1291/354/1219
f 1295/789/1223 1297/790/1224 1296/791/1225
f 1298/792/1226 1300/793/1227 1299/794/1228
f 1299/794/1228 1301/795/1229 1298/792/1226
f 1302/796/1230 1301/795/1229 1299/794/1228
f 1299/794/1228 1303/797/1231 1302/796/1230
f 1304/798/1232 1301/795/1229 1302/796/1230
f 1305/799/1233 1302/796/1230 1303/797/1231
f 1303/797/1231 1306/800/1234 1305/799/1233
f 1306/800/1234 1303/797/1231 1307/801/1235
f 1305/799/1233 1306/800/1234 1308/802/1236
f 1308/802/1236 1302/796/1230 1305/799/1233
f 1302/796/1230 1308/802/1236 1309/803/1237
f 1309/803/1237 1304/798/1232 1302/796/1230
f 1304/798/1232 1309/803/1237 1310/804/1238
f 1310/804/1238 1311/805/1239 1304/798/1232
f 1312/806/1240 1310/804/1238 1309/803/1237
f 1309/803/1237 1308/802/1236 1312/806/1240
f 1310/804/1238 1312/806/1240 1313/807/1241
f 1313/807/1241 1311/805/1239 1310/804/1238
f 1314/808/1242 1311/805/1239 1313/807/1241
f 1313/807/1241 1315/809/1243 1314/808/1242
f 1316/810/1244 1315/809/1243 1313/807/1241
f 1313/807/1241 1317/811/1245 1316/810/1244
f 1312/806/1240 1317/811/1245 1313/807/1241
f 1318/812/1246 1316/810/1244 1317/811/1245
f 1317/811/1245 1312/806/1240 1319/813/1247
f 1319/813/1247 1320/814/1248 1317/811/1245
f 1321/815/1249 1320/814/1248 1319/813/1247
f 1319/813/1247 1322/816/1250 1321/815/1249
f 1322/816/1250 1319/813/1247 1312/806/1240
f 1312/806/1240 1308/802/1236 1322/816/1250
f 1323/817/1251 1322/816/1250 1308/802/1236
f 1308/802/1236 1306/800/1234 1323/817/1251
f 1322/816/1250 1323/817/1251 1324/818/1252
f 1324/818/1252 1321/815/1249 1322/816/1250
f 1324/818/1252 1323/817/1251 1325/819/1253
f 1326/820/1254 1323/817/1251 1306/800/1234
f 1306/800/1234 1327/821/1255 1326/820/1254
f 1327/821/1255 1306/800/1234 1307/801/1235
f 1307/801/1235 1328/822/1256 1327/821/1255
f 1328/822/1256 1307/801/1235 1329/823/1257
f 1330/824/1258 1332/825/1259 1331/826/1260
f 1331/826/1260 1333/827/1261 1330/824/1258
f 1333/827/1261 1331/826/1260 1334/828/1262
f 1334/828/1262 1335/829/1263 1333/827/1261
f 1330/824/1258 1333/827/1261 1335/829/1263
f 1335/829/1263 1336/830/1264 1330/824/1258
f 1337/831/1265 1330/824/1258 1336/830/1264
f 1336/830/1264 1338/832/1266 1337/831/1265
f 1339/833/1267 1338/832/1266 1336/830/1264
f 1336/830/1264 1335/829/1263 1339/833/1267
f 1340/834/1268 1338/832/1266 1339/833/1267
f 1341/835/1269 1339/833/1267 1335/829/1263
f 1335/829/1263 1334/828/1262 1341/835/1269
f 1339/833/1267 1341/835/1269 1342/836/1270
f 1342/836/1270 1340/834/1268 1339/833/1267
f 1343/837/1271 1340/834/1268 1342/836/1270
f 1342/836/1270 1344/838/1272 1343/837/1271
f 1345/839/1273 1343/837/1271 1344/838/1272
f 1344/838/1272 1346/840/1274 1345/839/1273
f 1346/840/1274 1344/838/1272 1342/836/1270
f 1342/836/1270 1341/835/1269 1346/840/1274
f 1347/841/1275 1346/840/1274 1341/835/1269
f 1341/835/1269 1334/828/1262 1347/841/1275
f 1348/842/1276 1347/841/1275 1334/828/1262
f 1347/841/1275 1348/842/1276 1349/843/1277
f 1349/843/1277 1346/840/1274 1347/841/1275
f 1350/844/1278 1352/845/1279 1351/700/1280
f 1351/700/1280 1353/702/1281 1350/844/1278
f 1354/698/1282 1353/702/1281 1351/700/1280
f 1351/700/1280 1355/701/1283 1354/698/1282
f 1355/701/1283 1351/700/1280 1356/707/1284
f 1356/707/1284 1357/708/1285 1355/701/1283
f 1357/708/1285 1356/707/1284 1358/709/1286
f 1358/709/1286 1359/710/1287 1357/708/1285
f 1360/697/1288 1354/698/1289 1361/699/1290
f 1362/718/1291 1364/719/1292 1363/720/1293
f 1363/720/1293 1365/459/1294 1362/718/1291
f 1366/723/1295 1365/459/1294 1363/720/1293
f 1363/720/1293 1367/724/1296 1366/723/1295
f 1368/456/1297 1365/459/1294 1366/723/1295
f 1366/723/1295 1369/727/1298 1368/456/1297
f 1370/725/1299 1369/727/1298 1366/723/1295
f 1366/723/1295 1367/724/1296 1370/725/1299
f 1371/726/1300 1370/725/1299 1367/724/1296
f 1372/846/1301 1374/847/1302 1373/848/1303
f 1373/848/1303 1375/849/1304 1372/846/1301
f 1376/850/1305 1372/846/1301 1375/849/1304
f 1375/849/1304 1377/851/1306 1376/850/1305
f 1378/852/1307 1377/851/1306 1375/849/1304
f 1375/849/1304 1379/853/1308 1378/852/1307
f 1379/853/1308 1375/849/1304 1373/848/1303
f 1373/848/1303 1380/854/1309 1379/853/1308
f 1380/854/1309 1373/848/1303 1381/855/1310
f 1381/855/1310 1382/856/1311 1380/854/1309
f 1383/857/1312 1380/854/1309 1382/856/1311
f 1379/853/1308 1380/854/1309 1383/857/1312
f 1383/857/1312 1382/856/1311 1384/858/1313
f 1384/858/1313 1385/859/1314 1383/857/1312
f 1386/860/1315 1383/857/1312 1385/859/1314
f 1383/857/1312 1386/860/1315 1387/861/1316
f 1387/861/1316 1379/853/1308 1383/857/1312
f 1378/852/1307 1379/853/1308 1387/861/1316
f 1387/861/1316 1388/862/1317 1378/852/1307
f 1389/863/1318 1378/852/1307 1388/862/1317
f 1377/851/1306 1378/852/1307 1389/863/1318
f 1389/863/1318 1390/864/1319 1377/851/1306
f 1391/865/1320 1390/864/1319 1389/863/1318
f 1389/863/1318 1392/866/1321 1391/865/1320
f 1393/867/1322 1392/866/1321 1389/863/1318
f 1389/863/1318 1388/862/1317 1393/867/1322
f 1394/868/1323 1392/866/1321 1393/867/1322
f 1393/867/1322 1388/862/1317 1394/868/1323
f 1395/869/1324 1394/868/1323 1388/862/1317
f 1388/862/1317 1387/861/1316 1395/869/1324
f 1386/860/1315 1395/869/1324 1387/861/1316
f 1396/870/1325 1395/869/1324 1386/860/1315
f 1386/860/1315 1385/859/1314 1396/870/1325
f 1397/871/1326 1396/870/1325 1385/859/1314
f 1396/870/1325 1397/871/1326 1398/872/1327
f 1398/872/1327 1395/869/1324 1396/870/1325
f 1394/868/1323 1395/869/1324 1398/872/1327
f 1398/872/1327 1399/873/1328 1394/868/1323
f 1400/874/1329 1399/873/1328 1398/872/1327
f 1398/872/1327 1397/871/1326 1400/874/1329
f 1401/649/1330 1403/875/1331 1402/876/1332
f 1402/876/1332 1404/639/1333 1401/649/1330
f 1404/639/1333 1402/876/1332 1405/877/1334
f 1405/877/1334 1406/878/1335 1404/639/1333
f 1407/879/1336 1404/639/1333 1406/878/1335
f 1404/639/1333 1407/879/1336 1408/880/1337
f 1408/880/1337 1409/636/1338 1404/639/1333
f 1410/881/1339 1408/880/1337 1407/879/1336
f 1411/882/1340 1409/636/1338 1408/880/1337
f 1408/880/1337 1412/883/1341 1411/882/1340
f 1413/884/1342 1411/882/1340 1412/883/1341
f 1414/885/1343 1409/636/1338 1411/882/1340
f 1411/882/1340 1415/886/1344 1414/885/1343
f 1409/636/1338 1414/885/1343 1416/887/1345
f 1416/887/1345 1417/888/1346 1409/636/1338
f 1418/634/1347 1409/636/1338 1417/888/1346
f 1417/888/1346 1419/889/1348 1418/634/1347
f 1419/889/1348 1417/888/1346 1420/890/1349
f 1421/635/1350 1418/634/1347 1419/889/1348
f 1422/643/1351 1424/642/1352 1423/641/1353
f 1423/641/1353 1425/640/1354 1422/643/1351
f 1426/891/1355 1428/526/1356 1427/522/1357
f 1427/522/1357 1429/892/1358 1426/891/1355
f 1430/893/1359 1426/891/1355 1429/892/1358
f 1431/894/1360 1426/891/1355 1430/893/1359
f 1432/895/1361 1430/893/1359 1429/892/1358
f 1429/892/1358 1427/522/1357 1432/895/1361
f 1433/896/1362 1430/893/1359 1432/895/1361
f 1434/897/1363 1432/895/1361 1427/522/1357
f 1427/522/1357 1435/523/1364 1434/897/1363
f 1432/895/1361 1434/897/1363 1436/898/1365
f 1436/898/1365 1437/899/1366 1432/895/1361
f 1438/900/1367 1432/895/1361 1437/899/1366
f 1437/899/1366 1439/901/1368 1438/900/1367
f 1432/895/1361 1438/900/1367 1440/902/1369
f 1440/902/1369 1433/896/1362 1432/895/1361
f 1441/903/1370 1433/896/1362 1440/902/1369
f 1440/902/1369 1442/904/1371 1441/903/1370
f 1442/904/1371 1440/902/1369 1438/900/1367
f 1443/905/1372 1441/903/1370 1442/904/1371
f 1442/904/1371 1444/906/1373 1443/905/1372
f 1445/907/1374 1443/905/1372 1444/906/1373
f 1446/908/1375 1443/905/1372 1445/907/1374
f 1445/907/1374 1447/909/1376 1446/908/1375
f 1448/910/1377 1447/909/1376 1445/907/1374
f 1449/911/1378 1446/908/1375 1447/909/1376
f 1450/912/1379 1447/909/1376 1448/910/1377
f 1448/910/1377 1451/913/1380 1450/912/1379
f 1452/914/1381 1450/912/1379 1451/913/1380
f 1453/506/1382 1450/912/1379 1452/914/1381
f 1452/914/1381 1454/915/1383 1453/506/1382
f 1454/915/1383 1452/914/1381 1455/916/1384
f 1455/916/1384 1438/900/1367 1454/915/1383
f 1439/901/1368 1454/915/1383 1438/900/1367
f 1454/915/1383 1439/901/1368 1456/503/1385
f 1456/503/1385 1457/502/1386 1454/915/1383
f 1453/506/1382 1454/915/1383 1457/502/1386
f 1450/912/1379 1453/506/1382 1458/510/1387
f 1458/510/1387 1459/917/1388 1450/912/1379
f 1447/909/1376 1450/912/1379 1459/917/1388
f 1459/917/1388 1460/918/1389 1447/909/1376
f 1449/911/1378 1447/909/1376 1460/918/1389
f 1460/918/1389 1461/919/1390 1449/911/1378
f 1462/920/1391 1460/918/1389 1459/917/1388
f 1459/917/1388 1463/921/1392 1462/920/1391
f 1463/921/1392 1459/917/1388 1458/510/1387
f 1458/510/1387 1464/516/1393 1463/921/1392
f 1465/517/1394 1463/921/1392 1464/516/1393
f 1463/921/1392 1465/517/1394 1466/922/1395
f 1466/922/1395 1462/920/1391 1463/921/1392
f 1467/923/1396 1469/924/1397 1468/925/1398
f 1468/925/1398 1470/926/1399 1467/923/1396
f 1471/927/1400 1473/928/1401 1472/929/1402
f 1472/929/1402 1474/930/1403 1471/927/1400
f 1475/931/1404 1471/927/1400 1474/930/1403
f 1474/930/1403 1472/929/1402 1476/932/1405
f 1476/932/1405 1477/933/1406 1474/930/1403
f 1478/934/1407 1474/930/1403 1477/933/1406
f 1475/931/1404 1474/930/1403 1478/934/1407
f 1478/934/1407 1479/935/1408 1475/931/1404
f 1480/541/1409 1482/540/1410 1481/539/1411
f 1481/539/1411 1483/542/1412 1480/541/1409
f 1484/543/1413 1480/541/1409 1483/542/1412
f 1483/542/1412 1485/544/1414 1484/543/1413
f 1486/545/1415 1484/543/1413 1485/544/1414
f 1487/546/1416 1484/543/1413 1486/545/1415
f 1486/545/1415 1488/547/1417 1487/546/1416
f 1489/548/1418 1487/546/1416 1488/547/1417
f 1490/936/1419 1492/937/1420 1491/938/1421
f 1491/938/1421 1493/939/1422 1490/936/1419
f 1494/940/1423 1493/939/1422 1491/938/1421
f 1491/938/1421 1495/941/1424 1494/940/1423
f 1496/549/1425 1498/552/1426 1497/551/1427
f 1497/551/1427 1499/550/1428 1496/549/1425
f 1500/942/1429 1499/550/1428 1497/551/1427
f 1497/551/1427 1501/943/1430 1500/942/1429
f 1502/944/1431 1500/942/1429 1501/943/1430
f 1501/943/1430 1503/945/1432 1502/944/1431
f 1504/946/1433 1502/944/1431 1503/945/1432
f 1505/947/1434 1502/944/1431 1504/946/1433
f 1506/609/1435 1508/948/1436 1507/608/1437
f 1507/608/1437 1509/605/1438 1506/609/1435
f 1510/607/1439 1506/609/1435 1509/605/1438
f 1509/605/1438 1511/949/1440 1510/607/1439
f 1512/950/1441 1511/949/1440 1509/605/1438
f 1509/605/1438 1513/603/1442 1512/950/1441
f 1514/951/1443 1512/950/1441 1513/603/1442
f 1515/606/1444 1513/603/1442 1509/605/1438
f 1509/605/1438 1516/952/1445 1515/606/1444
f 1516/952/1445 1509/605/1438 1507/608/1437
f 1507/608/1437 1517/953/1446 1516/952/1445
f 1518/954/1447 1516/952/1445 1517/953/1446
f 1519/929/1448 1521/928/1449 1520/927/1450
f 1520/927/1450 1522/930/1451 1519/929/1448
f 1522/930/1451 1520/927/1450 1523/931/1452
f 1524/932/1453 1519/929/1448 1522/930/1451
f 1522/930/1451 1525/933/1454 1524/932/1453
f 1526/934/1455 1525/933/1454 1522/930/1451
f 1522/930/1451 1523/931/1452 1526/934/1455
f 1527/935/1456 1526/934/1455 1523/931/1452
f 1528/925/1457 1530/924/1458 1529/923/1459
f 1529/923/1459 1531/926/1460 1528/925/1457
f 1532/955/1461 1531/926/1460 1529/923/1459
f 1529/923/1459 1533/956/1462 1532/955/1461
f 1534/957/1463 1533/956/1462 1529/923/1459
f 1529/923/1459 1535/958/1464 1534/957/1463
f 1536/959/1465 1538/960/1466 1537/961/1467
f 1539/410/1468 1541/408/1469 1540/411/1470
f 1540/411/1470 1542/412/1471 1539/410/1468
f 1542/412/1471 1540/411/1470 1543/413/1472
f 1543/413/1472 1544/414/1473 1542/412/1471
f 1545/415/1474 1542/412/1471 1544/414/1473
f 1539/410/1468 1542/412/1471 1545/415/1474
f 1545/415/1474 1544/414/1473 1546/416/1475
f 1546/416/1475 1539/410/1468 1545/415/1474
f 1539/410/1468 1546/416/1475 1547/417/1476
f 1547/417/1476 1548/418/1477 1539/410/1468
f 1549/419/1478 1539/410/1468 1548/418/1477
f 1550/854/1479 1552/962/1480 1551/848/1481
f 1551/848/1481 1553/855/1482 1550/854/1479
f 1554/854/1483 1556/855/1484 1555/856/1485
f 1555/856/1485 1557/857/1486 1554/854/1483
f 1557/857/1486 1555/856/1485 1558/858/1487
f 1558/858/1487 1559/859/1488 1557/857/1486
f 1560/860/1489 1557/857/1486 1559/859/1488
f 1559/859/1488 1561/870/1490 1560/860/1489
f 1561/870/1490 1559/859/1488 1562/871/1491
f 1562/871/1491 1563/872/1492 1561/870/1490
f 1563/872/1492 1562/871/1491 1564/874/1493
f 1564/874/1493 1565/868/1494 1563/872/1492
f 1566/862/1495 1563/872/1492 1565/868/1494
f 1561/870/1490 1563/872/1492 1566/862/1495
f 1566/862/1495 1560/860/1489 1561/870/1490
f 1560/860/1489 1566/862/1495 1567/861/1496
f 1567/861/1496 1557/857/1486 1560/860/1489
f 1557/857/1486 1567/861/1496 1568/853/1497
f 1568/853/1497 1554/854/1483 1557/857/1486
f 1569/962/1498 1554/854/1483 1568/853/1497
f 1568/853/1497 1570/846/1499 1569/962/1498
f 1571/848/1500 1569/962/1498 1570/846/1499
f 1570/846/1499 1572/847/1501 1571/848/1500
f 1573/850/1502 1570/846/1499 1568/853/1497
f 1568/853/1497 1574/851/1503 1573/850/1502
f 1574/851/1503 1568/853/1497 1567/861/1496
f 1567/861/1496 1566/862/1495 1574/851/1503
f 1575/863/1504 1574/851/1503 1566/862/1495
f 1576/864/1505 1574/851/1503 1575/863/1504
f 1575/863/1504 1577/865/1506 1576/864/1505
f 1577/865/1506 1575/863/1504 1566/862/1495
f 1566/862/1495 1565/868/1494 1577/865/1506
f 1578/854/1507 1580/962/1508 1579/848/1509
f 1579/848/1509 1581/855/1510 1578/854/1507
f 1582/854/1511 1584/855/1512 1583/856/1513
f 1583/856/1513 1585/857/1514 1582/854/1511
f 1585/857/1514 1583/856/1513 1586/858/1515
f 1586/858/1515 1587/859/1516 1585/857/1514
f 1588/860/1517 1585/857/1514 1587/859/1516
f 1587/859/1516 1589/870/1518 1588/860/1517
f 1589/870/1518 1587/859/1516 1590/871/1519
f 1590/871/1519 1591/872/1520 1589/870/1518
f 1591/872/1520 1590/871/1519 1592/874/1521
f 1592/874/1521 1593/868/1522 1591/872/1520
f 1594/862/1523 1591/872/1520 1593/868/1522
f 1589/870/1518 1591/872/1520 1594/862/1523
f 1594/862/1523 1588/860/1517 1589/870/1518
f 1588/860/1517 1594/862/1523 1595/861/1524
f 1595/861/1524 1585/857/1514 1588/860/1517
f 1585/857/1514 1595/861/1524 1596/853/1525
f 1596/853/1525 1582/854/1511 1585/857/1514
f 1597/962/1526 1582/854/1511 1596/853/1525
f 1596/853/1525 1598/846/1527 1597/962/1526
f 1599/848/1528 1597/962/1526 1598/846/1527
f 1598/846/1527 1600/847/1529 1599/848/1528
f 1601/850/1530 1598/846/1527 1596/853/1525
f 1596/853/1525 1602/851/1531 1601/850/1530
f 1602/851/1531 1596/853/1525 1595/861/1524
f 1595/861/1524 1594/862/1523 1602/851/1531
f 1603/863/1532 1602/851/1531 1594/862/1523
f 1604/864/1533 1602/851/1531 1603/863/1532
f 1603/863/1532 1605/865/1534 1604/864/1533
f 1605/865/1534 1603/863/1532 1594/862/1523
f 1594/862/1523 1593/868/1522 1605/865/1534
f 1606/855/1535 1608/963/1536 1607/854/1537
f 1607/854/1537 1609/856/1538 1606/855/1535
f 1609/856/1538 1607/854/1537 1610/964/1539
f 1610/964/1539 1611/858/1540 1609/856/1538
f 1612/965/1541 1611/858/1540 1610/964/1539
f 1610/964/1539 1613/857/1542 1612/965/1541
f 1613/857/1542 1610/964/1539 1607/854/1537
f 1612/965/1541 1613/857/1542 1614/860/1543
f 1614/860/1543 1615/966/1544 1612/965/1541
f 1611/858/1540 1612/965/1541 1615/966/1544
f 1615/966/1544 1616/859/1545 1611/858/1540
f 1617/871/1546 1616/859/1545 1615/966/1544
f 1615/966/1544 1618/870/1547 1617/871/1546
f 1614/860/1543 1618/870/1547 1615/966/1544
f 1617/871/1546 1618/870/1547 1619/872/1548
f 1619/872/1548 1620/874/1549 1617/871/1546
f 1621/873/1550 1620/874/1549 1619/872/1548
f 1619/872/1548 1622/868/1551 1621/873/1550
f 1623/869/1552 1622/868/1551 1619/872/1548
f 1619/872/1548 1618/870/1547 1623/869/1552
f 1614/860/1543 1623/869/1552 1618/870/1547
f 1624/861/1553 1623/869/1552 1614/860/1543
f 1614/860/1543 1613/857/1542 1624/861/1553
f 1625/853/1554 1624/861/1553 1613/857/1542
f 1613/857/1542 1607/854/1537 1625/853/1554
f 1626/962/1555 1625/853/1554 1607/854/1537
f 1607/854/1537 1627/848/1556 1626/962/1555
f 1628/846/1557 1626/962/1555 1627/848/1556
f 1627/848/1556 1629/967/1558 1628/846/1557
f 1630/847/1559 1628/846/1557 1629/967/1558
f 1631/849/1560 1626/962/1555 1628/846/1557
f 1628/846/1557 1632/850/1561 1631/849/1560
f 1625/853/1554 1626/962/1555 1631/849/1560
f 1633/851/1562 1631/849/1560 1632/850/1561
f 1625/853/1554 1631/849/1560 1634/852/1563
f 1634/852/1563 1624/861/1553 1625/853/1554
f 1633/851/1562 1634/852/1563 1631/849/1560
f 1624/861/1553 1634/852/1563 1635/862/1564
f 1635/862/1564 1623/869/1552 1624/861/1553
f 1622/868/1551 1623/869/1552 1635/862/1564
f 1635/862/1564 1636/867/1565 1622/868/1551
f 1637/866/1566 1622/868/1551 1636/867/1565
f 1638/863/1567 1636/867/1565 1635/862/1564
f 1635/862/1564 1634/852/1563 1638/863/1567
f 1633/851/1562 1638/863/1567 1634/852/1563
f 1638/863/1567 1633/851/1562 1639/864/1568
f 1639/864/1568 1640/865/1569 1638/863/1567
f 1637/866/1566 1638/863/1567 1640/865/1569
f 1636/867/1565 1638/863/1567 1637/866/1566
f 1641/848/1570 1643/854/1571 1642/963/1572
f 1644/968/1573 1646/969/1574 1645/970/1575
f 1647/971/1576 1649/972/1577 1648/973/1578
f 1650/713/1579 1652/717/1580 1651/715/1581
f 1651/715/1581 1653/711/1582 1650/713/1579
f 1654/712/1583 1653/711/1582 1651/715/1581
f 1651/715/1581 1655/716/1584 1654/712/1583
f 1653/711/1582 1654/712/1583 1656/706/1585
f 1656/706/1585 1657/705/1586 1653/711/1582
f 1650/713/1579 1653/711/1582 1657/705/1586
f 1657/705/1586 1658/714/1587 1650/713/1579
f 1659/644/1588 1661/645/1589 1660/647/1590
f 1660/647/1590 1662/646/1591 1659/644/1588
f 1663/651/1592 1665/648/1593 1664/650/1594
f 1664/650/1594 1666/652/1595 1663/651/1592
f 1667/974/1596 1669/975/1597 1668/976/1598
f 1668/976/1598 1670/977/1599 1667/974/1596
f 1671/978/1600 1669/975/1597 1667/974/1596
f 1667/974/1596 1672/979/1601 1671/978/1600
f 1673/980/1602 1672/979/1601 1667/974/1596
f 1667/974/1596 1674/981/1603 1673/980/1602
f 1675/982/1604 1674/981/1603 1667/974/1596
f 1667/974/1596 1676/983/1605 1675/982/1604
f 1677/984/1606 1676/983/1605 1667/974/1596
f 1667/974/1596 1678/985/1607 1677/984/1606
f 1679/986/1608 1677/984/1606 1678/985/1607
f 1680/987/1609 1678/985/1607 1667/974/1596
f 1667/974/1596 1670/977/1599 1680/987/1609
f 1681/988/1610 1678/985/1607 1680/987/1609
f 1680/987/1609 1670/977/1599 1681/988/1610
f 1678/985/1607 1681/988/1610 1682/989/1611
f 1682/989/1611 1679/986/1608 1678/985/1607
f 1683/728/1612 1679/986/1608 1682/989/1611
f 1682/989/1611 1684/729/1613 1683/728/1612
f 1685/990/1614 1684/729/1613 1682/989/1611
f 1682/989/1611 1681/988/1610 1685/990/1614
f 1684/729/1613 1685/990/1614 1686/991/1615
f 1686/991/1615 1687/730/1616 1684/729/1613
f 1687/730/1616 1686/991/1615 1688/992/1617
f 1688/992/1617 1689/733/1618 1687/730/1616
f 1690/993/1619 1689/733/1618 1688/992/1617
f 1688/992/1617 1691/994/1620 1690/993/1619
f 1670/977/1599 1690/993/1619 1691/994/1620
f 1691/994/1620 1681/988/1610 1670/977/1599
f 1692/357/1621 1694/995/1622 1693/356/1623
f 1693/356/1623 1695/355/1624 1692/357/1621
f 1693/356/1623 1694/995/1622 1696/996/1625
f 1696/996/1625 1697/348/1626 1693/356/1623
f 1695/355/1624 1693/356/1623 1697/348/1626
f 1697/348/1626 1698/351/1627 1695/355/1624
f 1699/350/1628 1698/351/1627 1697/348/1626
f 1697/348/1626 1700/349/1629 1699/350/1628
f 1701/997/1630 1700/349/1629 1697/348/1626
f 1697/348/1626 1696/996/1625 1701/997/1630
f 1702/998/1631 1704/999/1632 1703/1000/1633
f 1703/1000/1633 1705/1001/1634 1702/998/1631
f 1706/1002/1635 1704/999/1632 1702/998/1631
f 1707/1003/1636 1702/998/1631 1705/1001/1634
f 1708/1004/1637 1706/1002/1635 1702/998/1631
f 1702/998/1631 1707/1003/1636 1708/1004/1637
f 1709/357/1638 1711/995/1639 1710/356/1640
f 1710/356/1640 1712/355/1641 1709/357/1638
f 1710/356/1640 1711/995/1639 1713/996/1642
f 1713/996/1642 1714/348/1643 1710/356/1640
f 1712/355/1641 1710/356/1640 1714/348/1643
f 1714/348/1643 1715/351/1644 1712/355/1641
f 1716/350/1645 1715/351/1644 1714/348/1643
f 1714/348/1643 1717/349/1646 1716/350/1645
f 1718/997/1647 1717/349/1646 1714/348/1643
f 1714/348/1643 1713/996/1642 1718/997/1647
f 1719/348/1648 1721/996/1649 1720/997/1650
f 1720/997/1650 1722/349/1651 1719/348/1648
f 1723/350/1652 1719/348/1648 1722/349/1651
f 1724/351/1653 1719/348/1648 1723/350/1652
f 1723/350/1652 1725/352/1654 1724/351/1653
f 1726/353/1655 1724/351/1653 1725/352/1654
f 1724/351/1653 1726/353/1655 1727/354/1656
f 1727/354/1656 1728/355/1657 1724/351/1653
f 1719/348/1648 1724/351/1653 1728/355/1657
f 1729/357/1658 1728/355/1657 1727/354/1656
f 1719/348/1648 1728/355/1657 1730/356/1659
f 1730/356/1659 1721/996/1649 1719/348/1648
f 1729/357/1658 1730/356/1659 1728/355/1657
f 1731/995/1660 1721/996/1649 1730/356/1659
f 1730/356/1659 1729/357/1658 1731/995/1660
